sgRNA_00001,GTGCGCAGGCGACAGGGACA
sgRNA_00002,GGGGCCAAGGCGCAGGTAAA
sgRNA_00003,GCCCGCGTGCGCAGGCGACA
sgRNA_00004,GACAGGGACAAGGGGACGTC
sgRNA_00005,GGGCCGCCGCGTCACGTGGA
sgRNA_00006,GGGGCCTAAGAAGGTTGCTA
sgRNA_00007,GCTCAAGTCCTCTGCCTCTA
sgRNA_00008,GTCCAGTCTCAGTGCCATAG
sgRNA_00009,GTAAAACCCGTGTCAGGCTA
sgRNA_00010,GGAGATCTCGGGCATGTGAC
sgRNA_00011,GCACAGTGACAGGAGAAGAG
sgRNA_00012,GGAAGGCTGCACCTGGATCC
sgRNA_00013,GAACCAAGTCAGGCGGTGGG
sgRNA_00014,GAGAAGCCTGCTCCCTAAGG
sgRNA_00015,GAAGGAACCAAGTCAGGCGG
sgRNA_00016,GAAGAGAAGGGGATGCACTG
sgRNA_00017,GGGTGTTGACATGGAGGTTA
sgRNA_00018,GAAAGCAAAGGGGTAAGATG
sgRNA_00019,GGGGACGAGTCTGAACCTAC
sgRNA_00020,GAAGACTCGGGAGAAATATA
sgRNA_00021,GAACAGCTGGAATGAGGAGT
sgRNA_00022,GGGCTCTCTAAGTAAAGAGG
sgRNA_00023,GCATTCCAGCTGTTCAGTCA
sgRNA_00024,GCAGTCAGGGAGGACTCAGG
sgRNA_00025,GAAAGGGTAGGCGTGGTAGA
sgRNA_00026,GTACCTGGATAGTACACAGT
sgRNA_00027,GCGAAACAGGAGATACTTCC
sgRNA_00028,GATGCCCAATCCCACCCACC
sgRNA_00029,GGCCCGGCAGCCAATCAGCC
sgRNA_00030,GTGGCTGCCGGGCCTTAGGG
sgRNA_00031,GAGGGACAGTAGAGTAAGGA
sgRNA_00032,GTAAAAGTGCTGGTACCTAA
sgRNA_00033,GGGAGTCAGAGGCGGTTCCG
sgRNA_00034,GTAAAGGATAATGTAAGAAA
sgRNA_00035,GGGGCGGGGAGGAGTGCCTA
sgRNA_00036,GCGGGCGCGGGGCGATCGAA
sgRNA_00037,GCGTGCGCAGAGCGTCCCCC
sgRNA_00038,GCGAAAGGGTCGTTCCCCGG
sgRNA_00039,GACTCGGCCGGAAACGCGGC
sgRNA_00040,GGGGAAGCCAAAGTCCACGG
sgRNA_00041,GGACACCAGCCCCATTTCAG
sgRNA_00042,GTGTTTGAGCCCCTGAAATG
sgRNA_00043,GAGCCCGGGCAATGGTTGTC
sgRNA_00044,GGCCCAGACAACCATTGCCC
sgRNA_00045,GTCAAGCGAAAGAAAGCCGA
sgRNA_00046,GTGTTTCGGGAGCAGAACAG
sgRNA_00047,GAATGCAGTGGAAGAGACCC
sgRNA_00048,GCACTCTAACACAACCATAT
sgRNA_00049,GCAAAACTCTCTAATCTGGG
sgRNA_00050,GCATTTGAGCAGTTGTTCTG
sgRNA_00051,GAGGAGATGAAGCAGACTCA
sgRNA_00052,GCAGACTCATGGTAAGTACT
sgRNA_00053,GGCAGGACTAGGGAGGGCAA
sgRNA_00054,GAGGGTCTGTAACCAGGGGA
sgRNA_00055,GATAGAGGAGGGAGTAAAGC
sgRNA_00056,GGCGGGAGACATTGATGCTA
sgRNA_00057,GAAGGTGGTGAGGTTTTTGG
sgRNA_00058,GCCTCCTGCAATGCTCAAAC
sgRNA_00059,GCCGGCAGGGGTGGGACGAC
sgRNA_00060,GCGGGTCCCGCCCCGAGAGA
sgRNA_00061,GTGCCTGTAGAGGTTCTAAT
sgRNA_00062,GGGGCCCGCCTCGCCAGCGT
sgRNA_00063,GTGCTCCAGCATCAATGTAG
sgRNA_00064,GACGCCCGCCCGCAGTCCGG
sgRNA_00065,GGAGGCGGGCCCCAGGCAGG
sgRNA_00066,GAGGCGCTGCAGGACCAAGT
sgRNA_00067,GAGAGCTGGCGGCCCCTGGT
sgRNA_00068,GAAGAGCGGGATCGAGAGTA
sgRNA_00069,GCACGCTGGCCAATGAAGAG
sgRNA_00070,GGGCCAGCGTGTCCTGTGGG
sgRNA_00071,GTCCAGCAAGCCCTTGGGTT
sgRNA_00072,GGAATCGGTGCCTAACCCAA
sgRNA_00073,GTAGGCTATCCATGGAGCAG
sgRNA_00074,GGGACTCCGCCTCTGCTCCA
sgRNA_00075,GGCTATCCATGGAGCAGAGG
sgRNA_00076,GCCCGCGCGAACAACACCTC
sgRNA_00077,GGGCGGGGCGCGGAGAGGAA
sgRNA_00078,GCGAACAACACCTCGGGGCG
sgRNA_00079,GAGCTCGCGGACCGACCGAA
sgRNA_00080,GCGGAGCTGCGCGGCCACTC
sgRNA_00081,GCAGGCACAGATCCAGTAAT
sgRNA_00082,GCCTGGGACGGGTGCAATTT
sgRNA_00083,GTGACTGTCTGAACTCGAAA
sgRNA_00084,GGAAGCGTAGGTTTTATGCG
sgRNA_00085,GGGGCTGTCTGGTGGTAAGT
sgRNA_00086,GAATCTCTGAAGCGTCCCAG
sgRNA_00087,GTCTGAAGCGTCCCAGGGGC
sgRNA_00088,GTACCCAGGAGGCAGCAGTG
sgRNA_00089,GACCCCCACTGCTGCCTCCT
sgRNA_00090,GGGGGTGGTAACGAGAGATC
sgRNA_00091,GGGGAGGGGCCTGAAATCTA
sgRNA_00092,GGAGCGTGTCGGTGCAGGAG
sgRNA_00093,GAGGGACCATCATGGAGTTG
sgRNA_00094,GCGGGGCGGAGCCTTTTCAG
sgRNA_00095,GAGCGGGCCCTGAGCTTTCG
sgRNA_00096,GCTGACACGCCTCACCCCGC
sgRNA_00097,GGGGTGAGGCGTGTCAGCGC
sgRNA_00098,GAGCGAGACCTGAGTGTGGA
sgRNA_00099,GGGAGTGCACGCGGAGCTCT
sgRNA_00100,GTGAGAGTGTCCTGGACGTG
sgRNA_00101,GCAGAGCTGGCTTGGGGTAA
sgRNA_00102,GGGGAAATCAGCTAGAGCGG
sgRNA_00103,GCTGGCTTGGGGTAAGGGAT
sgRNA_00104,GCAGGCGAAGGTCACTAGGC
sgRNA_00105,GTTAACCAGAGCTCAGGCGA
sgRNA_00106,GTAGGTGGACACAGAGACAA
sgRNA_00107,GTCAGGAGGCCCATGGCGGT
sgRNA_00108,GGAGGCAGACGCACGGGTAG
sgRNA_00109,GAGGTTTAACCGGTTGGGGA
sgRNA_00110,GTAGGCCCAAGGCTCGTCAC
sgRNA_00111,GACGCGGGGTGACAGTTGTA
sgRNA_00112,GCGCCCCCGCGGGGTTCCGA
sgRNA_00113,GGAGGCGCTGGTGGGGACGC
sgRNA_00114,GCACCCTCGGAACCCCGCGG
sgRNA_00115,GGACTGGGATACTGTGAAAA
sgRNA_00116,GTTAAGTTAGAGTGGTGCTG
sgRNA_00117,GGGCTGGTCCGTGACGTCAC
sgRNA_00118,GAAAACCCAGCTGACGCGGG
sgRNA_00119,GAACCTCCCGCCTCCACCCA
sgRNA_00120,GGATCGAGCCCTGATTACGC
sgRNA_00121,GGGAACAGCCAGTGGAGTCC
sgRNA_00122,GACAGGGGCAGGGTGGTCGG
sgRNA_00123,GATGAGGCTCAGATGGGGAC
sgRNA_00124,GGCTGATCCAAGCTGTGTCT
sgRNA_00125,GCACGTGAACGATTTGGTAG
sgRNA_00126,GCCCCTCCAGGATCACTGTT
sgRNA_00127,GTGCCAGATCTGGAAGGCGG
sgRNA_00128,GCGGTGCCAGATCTGGAAGG
sgRNA_00129,GGAGAGGCGCAGTGGTGTAG
sgRNA_00130,GGGGACTCCAGGCGACACTA
sgRNA_00131,GCGGGCGCGGCCATGTGATG
sgRNA_00132,GTGGGCAGGCGGGGACCAGG
sgRNA_00133,GTGCCCACCTCTGGCCAGCC
sgRNA_00134,GCCGCCGCCCCGCGAAGGGA
sgRNA_00135,GGTCCCCGCCTGCCCACCTC
sgRNA_00136,GAGGGAGGGCGGCGAAGGAG
sgRNA_00137,GTGAAGGAGAGTTCCAACTT
sgRNA_00138,GAGCGGGGACCGGATCCGGA
sgRNA_00139,GAGCGACAGGGCTCTGCGTT
sgRNA_00140,GTATCCTCAAGTGGTGACTC
sgRNA_00141,GTGCGCTCGGGACTGGTCAG
sgRNA_00142,GAGAGGGGCGGGCCCGACTA
sgRNA_00143,GGGGCGGGCCCGACTAGGGA
sgRNA_00144,GTGCGGCCTCAGCTTCTCGG
sgRNA_00145,GCGAGGGCGCGCCCTTTCCC
sgRNA_00146,GTCCGTGCGCCCTTCCTAGG
sgRNA_00147,GGAGGCGAGAGGCTCCTCCC
sgRNA_00148,GCCCTCCCCCGGGTGGAGAG
sgRNA_00149,GCGGGCAGAGCGGAGGGAAA
sgRNA_00150,GGAGTCGCGGCCAACTGGAC
sgRNA_00151,GCTAGGATCTGGGTCGGAGA
sgRNA_00152,GGGAGAGGGCGGAGCGTCGA
sgRNA_00153,GGGGAAATCCCAGAGGCGAC
sgRNA_00154,GGAAGCCGTAAGCTAGGATC
sgRNA_00155,GCCGCCCTCTCCACCGGAGG
sgRNA_00156,GTCTGAGCCCAGGAGGTCCT
sgRNA_00157,GGACCTCCTGGGCTCAGAAA
sgRNA_00158,GACCAGCCAGTCTTTTGTAT
sgRNA_00159,GCTACACTTCTGGGTAACAG
sgRNA_00160,GACAACAGGAAGCTGTACCC
sgRNA_00161,GGGGAGGCGGCCGCCAGAGG
sgRNA_00162,GAGGCCCTGCCCCTCCTCCG
sgRNA_00163,GCCCGGGAGGCCACGGCTAA
sgRNA_00164,GTGACCTTGGCCACGGAGGA
sgRNA_00165,GACGGCTAACGGATATGACG
sgRNA_00166,GGGCCTGCAGACAGAAGCTA
sgRNA_00167,GCCGAACGCGATGTGGATTT
sgRNA_00168,GCCGCACGCAGCAAGCACCT
sgRNA_00169,GCGTGTGCAGGAGCCAGCGA
sgRNA_00170,GCCGCCCGGGTGCGGAAGAA
sgRNA_00171,GCGAGCGCTGCGCCTGAGGG
sgRNA_00172,GCGTGAGGGCCGGGGAAAGT
sgRNA_00173,GTCAAACTTGCGAGAGCTGG
sgRNA_00174,GAGGGGAGGCGGCTGTTGGG
sgRNA_00175,GCGCGGTGGGGTTTCGGGAG
sgRNA_00176,GGCGATCAGGGATACCCCGA
sgRNA_00177,GCCACCGATACCCATTGGGG
sgRNA_00178,GAAGCCCTCGGAAGCCCTCG
sgRNA_00179,GATACCCCGAGGGCTTCCGA
sgRNA_00180,GTGGCGCGGCGGAGCAGGGA
sgRNA_00181,GAGGGAGCGAGCGCGACCCT
sgRNA_00182,GGCCGAGCGGCGAGCTGAGG
sgRNA_00183,GAGGGGGGCTGCTGGCGAGG
sgRNA_00184,GGGGGAGGGAGCAGGCCGAG
sgRNA_00185,GGGAACGGACTGTCCGGGAG
sgRNA_00186,GGGCCTGGAAGCTGGACGGA
sgRNA_00187,GGATGCTGGGATGTATGGAT
sgRNA_00188,GGGGAAGATGCTGGGATGTA
sgRNA_00189,GGGAAGCTGGACGGACGGGG
sgRNA_00190,GTCCCCCTCCCCCTCCGAAA
sgRNA_00191,GCGGGGCGGGGTGATGTAAC
sgRNA_00192,GCCCGCCTGCACTTAGTGTT
sgRNA_00193,GAGAACTCAGTCTAGGTGAA
sgRNA_00194,GGCTCTTGTCAGAGTGAGAA
sgRNA_00195,GTTCTCAAATAGCTTACCCC
sgRNA_00196,GGCCGAGGGGCGGTGGAGGA
sgRNA_00197,GGGGTAAGAGCCTCGGGCGT
sgRNA_00198,GAGGACCTGCAGATCCCCCT
sgRNA_00199,GGAGGAGCCGGTCGCCGGTC
sgRNA_00200,GTCGCCGGTCCGGGTGAGAA
sgRNA_00201,GGGGCCTGCGCTACGAGACG
sgRNA_00202,GACGAGACGGGGCTCAGTCG
sgRNA_00203,GCGGGGCCCTAGGCTTGCCC
sgRNA_00204,GGAGCCCCGTCTCGTAGCGC
sgRNA_00205,GGGCGCAAGTCGGCCGGAGG
sgRNA_00206,GGCGAAGCAGCGCGGTCGTA
sgRNA_00207,GTCCGTACGGCGAAGTGATG
sgRNA_00208,GCCTGAGAGCGCGGCGTTGA
sgRNA_00209,GGAGCGGAGCCCAGTGGACC
sgRNA_00210,GCGGGGCGAAGGAACTCGGT
sgRNA_00211,GTGGACGCCTGTAGAGTCTG
sgRNA_00212,GGACTGTAGGTAAAAGGGGC
sgRNA_00213,GAGGGGACTGTAGGTAAAAG
sgRNA_00214,GGCCGGCCTGGAGAGTCTGA
sgRNA_00215,GTAGGTAAAAGGGGCCGGCC
sgRNA_00216,GCCAAGAGGGCAGTTAGGAG
sgRNA_00217,GAGTGAGCCGGCTGGGTTGT
sgRNA_00218,GCCTTTGCCCACAACCCAGC
sgRNA_00219,GTACAGCGAGTGAGCCGGCT
sgRNA_00220,GATGGGGTCGGGTTCAGTCT
sgRNA_00221,GGAAGCCTTCGGCCCCTCTA
sgRNA_00222,GCCGGCGTGGGAATGAATAT
sgRNA_00223,GGGAACCTTAGAGGGGCCGA
sgRNA_00224,GGACGCTCTGGGAACCTTAG
sgRNA_00225,GGGCCGAAGGCTTCCGGCGT
sgRNA_00226,GCGGTGGGACGCTGAAGAAT
sgRNA_00227,GACACCCGCGGCCGAATCGG
sgRNA_00228,GCCCTCCCCCGATTCGGCCG
sgRNA_00229,GTGCGCGGAAGCCAGCGACG
sgRNA_00230,GCGGAAGCCAGCGACGCGGT
sgRNA_00231,GGCGACAGCGGGATGGGAAG
sgRNA_00232,GGGGTCTCCTGATCTGGATT
sgRNA_00233,GGGCGCGCCTAGATGCCTGC
sgRNA_00234,GCCAGATCAGGAGACCCAAT
sgRNA_00235,GAGGCGGGACATGGGGAAGA
sgRNA_00236,GAGCCAGGCCAGAGGGGCTA
sgRNA_00237,GGGTGGCGCTGGGACTGGGG
sgRNA_00238,GGCACCTGCCCGTCCGTCGG
sgRNA_00239,GTCCCGCGGGAAGTTGCGCT
sgRNA_00240,GGGTCCGTTGGGGTCGCAAA
sgRNA_00241,GGAGGGTAGTACCTGAGCTG
sgRNA_00242,GGTGACCCACGCTTCCTCTG
sgRNA_00243,GCCTCAAGGCCACCGGGCAA
sgRNA_00244,GGAGGCCACAGAGGAAGCGT
sgRNA_00245,GACTACCCTCCCTTGCCCGG
sgRNA_00246,GGAAGCTGGGAAGTCTTCTA
sgRNA_00247,GGAGTCTAGCAGAAGTTCTT
sgRNA_00248,GGTCGAAGGAAAGTGGTGTC
sgRNA_00249,GTGGCAGCCAAGGAACTGCA
sgRNA_00250,GGGGGCCTGCCTGTAGAAGG
sgRNA_00251,GCTGGCTCCAGGGACATGAC
sgRNA_00252,GTGCGTGCAGGCAAAGCATG
sgRNA_00253,GGCAGGCAAAGCATGCGGAG
sgRNA_00254,GGGAGCATTGCTTGCTAATC
sgRNA_00255,GAAAGCATGCGGAGAGGTTG
sgRNA_00256,GAGCTCGGCGGCGGGAAGGT
sgRNA_00257,GCGCTGCGGGAGCTCGGCGG
sgRNA_00258,GCGGTCGCGAGGCGCGAGGG
sgRNA_00259,GCACCGCAGTGCAGCGCGGA
sgRNA_00260,GCGGGAGCTCGGCGGCGGGA
sgRNA_00261,GCCGGGGCGCGGGTCCCCGG
sgRNA_00262,GTAGGATGGGGCAGCAATGA
sgRNA_00263,GTACCGGTCGCCGGGGTCCC
sgRNA_00264,GGACGCCCAACGCGCCGAGG
sgRNA_00265,GGGGCCCGGGCCGGAGCGTG
sgRNA_00266,GAGCATGCGAACTGCCCGAA
sgRNA_00267,GACTGCTCCTCAAGTCCGAG
sgRNA_00268,GCGGGCAGTTCGCATGCTAA
sgRNA_00269,GTGCTGGCGCCATTTCTCGG
sgRNA_00270,GGTCCCGCCCCCTCGAGCTG
sgRNA_00271,GGAGCCTGGGCTGGACTCGG
sgRNA_00272,GGCTACCCCTGGCGTTCGTG
sgRNA_00273,GCGAACGCCAGGGGTAGCGC
sgRNA_00274,GGAGTGCGAAGGCCGAGCCT
sgRNA_00275,GCGGAGCTGCTGCGTCACCC
sgRNA_00276,GAGGAGGAGCGGCTGGGCTA
sgRNA_00277,GCCCCAAGGCCAAACCCTAC
sgRNA_00278,GCCGCCCCTCCCACCCGGTA
sgRNA_00279,GAAACCCTACCGGGTGGGAG
sgRNA_00280,GCGCCCAGGTGCGGCCCCCA
sgRNA_00281,GAAGGGACACTCACCTGAAC
sgRNA_00282,GGGGTAGGGGCCAAGACTTC
sgRNA_00283,GCGACCCAGGCGCACCTGTA
sgRNA_00284,GCAGGCGCACCTGTATGGAA
sgRNA_00285,GGCAACTTGGGCGGGACCAG
sgRNA_00286,GGGTGCGGGGCGGCCTCGGA
sgRNA_00287,GGAGAAAGAGGGACCCACGA
sgRNA_00288,GGGCCGCCCCGCACCCTCGT
sgRNA_00289,GCGGAGCGAAGGTTGCGGAG
sgRNA_00290,GGACCCACGAGGGTGCGGGG
sgRNA_00291,GTTCTGCCCCAGCAAAGGGT
sgRNA_00292,GGGGGCAGAAACTTATAACG
sgRNA_00293,GAGGTAGCCACGTTCCAAGT
sgRNA_00294,GCACGTTCCAAGTTGGGATA
sgRNA_00295,GGGTAGGCTACTAATGTGCA
sgRNA_00296,GGGAGCCCTCCCTGGCCGGT
sgRNA_00297,GTGTCTCCGCCCACCGGCCA
sgRNA_00298,GTGGGCTTTAACTGAGACTG
sgRNA_00299,GAAGGCAAGTAGGGTCCCCA
sgRNA_00300,GACAGCTGTGGAGCCCTCCC
sgRNA_00301,GCTCTCTGAGTGCTCAAATA
sgRNA_00302,GGAGTCGCAGAGATCTCTCT
sgRNA_00303,GAAAGAGACGTGTGTCTGTT
sgRNA_00304,GTCTGAGTGCTCAAATAAGG
sgRNA_00305,GCGGCAGCCACCCATCCTCG
sgRNA_00306,GAGAGCAGGGCGCTAAAGAA
sgRNA_00307,GAAACAGTGCAGCCTGGGGA
sgRNA_00308,GAAGGCCCTGAGCCTGGAAC
sgRNA_00309,GGCAGCTGTAGGCCATCCCC
sgRNA_00310,GCAGCCCCAGGCCCAGTTCC
sgRNA_00311,GTTGGGAAGAAGGGTTCTCA
sgRNA_00312,GAGACGGAGTTACCAGAGAT
sgRNA_00313,GGGGGACAGACAGGAAACTG
sgRNA_00314,GCCCAAGAGCAGGAGTGTAA
sgRNA_00315,GCAAGCTATAGGGAAGGCCA
sgRNA_00316,GAACACCACGCGCCGGGCTG
sgRNA_00317,GGGGCCCTGTGCCCAGAACC
sgRNA_00318,GCACGCGCCGGGCTGTGGTG
sgRNA_00319,GAAACTGGGCACAGACCACA
sgRNA_00320,GGAGGGCGGTGCCTCAAACT
sgRNA_00321,GGCGGGGTCAGCAGGTTCTC
sgRNA_00322,GGAACCTGCTGACCCCGCGA
sgRNA_00323,GCGGGGGCGCACGGTAGCTG
sgRNA_00324,GGAACTGCTTGGCCACATAG
sgRNA_00325,GGCGGAGTGGCTATCTCCTG
sgRNA_00326,GACAAAGGAAGGAGACTCAA
sgRNA_00327,GGCGCGCTCCACAAGCGCGG
sgRNA_00328,GGCGCAGCGCGGTCACGCCC
sgRNA_00329,GCGAGAGCGCGGATGCCCGT
sgRNA_00330,GGCCTCCTGGGGAAAAACCG
sgRNA_00331,GGCCTCGTGGGGCACAGCAC
sgRNA_00332,GCGTGAGCAGTGGAGGATGA
sgRNA_00333,GGCCTGTGAAGATCAGACTA
sgRNA_00334,GTTACAAACCCAGGCAGCGA
sgRNA_00335,GCCACGAGGCAGCTTAGTGT
sgRNA_00336,GAGCCCTGGAGATACTCTGA
sgRNA_00337,GGGCCCGGAGCAGATTGTGT
sgRNA_00338,GAAAGCCAAGGTAGGGGTCA
sgRNA_00339,GGGAGGGCAGGCTGGGTCGG
sgRNA_00340,GGTAGAGCTGCCCCAGGCAT
sgRNA_00341,GGCCCCGCGGACGAAGTAAT
sgRNA_00342,GCCCAAGAATAGCAATGAGT
sgRNA_00343,GCAGCCCGGGCTGCAAGAGA
sgRNA_00344,GAATAGGGCGGTGCAGACTA
sgRNA_00345,GCCCGGGCTGCAAGAGAGGG
sgRNA_00346,GTCCCTGTGCTATTCTGGTT
sgRNA_00347,GCCATGGGCAGTCCTATTAT
sgRNA_00348,GTGAGTTCCCTGTGCTATTC
sgRNA_00349,GGGGTCACTTGCTTGTGCGC
sgRNA_00350,GGCCTTATATGTAGTGTCCA
sgRNA_00351,GTCCCCAGAGAATCACTTCA
sgRNA_00352,GGAGAATCACTTCACGGAGA
sgRNA_00353,GTCCGTGAAGTGATTCTCTG
sgRNA_00354,GGGCAGCATGCCGAGAGATG
sgRNA_00355,GGACATGTGGTTCCCAGATG
sgRNA_00356,GCCGCCCGGGCTCACAGAAA
sgRNA_00357,GCGTCCCGGGAGGGTGAGGA
sgRNA_00358,GCTCACAGAAAGGGCGCGAA
sgRNA_00359,GGAGGGGTGATCGTCCCGGG
sgRNA_00360,GGCGAGAGGCGCTCACTGAT
sgRNA_00361,GGAGCGTGCGAACTACTCAC
sgRNA_00362,GGCTCTGCGGAGAACAAGGA
sgRNA_00363,GCGAACTACTCACCGGGTGA
sgRNA_00364,GGGCAGAGCAAGACAGGCGG
sgRNA_00365,GCGATCCTGCAAGAATAGAA
sgRNA_00366,GGAATCAAGACTAGGGAGAT
sgRNA_00367,GGGCCGAAGCAAGGGTGTCC
sgRNA_00368,GAACCTGGACACCCTTGCTT
sgRNA_00369,GTGGCTCCAGAGCCGAGGCC
sgRNA_00370,GCCTCTAAGAATCAAGACTA
sgRNA_00371,GTCGGAGCACCCACTTTCGT
sgRNA_00372,GTCTCCTGGCCCACGAAAGT
sgRNA_00373,GTATCCGCAGTCCCAGGCTG
sgRNA_00374,GGGGCCAGGAGAAATGTTCA
sgRNA_00375,GGTAGCCCGCTCCTCCGTTC
sgRNA_00376,GCCCCCTCGCACCCAGTCAC
sgRNA_00377,GTAAACAGGGCGCTCGGTGC
sgRNA_00378,GTCCCCGTGACTGGGTGCGA
sgRNA_00379,GCCCCACCCCGGCTCGTGAA
sgRNA_00380,GGGGCGGGAAGCTTGCGTTG
sgRNA_00381,GCTAGACTAACCAACTTCTC
sgRNA_00382,GTAGGAGCCTGTGGAGTCTA
sgRNA_00383,GAAGTTGGTTAGTCTAGGAT
sgRNA_00384,GCAAACTCTCCCGTACTCAC
sgRNA_00385,GCACTTGAGCCCGTGAGTAC
sgRNA_00386,GGACCCGGGTGGTTGTCCAC
sgRNA_00387,GGGACAACCACCCGGGTCTG
sgRNA_00388,GCATACGGGCTTGGCTGCGC
sgRNA_00389,GAGCCGGTGGACAACCACCC
sgRNA_00390,GGAGTCCCCGCTGCAGGCAG
sgRNA_00391,GGGCAAACGCCCAATGAGGA
sgRNA_00392,GATGACGGCATCGGTCTAGA
sgRNA_00393,GGGGTGGAAGCTCTAGCCAA
sgRNA_00394,GCTACCCGGGTACATCCTTC
sgRNA_00395,GTGACGCAGCGGCTGATGAT
sgRNA_00396,GAACAGAGGCGACCTGTTAA
sgRNA_00397,GAGGAGGGGGAAGTGACTTA
sgRNA_00398,GTTAGGGAATTCCCGGTTGG
sgRNA_00399,GAAGTGACTTAGGGAATTCC
sgRNA_00400,GTGAACACTAACGTCTGAGT
sgRNA_00401,GAGGGCGAGCTTCACGTGAC
sgRNA_00402,GCGAGCTTCACGTGACGGGG
sgRNA_00403,GCTGGCAACCCCACGTGCTG
sgRNA_00404,GGGGCGCCGAACTGAAGATG
sgRNA_00405,GCCGCCTCCAGGTCGCCCAT
sgRNA_00406,GGACAGGGAGCCCAGTCTGA
sgRNA_00407,GTGCTAGGATCTGGGCCAAG
sgRNA_00408,GGGCCCAACCCCAGAGGGTG
sgRNA_00409,GTGTCATTCCGCACCCTCTG
sgRNA_00410,GGGGACGTACGCCGAAGACC
sgRNA_00411,GGAGGCAGATTCAGCCTAGG
sgRNA_00412,GGGGAGGGGGCAATTACGAA
sgRNA_00413,GCCAGACTTGCAAGCCTCCT
sgRNA_00414,GGAGAGGGCGGGTGAGAGGA
sgRNA_00415,GGAAAATAGACCCATAGTCG
sgRNA_00416,GGAAGCGGAGAGATGCTCGT
sgRNA_00417,GCGCGCGCGCCCAGGAGTGG
sgRNA_00418,GCGTAAAGCGGTGAAAGGAT
sgRNA_00419,GCGCTCCTCCGGCTCCAGAT
sgRNA_00420,GGATCGCGCTATTCCCTCGG
sgRNA_00421,GCAAGGGGAGGGGCCGGTCG
sgRNA_00422,GAAAGTGTCTGTTCAAGGGG
sgRNA_00423,GCATGAAAGTGTCTGTTCAA
sgRNA_00424,GCGAGCTGATGGGAAATTCT
sgRNA_00425,GTCTGAGCAGAAGAGGCTTA
sgRNA_00426,GAGGCGGAGCGAGGTGGCGT
sgRNA_00427,GGGAATCATTGCCACGTGGG
sgRNA_00428,GCCTCATGCCGGACAGGCTG
sgRNA_00429,GAAACAAGGCCTGAAAGGAT
sgRNA_00430,GAAAAGCGGAGGCGCCTCTG
sgRNA_00431,GTCCCCACGGGGATCTCTAA
sgRNA_00432,GCGGGAGGGAAGCCAGGACG
sgRNA_00433,GAGGGAAGCCAGGACGAGGT
sgRNA_00434,GACGCCCAGACTCCGAGCGA
sgRNA_00435,GCGGGGATCTCTAAAGGGAG
sgRNA_00436,GAAAGGGCATCGCACTTAAA
sgRNA_00437,GACTGCAACCCCCCTCAAGG
sgRNA_00438,GAACCCCCCTCAAGGAGGAC
sgRNA_00439,GAGAGGTGTGGCACATTCTC
sgRNA_00440,GAGAACTGCAACCCCCCTCA
sgRNA_00441,GACACCCTGACTAGAGGGCG
sgRNA_00442,GCAGAGGGAAGTTGGGGTTG
sgRNA_00443,GGACTGACACCCTGACTAGA
sgRNA_00444,GAGAGGGCGGGGAAGCCAGA
sgRNA_00445,GTCACCGAAACCACGCCCTC
sgRNA_00446,GTATCAGGGAGGGTGGGTGT
sgRNA_00447,GCAACAACCAGAATCTTCTA
sgRNA_00448,GTTATTGCTTACATCTTATG
sgRNA_00449,GGTTCTCTTTAAAGAGGAAA
sgRNA_00450,GATTGTTGTTCTCTTTAAAG
sgRNA_00451,GCACCCGGGAGTGGGCACGA
sgRNA_00452,GGGGCCCGCCCCCTTCCTTC
sgRNA_00453,GCACGAGGGAGCCTGAAGGA
sgRNA_00454,GAACCACAGTTGGTGTGGTG
sgRNA_00455,GGGGCCGCACCCTGTTCTCC
sgRNA_00456,GACCCTCTTGGCCAAGCTGT
sgRNA_00457,GCTGGCGGGGCACGCTTGGG
sgRNA_00458,GGGGCTGGCGGGGCACGCTT
sgRNA_00459,GGCCCCCTCCCGTGCGAGGC
sgRNA_00460,GTCCCCCGGAGATGGTTAAG
sgRNA_00461,GGGTGCCAGCAGACTGTCAA
sgRNA_00462,GGCACCAGGGAACAGCGAGG
sgRNA_00463,GTGCCTGAGTCTGAGATCTT
sgRNA_00464,GCGGTGGCCCGGACTGTCGC
sgRNA_00465,GGGTCCGCCTCGCTGTTCCC
sgRNA_00466,GCCCCGGGAGGCGCGCGCAA
sgRNA_00467,GAATGGGGAAGCAAGGGCTG
sgRNA_00468,GCTCGAGGACGCAGCGTTGA
sgRNA_00469,GGCTGAAAGCTTTTCTGTTT
sgRNA_00470,GGCCTCCCGGGGGTGCAGCC
sgRNA_00471,GTACTCCGGCGAGTTACCTG
sgRNA_00472,GCGGGCCGCAGGTAACTCGC
sgRNA_00473,GCCGGAGAGGCCACGTGATC
sgRNA_00474,GCGCCGGAGTAGGCAGGGAT
sgRNA_00475,GACGGCCCAGGGAACCCCGC
sgRNA_00476,GGAAGAGCAGGAGATCTTGG
sgRNA_00477,GGGACCGAGGAGCCCGGTGG
sgRNA_00478,GCGGCTCTGCGCGTCTCTGG
sgRNA_00479,GGGCCAGCGCCAGGCGGGGT
sgRNA_00480,GCCTGCCGGGAGGCCCCCAG
sgRNA_00481,GCACCCAGGCTGGTCATCCA
sgRNA_00482,GAAACTCCGAGACCCCGAAA
sgRNA_00483,GGGGTCTCGGAGTTTCCTAC
sgRNA_00484,GTGCGGAGACCCAGGCTCCC
sgRNA_00485,GGCAGGGGTGTGGACTGATC
sgRNA_00486,GGCTCCGCGGGCGGTCGCGC
sgRNA_00487,GCCCCTGCTGCTCTCGGCCG
sgRNA_00488,GTGAGAAGCGCGGTGGGGGG
sgRNA_00489,GGGAAACAATCTGGAAACTA
sgRNA_00490,GGCGCCGTCGCCCGCACCTC
sgRNA_00491,GAAGGAAAGTGGGGACAAAG
sgRNA_00492,GGGGCAGAGCCGGCAGCAAA
sgRNA_00493,GAGCAAAGGGATTGGGAGTT
sgRNA_00494,GGAGAGGATTGATGACAAGG
sgRNA_00495,GGAGCCGGCAGCAAAGGGAT
sgRNA_00496,GCGTGCCGTGCTCAGAGAGG
sgRNA_00497,GCTGTCGCGCGAAGGCTGAA
sgRNA_00498,GGTGCTGAACGAGCGATCTG
sgRNA_00499,GCGTTCCGGGGAATGTGCGT
sgRNA_00500,GCTGAAGGGAGTGTGGCCGT
sgRNA_00501,GACCCAGTCGGTGGTCGTAC
sgRNA_00502,GCTCCTGCTGGTCCTCCCGG
sgRNA_00503,GAACAAGGGCATTACGACAT
sgRNA_00504,GCTAAGGCGGGAGTTTGGGC
sgRNA_00505,GGGTGAGCTACCCCCGTCCG
sgRNA_00506,GCACCCCAGCCGGGCTAAGT
sgRNA_00507,GAGGGACCGCCGCCTCTGCA
sgRNA_00508,GGGGGTGCAGAGTGTCGGCG
sgRNA_00509,GGGGTGCTGGAGGCGTAAAG
sgRNA_00510,GGGCCAGAGACGCAGGGCGT
sgRNA_00511,GTGTGCCTGCAGCACCTCAT
sgRNA_00512,GGGGGACGACCGCAGAGTAG
sgRNA_00513,GCCACTCATAGTTCACTTAA
sgRNA_00514,GGATTCTCACTGCACAGCGT
sgRNA_00515,GCCTGACTTCAGCTTCCAAG
sgRNA_00516,GTGTGTAGACACATCGGATG
sgRNA_00517,GGGATGGGGACCACATAGTT
sgRNA_00518,GCCAAGATGCTAGACTAAGG
sgRNA_00519,GCCCTGCTCAAGCTGCCCTC
sgRNA_00520,GGAAAGGTTGGCAGATCTGT
sgRNA_00521,GGGCCCGCGCCGGCACAATG
sgRNA_00522,GGGGAGGCACTCAATACTGT
sgRNA_00523,GTCCGGCCGCGCCCCGAGGG
sgRNA_00524,GGGCGGGCGCCCAGACGGAG
sgRNA_00525,GACCCTGAGCCGCCAGAAGG
sgRNA_00526,GAGGAGGGAGATGCGATCCC
sgRNA_00527,GGTCCCGGGGGCAGCTTCTG
sgRNA_00528,GCGGTCGCAGCCAGCGTCCC
sgRNA_00529,GGAGATGCGATCCCGGGAGT
sgRNA_00530,GGGGTGAGGGGAAGCTTCGC
sgRNA_00531,GGGGTGGAATCCAATGGCTG
sgRNA_00532,GAGTCCTGGAGGGAAGGTAC
sgRNA_00533,GAGAAAGATCGCTGCTGGAT
sgRNA_00534,GCCTCCCAGCCACACCCCTC
sgRNA_00535,GGGTACTGGGTGGAATCCAA
sgRNA_00536,GGGCGCCGGGCGGTCCCAGA
sgRNA_00537,GAAGAGGCGTGGTCAGGCGG
sgRNA_00538,GGGGCGGAGCAGGCGAGGCA
sgRNA_00539,GCCCCTGGCCGCCGGGGAAG
sgRNA_00540,GGATCCGAAGAGGCGTGGTC
sgRNA_00541,GAACCTGCGGACAGGGTGTG
sgRNA_00542,GCGAAAGAAACCTGCGGACA
sgRNA_00543,GGCTCCGGTTGGCTGTACTC
sgRNA_00544,GGGCCGTTGGGTGCTCCGGT
sgRNA_00545,GAGCCAACCGGAGCACCCAA
sgRNA_00546,GCCGAGGTGCACCTGTGAGG
sgRNA_00547,GTCCCGCAGCACAGCTCTTT
sgRNA_00548,GGCGCGGCGGCTGGACTGGC
sgRNA_00549,GAGCCCTGGCCTGTCCTCCA
sgRNA_00550,GGCCTCGCGGCTAGGGAAAG
sgRNA_00551,GAACACTCTTAAGTACTGTT
sgRNA_00552,GCCTATGAGGGGCGGGCAGG
sgRNA_00553,GTACTTAAGAGTGTTCTAGG
sgRNA_00554,GGGACCTGACGTCATCCAGG
sgRNA_00555,GCCCGACTCGCCGTCTGGGG
sgRNA_00556,GGGGAGCGAGCGCACGGCTA
sgRNA_00557,GGGCGCAGGTTGTTTGTTTT
sgRNA_00558,GTCCCCCCAAGGCGTTCATC
sgRNA_00559,GGCGGGCGGGGCAGCCGCAC
sgRNA_00560,GGGCGCAGAAACCCACTCGG
sgRNA_00561,GAGAAACAGGCTAGCCCAGA
sgRNA_00562,GAAGGGGGCTGGTCTATCCT
sgRNA_00563,GTTAAAGGCGATAACCTCCA
sgRNA_00564,GGGAGCGGGAAAGCTGACCT
sgRNA_00565,GAATCTGGCTTCTTGGTAAG
sgRNA_00566,GCCCAAGCAGGACCATTGAT
sgRNA_00567,GGATCTGGAGGCTCCCGGAG
sgRNA_00568,GGTGCAGCGCTAATTAGGAG
sgRNA_00569,GCAGGCGCCCTGAGGACCAG
sgRNA_00570,GCGCCCCGCCCTGAGAGCTT
sgRNA_00571,GAAGGCCGCCTGAGGGTCGG
sgRNA_00572,GTGGAACTCGGGTCCCGCCG
sgRNA_00573,GCGCGTGCGCGCGTGGTCTC
sgRNA_00574,GACCCCGCTGGGGCTCAATA
sgRNA_00575,GCGGAGCTGCAGCATCCACC
sgRNA_00576,GGCAGGCTCGGCACTGCGGA
sgRNA_00577,GAGGAACCGCGTGGGGTTAG
sgRNA_00578,GAGAGGAAGAGGAACCGCGT
sgRNA_00579,GACGTCGGCAGGGGCGAGGC
sgRNA_00580,GCGGTCTCCCAGGGGTCCCG
sgRNA_00581,GCAGAGAAGTAGCTACAATC
sgRNA_00582,GCCGCCACGCTCACTTCCCC
sgRNA_00583,GGGCACAGCCTGCCACTTGA
sgRNA_00584,GCGCCAACACGTGACGGTGG
sgRNA_00585,GTGCCCCCACCGTCACGTGT
sgRNA_00586,GCAAACTCCTGGACACGTTG
sgRNA_00587,GCCCGCAGGGTCCGTGGCCT
sgRNA_00588,GCTGGGCGGGGCCGACTCCG
sgRNA_00589,GCGCGCCTGCACGAGCTGGG
sgRNA_00590,GGGCCCGGGAACAGCAAGCT
sgRNA_00591,GACCCGCAAGCTGGCCTCCT
sgRNA_00592,GCACGGCGAAGGTCCCCTGG
sgRNA_00593,GCGTCTGCCGGAGGGGTGCA
sgRNA_00594,GCGCAGAGAGGGCGCTGGTA
sgRNA_00595,GGCGAAGGTCCCCTGGGGGG
sgRNA_00596,GGCCACGGGCGGGGCTCTCC
sgRNA_00597,GCGGGCACCCAGAGCCGTCA
sgRNA_00598,GACCCCCAGCGCCACGGGCG
sgRNA_00599,GGCGACTCGGCGGGCCCTGA
sgRNA_00600,GTGAGCTCAAAGAGAGCTGG
sgRNA_00601,GGCGGCGGCTACAGAGGACG
sgRNA_00602,GCTACAGAGGACGCGGAGGA
sgRNA_00603,GGCGGCTACAGAGGACGCGG
sgRNA_00604,GGGGACTCGGGCAGTCCCTA
sgRNA_00605,GCGGCGGGGCGGGCAAGCTA
sgRNA_00606,GCCTCAGGGGCTCTGCCAAT
sgRNA_00607,GTGGCAGAGCCCCTGAGGGG
sgRNA_00608,GGGGAAACAAGGCCCCGTCA
sgRNA_00609,GGGGCTTCGATTGGTCGGAA
sgRNA_00610,GAGCCGCCGCGCCATTGGTC
sgRNA_00611,GAGCCGCGCTGCCTGGAGGA
sgRNA_00612,GGCTGCCTGGAGGACGGCGT
sgRNA_00613,GGCCACGCCCCGCATCCCGC
sgRNA_00614,GGCCCGGGGCGGAGCCTTGT
sgRNA_00615,GGTGGCGGGCAAGCCTTGGT
sgRNA_00616,GATAAAGATGAAGAACCGAA
sgRNA_00617,GCACGCCTAAGAGAAATTAC
sgRNA_00618,GCAGCTTCGAGGATTGTGTA
sgRNA_00619,GCCAAGGCACATGTGGAAGT
sgRNA_00620,GGTGCTTGACAGACCCACTG
sgRNA_00621,GCGGCCCGCGGGTGACCTCG
sgRNA_00622,GGGCGGCGGGGTTGGAAGAC
sgRNA_00623,GCTGACCCCGAGGTCACCCG
sgRNA_00624,GAGAGCCAGAAGCAGCTCCG
sgRNA_00625,GGTCAGCGGGGTCCCCTCCC
sgRNA_00626,GAGAAGGCTGCAAGAGCGAG
sgRNA_00627,GACCCTGAGGCTGGCTGGGC
sgRNA_00628,GAAGGGAAGAGGTCTCACAC
sgRNA_00629,GGCTGGGCTGGTTCTGCTGC
sgRNA_00630,GTGGGACCGGCAAACCGAGT
sgRNA_00631,GTGCCCCTGCCCGTCTGGGT
sgRNA_00632,GGGCGGAGAGGGGACCCCGC
sgRNA_00633,GAGGGGCTAGAAGCCGGGGT
sgRNA_00634,GCTCCCCTCTCCAACGGGAG
sgRNA_00635,GGGGGCACTACCGGGAAAGG
sgRNA_00636,GAGCCTGGGGGCGGACCGGA
sgRNA_00637,GGGTGCTCGGCGGTGCTCAG
sgRNA_00638,GGGGGCCACGCGGTGCTCGG
sgRNA_00639,GGAGCTCCATCTCACCAATC
sgRNA_00640,GGCGGCGGCCCCGACGGGTT
sgRNA_00641,GACCGCGCAGCTCGGCCCTC
sgRNA_00642,GGTACCGTGGGTCAAACCGA
sgRNA_00643,GACTGCGAAGTTTACCTGAG
sgRNA_00644,GGCAGAGGCGCGCTCAGGTA
sgRNA_00645,GGCGTGCCACCGCTCCACTC
sgRNA_00646,GGGGTGGAGACGAGGGAAAA
sgRNA_00647,GACAAACGTTGGGAAGGAAC
sgRNA_00648,GAAGAGATATGGTGTCTGTG
sgRNA_00649,GGAAGGAACGGGAGAACTAG
sgRNA_00650,GTCTGTGGGGAGATGTTTGT
sgRNA_00651,GCCAAGCAGAGTTAACTCTT
sgRNA_00652,GACACCAGGGAGTACTTCTG
sgRNA_00653,GAGGATGGGCTAAAGCAAGT
sgRNA_00654,GAACTCTTCGGCTGTCAATG
sgRNA_00655,GTTCGGCTGTCAATGAGGAT
sgRNA_00656,GGGGTCAGGCCGGAAATCTA
sgRNA_00657,GCAGTAGGATGTGAGACCAG
sgRNA_00658,GAATCCGCGAGGAACCGCCA
sgRNA_00659,GTGCTCGAGAAACGAGGGTC
sgRNA_00660,GACCGCCAGGGCCTGCCCGG
sgRNA_00661,GCGGGACTCCCGGTTGCTGA
sgRNA_00662,GCGGCTCTGTGTGCGCACTA
sgRNA_00663,GACCTGGAGCTGTGGAAGTG
sgRNA_00664,GAGAACTGTCCTGCTTTTAA
sgRNA_00665,GCTGTGGGAGGAGGTTTAAA
sgRNA_00666,GCAGCCAGTGGTGACGAGAT
sgRNA_00667,GGGCGAGCGCGAGAGTGAGA
sgRNA_00668,GGTCCCTCTACTCAAGTCCA
sgRNA_00669,GGTGCCTAGCTTATTCCGTG
sgRNA_00670,GGTGACCGTTGATCAGTTAG
sgRNA_00671,GGGGCTGCGCCAGGCGGGAA
sgRNA_00672,GAGCGCAACTGTCGCGGTAG
sgRNA_00673,GGGCACGGAAGGTTATATAG
sgRNA_00674,GGGGTGAAGTTCCGACTTCC
sgRNA_00675,GCTGCCACTGTGGTGCTCGG
sgRNA_00676,GAGGGGAAGGGATAAGGCCT
sgRNA_00677,GGCCCTGCAAATTGCAGCGT
sgRNA_00678,GTAAGTACTGCGTGTTTCTG
sgRNA_00679,GGGCCTACGCTGCAATTTGC
sgRNA_00680,GGCTCTAAGGCATTTATGAC
sgRNA_00681,GACCCCAAAGCCATGAAGGG
sgRNA_00682,GGGTGGGTGGCCCTTGTCCT
sgRNA_00683,GTGGGTGGTGGGTGATATAT
sgRNA_00684,GCCACTCAAAAACCAGTCTT
sgRNA_00685,GCCTGGGATGGCATGGGTGG
sgRNA_00686,GACAGGAGGAGCAAACTCGC
sgRNA_00687,GCCTCTAGGGGTCTTCACTC
sgRNA_00688,GCCCTCCCCCTGTTAGGAGA
sgRNA_00689,GAGATGGGAGAGGTCACGAA
sgRNA_00690,GTGTGGCCCGGGCTGGCTCA
sgRNA_00691,GGAGGCGCTCGGGGCATCTA
sgRNA_00692,GGAAAGACGCGGTCGCACGT
sgRNA_00693,GTGTACAACTAAGCGGGGAA
sgRNA_00694,GTGTACAGAGCTCCACGAGG
sgRNA_00695,GGCGCTCGGGGCATCTAAGG
sgRNA_00696,GCCTACTAGACCATCCCAAA
sgRNA_00697,GAGGGAAAGCACTTTACAGG
sgRNA_00698,GCCCGCCCCCTCGTCCCTTT
sgRNA_00699,GCCCCCTCGTCCCTTTGGGA
sgRNA_00700,GTGTTTGCTGGATTCGGTCT
sgRNA_00701,GCAGAAAGGGAAAGAGCGGA
sgRNA_00702,GCCCCCGGGACGCCCGAGTA
sgRNA_00703,GCCTCCCTACTCGGGCGTCC
sgRNA_00704,GCCTCCTCGCCAAGGCAGAA
sgRNA_00705,GGGTCCGCGCCTCCCTACTC
sgRNA_00706,GGGACCGCTCCCTCGGTGGC
sgRNA_00707,GCCTACGCCCCTGCCACCGA
sgRNA_00708,GCGTCCTGGGGACTTTGGGG
sgRNA_00709,GCCAAAGTCCCCAGGACGAT
sgRNA_00710,GGCAGGGTGAGGCCCACACA
sgRNA_00711,GCGGGGCTGGACATTCAGGA
sgRNA_00712,GAAGTCCTGGGGTGCGAAGG
sgRNA_00713,GCAGATCCGGGAGAAGTCCT
sgRNA_00714,GGAGAAGTCCTGGGGTGCGA
sgRNA_00715,GAGGATGCCTGGAGGCGAGA
sgRNA_00716,GGTACAGTGCCCGGGAAGGT
sgRNA_00717,GAGGTGGGGAGACTTAGTGC
sgRNA_00718,GTACACCTGACTTCCTTATA
sgRNA_00719,GAGGTGTACAGTGCCCGGGA
sgRNA_00720,GTAAGTCTCCCCACCTTCCC
sgRNA_00721,GGCAGGAGGCTCAACTGGAG
sgRNA_00722,GTTGCTGTGAGCTGCTTCTT
sgRNA_00723,GTGCCCGAGGATGAGTGGGG
sgRNA_00724,GCACAGCAAGCAGGACCCCG
sgRNA_00725,GCAGGAGCGAGGTAGTTGGC
sgRNA_00726,GCCTCCGGGTGGCCTGGCCA
sgRNA_00727,GGCTGCCCGCGCCCCCTACC
sgRNA_00728,GTGCTGACTGCACTGGGGAA
sgRNA_00729,GGCCAGCAGCTCCCGCCAAG
sgRNA_00730,GGTAGCGGGAGTTGGTCGGG
sgRNA_00731,GGTCCCCAGGGAGTTCGAGA
sgRNA_00732,GCCTGGGGACGCCACAGTCG
sgRNA_00733,GATCCCTCTCGAACTCCCTG
sgRNA_00734,GAGGAGCTCCCTCACCACGA
sgRNA_00735,GGGGAGTTCGAGAGGGATCA
sgRNA_00736,GCTGCCCCGCCTGTCGGCGT
sgRNA_00737,GTGGCGGGGCGGCCAGGCGC
sgRNA_00738,GGGGCGGCCAGGCGCGGGAC
sgRNA_00739,GTACGCAGGACCAGAGAGGG
sgRNA_00740,GTGTAAGCTGCCCCGCCTGT
sgRNA_00741,GCCAACCCAGGTCGCAGCGT
sgRNA_00742,GACCCTCGCAGCCTCTGATT
sgRNA_00743,GCAGAGGCTGCGAGGGTACC
sgRNA_00744,GAGTCTGGACAGCTTCGTGG
sgRNA_00745,GCCCAAGGGGTCGGATCCCA
sgRNA_00746,GAATCCGGGCGGTGCTGAGG
sgRNA_00747,GAGGCGTCAGGCAATCCGGG
sgRNA_00748,GGTGTGGAGTCTACAGGTGA
sgRNA_00749,GCGGCCTGCCACTCACGCGC
sgRNA_00750,GGACGGGGCGGCGCTGAGGA
sgRNA_00751,GGGCCCCCACCCCCTCTGAA
sgRNA_00752,GCCCACAAGCTGTCAGTGGG
sgRNA_00753,GAGGCCCACAAGCTGTCAGT
sgRNA_00754,GAGGAGTTGGCTCCGCTCAA
sgRNA_00755,GTCCACAGAACTCACTTGTA
sgRNA_00756,GTGCCTCTGGTAGAAATTTC
sgRNA_00757,GTACCAGAGGCACTTTTTAA
sgRNA_00758,GTATTGCCGTACAAAAGAGG
sgRNA_00759,GGAAATGTCTTGAGTGAAGC
sgRNA_00760,GAGAGATAACAAAAAGGACG
sgRNA_00761,GGACGAAGAGCCTTGGGCGG
sgRNA_00762,GAGGTGTGGGTGTCTCACGA
sgRNA_00763,GCAAGGCTCTTCGTCCACTC
sgRNA_00764,GGGGCAGAAGGCAGGCGGAC
sgRNA_00765,GAGCGCACACAGGTGGGGAC
sgRNA_00766,GCGCCCCGCCCCAACCGAAG
sgRNA_00767,GCTAAGGCCCGGCCTCCAAG
sgRNA_00768,GCGGAAGCGGCGCTTGAGGT
sgRNA_00769,GGCGCATGGGCAGGAGAGAA
sgRNA_00770,GAGGCCGGGCCTTAGGTCAG
sgRNA_00771,GGGGCCGTGGCGACTCCAGA
sgRNA_00772,GTCCCGTGAGGCGCCCGGAA
sgRNA_00773,GCCCCCGCGCCTCAGCGCCC
sgRNA_00774,GTGGAGGCCGCCTGAGGCCC
sgRNA_00775,GTCAGCGCCCGGGCCTCAGG
sgRNA_00776,GCCGCCGCGCTCCCATTCGC
sgRNA_00777,GGGACGGTCGCACCGAGCTG
sgRNA_00778,GGAACCCAAAGATCGGGGTC
sgRNA_00779,GGGCGCCGAGCTGGTCCAAC
sgRNA_00780,GAGTGCCAGGGAGTCGGGGA
sgRNA_00781,GGGTCTGGCCGGGGTCGGAA
sgRNA_00782,GGCCGGGGTCGGAAGGGTTA
sgRNA_00783,GAGGCAGGCCCGGCATGCTG
sgRNA_00784,GAAAAGCAAGGGGTCTCAGT
sgRNA_00785,GGGGATCGAAGCCACCACCT
sgRNA_00786,GCAGCCCTCTAGACACCTAA
sgRNA_00787,GAGGACAGGACTAGGCAAGT
sgRNA_00788,GGCAAGTGGGTTGGTCTTGG
sgRNA_00789,GCTGCCCTTAGGTGTCTAGA
sgRNA_00790,GTTGCCTAGTCCTGTCCTGA
sgRNA_00791,GACAAAGTCCGAGTGCCCGG
sgRNA_00792,GTGCAGGCCGGCCTGAGCTC
sgRNA_00793,GTCCACCCAGGGCAGCTATT
sgRNA_00794,GGAGGCTTTCAAGTCCCACC
sgRNA_00795,GAAACAAACATCGTGTACGG
sgRNA_00796,GACTGCGCGGCGGGGCCGAG
sgRNA_00797,GGAGAAGTGGTCACTTTGGA
sgRNA_00798,GGCGCCCCCGGGGAGCTGCG
sgRNA_00799,GTGTGGCCTCGGCGCCCCCG
sgRNA_00800,GACTGCAGCCCCAGACCCCA
sgRNA_00801,GCCCTGGGGCGGGGCTTGAA
sgRNA_00802,GCAGATGCCATGCCAATCAC
sgRNA_00803,GTTCCTCAATCATTTGCCTA
sgRNA_00804,GCACCTTAGGCAAATGATTG
sgRNA_00805,GAGAGCTTCGGAGCATCTTT
sgRNA_00806,GGCCACGATTGGTTGGAGAG
sgRNA_00807,GCGGGGCAGGAGCGCATCCT
sgRNA_00808,GACCAGGTGCGCACAGGTGA
sgRNA_00809,GCCTGTGCGCACCTGGTCAC
sgRNA_00810,GCCTCCTAGGCCGAGCCGAC
sgRNA_00811,GAGGCCTCTCCGCTCCAGTT
sgRNA_00812,GCCTCCCTGCCGGGTTAATG
sgRNA_00813,GGGGTACCAAGGTTTCTTCC
sgRNA_00814,GAAACAGAAACCAAGGTTGA
sgRNA_00815,GTCGCCGAACTGGAGCGGAG
sgRNA_00816,GGGGAACCGTGGGGCGGCTA
sgRNA_00817,GCCGCTCCGCAGAATCTTGG
sgRNA_00818,GCGCGCCCGCGGAGCCCTCG
sgRNA_00819,GTAGCCGCTCCGCAGAATCT
sgRNA_00820,GACAAAGGGTATCTCTCTCC
sgRNA_00821,GTGGGGAGCAACAGACTTCG
sgRNA_00822,GAAAAAGGGCGCCCTGGAGT
sgRNA_00823,GGCGCCCTGGAGTGGGACCA
sgRNA_00824,GGTCCCGTGGTCCCACTCCA
sgRNA_00825,GGTAGTAAGGAACAGGACGT
sgRNA_00826,GGCGCCGCTGGGAACTCCGC
sgRNA_00827,GTTCCTGAAAGGGGCCAACT
sgRNA_00828,GCCGCCACTAAGAATAGCAA
sgRNA_00829,GTCCCCGGCGGAGTTCCCAG
sgRNA_00830,GAGAATAGCAAAGGGGCGTT
sgRNA_00831,GTCTAGGTGCGTCACCCACA
sgRNA_00832,GAGGGAAAGGGCGGGAGTAG
sgRNA_00833,GGGGCATTCAGGGTCTGCTA
sgRNA_00834,GCAGGGGCCGCTCTCCCTGT
sgRNA_00835,GCCAACTCAGCGTCCGCTGT
sgRNA_00836,GCCCGCGCGGAGCAGCTAGA
sgRNA_00837,GACCGGGCGCAGGACCCAGG
sgRNA_00838,GCCGCCCGGGTGCCCGCTTG
sgRNA_00839,GTGTTCCCACCTAGCCTGGC
sgRNA_00840,GGGGCACCCGGGCGGCTCCC
sgRNA_00841,GCTGCATATGTCTCTCATTC
sgRNA_00842,GAGTCCAGTTGGATGACTGT
sgRNA_00843,GAGTCATCCAACTGGACTTA
sgRNA_00844,GAAATGCTAACACACATGTC
sgRNA_00845,GCATATAAGTAAGTTGACAG
sgRNA_00846,GAAATCACCTGCTGTCGTCA
sgRNA_00847,GAGCAAGTCCTCAGGAGCTT
sgRNA_00848,GACATGAAGCTGGCAACTCA
sgRNA_00849,GTGAGCCGCAAAAAAGGGTG
sgRNA_00850,GTGCGCGCCCTGACGACAGC
sgRNA_00851,GGGCCCAGACAGGTGAGCGG
sgRNA_00852,GACGCCGCACCTGCCCGCCA
sgRNA_00853,GCGCTGGCCCGACGCCGCCG
sgRNA_00854,GGCGCCCCGACGGACGAGGT
sgRNA_00855,GCGGGCAGGTGCGGCGTCGC
sgRNA_00856,GGGAGAAGGCGTGACCTGAA
sgRNA_00857,GGGGAGAGGGGATCTGTTGC
sgRNA_00858,GTGAGCTTATGTACACTCGG
sgRNA_00859,GGATGTCCACGAACAGGCTG
sgRNA_00860,GTGCAGTCCCTCCCTAGGAG
sgRNA_00861,GCAGGCAAGGAGAGCGTCTT
sgRNA_00862,GAGGAGGCGGTGCCGTACAA
sgRNA_00863,GGAAGGAGGGGTGTCCTCTT
sgRNA_00864,GTACAGGCAGCCCCCAGCTC
sgRNA_00865,GAAAGGGCGGCGCGAGGAGG
sgRNA_00866,GTTAAGGCGGGGCTCACAAG
sgRNA_00867,GCTAGCGCGGGGGCAGCTGC
sgRNA_00868,GGTGTGACACGAAGGAGTTT
sgRNA_00869,GTAGCTGGGAGGCGGCTCCA
sgRNA_00870,GTGCCCCCGCGCTAGCTGGG
sgRNA_00871,GGCGGGGCAGAATGGAACTT
sgRNA_00872,GCAGCAGGTTGGAGTGGACA
sgRNA_00873,GAGGTTGGAGTGGACAGGGG
sgRNA_00874,GGGCCCGCCTCTTCTAACTT
sgRNA_00875,GACCGAGAGACGGAGAGGAA
sgRNA_00876,GCAGCAGCTCTAAGTGAGAT
sgRNA_00877,GCCTATGGGCCGGAGTGAAA
sgRNA_00878,GAGTGAGATAGGAGACCTTG
sgRNA_00879,GAGCTGTTCCAGTAATATGA
sgRNA_00880,GCACTCACCAGCCCCGATAA
sgRNA_00881,GACGCGGTATCCATGTTCCC
sgRNA_00882,GGCGTCCGCGGGATGTTCGT
sgRNA_00883,GGGGCCGCGCGCATCAGTCT
sgRNA_00884,GAGAGAGGAAGCGATCGCGC
sgRNA_00885,GGAGCTGCTGTTAACCCCTC
sgRNA_00886,GGGAGGCGCTGAAGTGGGTA
sgRNA_00887,GCACCCCAGGGTGCCTGGAC
sgRNA_00888,GGGACTCCAGTGGCCCTCCT
sgRNA_00889,GCTCCTGGGAGGCGCTGAAG
sgRNA_00890,GGGCGCTGAAGTGGGTATGG
sgRNA_00891,GGATAAGGGTATCTATGAAT
sgRNA_00892,GCACTGAATGGGCAAAAAAG
sgRNA_00893,GTTGAAGATGGTCACTGAAT
sgRNA_00894,GAACTTGTAAAAGATACCAT
sgRNA_00895,GCATAGATACCCTTATCTGC
sgRNA_00896,GGTGGATTCAGCATGGTGGG
sgRNA_00897,GTGGCTACATAGCCAGATCA
sgRNA_00898,GCTTGTGGATTCAGCATGGT
sgRNA_00899,GAAGTATTGTGTTTTTATAT
sgRNA_00900,GAGATCATGGGCTGCATAGG
sgRNA_00901,GCTCCCAGGAGCAGGCGGGT
sgRNA_00902,GCGGGGAAGTGGTGGTTAAC
sgRNA_00903,GAGAGGGCTGGGACACGGAA
sgRNA_00904,GAAAGGAGAGGGCTGGGACA
sgRNA_00905,GAGGTCTCCTAGGAGCGAAG
sgRNA_00906,GAACCGCTGATGAGGGTAAC
sgRNA_00907,GTCCCCGGGAGGCGTAAAGA
sgRNA_00908,GCCGGACCCAACCTCAATCA
sgRNA_00909,GACCCGGTTACCCTCATCAG
sgRNA_00910,GCAGCGGTTCTTTGACTCTC
sgRNA_00911,GCGGAGGCGGGAGTTGGCGG
sgRNA_00912,GCGGAAGCCCTGTTCCCGCA
sgRNA_00913,GGCAGACAAGCGAGGGAGGA
sgRNA_00914,GGAGCATAGCAGACAAGCGA
sgRNA_00915,GGGCCAGCCCTGCGGGAACA
sgRNA_00916,GGGTTGTTGTGGTTCCCGAC
sgRNA_00917,GACAGGACCTGCGACATCAT
sgRNA_00918,GTCCCGACTGGGATGGAAAG
sgRNA_00919,GTAACAGCCAATGATGTCGC
sgRNA_00920,GGGAGAAAGTGGGTGGTCTC
sgRNA_00921,GTACACAGGAATGACTGGGG
sgRNA_00922,GCTACTGGAAAGTCTGGCAG
sgRNA_00923,GACCTGGGGTAGTCAAGGAG
sgRNA_00924,GGGGCTGGATAATAGTGGAC
sgRNA_00925,GAGCGGTTGGTAAAAGTGGG
sgRNA_00926,GCGGCCCCGGTGCTTTGCAA
sgRNA_00927,GCATGCTTGCCGACTGACTA
sgRNA_00928,GTTGCAGGGCAGTCACGTAT
sgRNA_00929,GGTCAGTCGGCAAGCATGTT
sgRNA_00930,GGAGCCCTTGCAAAGCACCG
sgRNA_00931,GAGGAGGGGCGTGTAGACTT
sgRNA_00932,GTGGACAGTCCTAGGAGAGG
sgRNA_00933,GTTGGTGGCTAAGTGCGACA
sgRNA_00934,GAGGGGCGTGTAGACTTTGG
sgRNA_00935,GCACTGCTGGGGGAAGTCCG
sgRNA_00936,GCGTGAACGCAGCTCGGCAG
sgRNA_00937,GGAACTGGGGATGCGAGCGA
sgRNA_00938,GGGGATGCGAGCGACGGGCG
sgRNA_00939,GAATCCCAGCTCTGCCTGGA
sgRNA_00940,GCGGCTCCCTTGGTAACTCC
sgRNA_00941,GGGGCCCAGCGACCGGACCC
sgRNA_00942,GCGGGGACCGCCAGTGCCGG
sgRNA_00943,GAGCACGTGGCTCGGGGTCC
sgRNA_00944,GGGCGCGGAGCACGTGGCTC
sgRNA_00945,GCCCTGGCACGGCCCCCGAG
sgRNA_00946,GCCTGGACCTAACGTCCGAG
sgRNA_00947,GATCGGTTATGTTTAGGGTT
sgRNA_00948,GGCACATCGGACGTAAGCGC
sgRNA_00949,GCAGAGTCACCACCGGTCCG
sgRNA_00950,GTACACAGGTATGCCAATTT
sgRNA_00951,GCTGTTCGGTCGTCTCCCGG
sgRNA_00952,GTCGCCTGGCGGATAAGGCG
sgRNA_00953,GTACCTCCGGCGAGTCAAAT
sgRNA_00954,GGCCCACGCAGCTTGCGTAT
sgRNA_00955,GTCTCCGTGCGTTGTAATAT
sgRNA_00956,GCGGGCTCCTCTTTCGGCCG
sgRNA_00957,GTCGGCGCGTAAAACGCCAT
sgRNA_00958,GACGTCGCCTGGTACGGTAT
sgRNA_00959,GCCGGGTCCATCAAGCCGGG
sgRNA_00960,GTGACCTGGCCACGGCACTA
sgRNA_00961,GAGGACCGGCACGCGTGTCG
sgRNA_00962,GCTTAGTGCTGTAACGGCCG
sgRNA_00963,GTCCACATTCTAATGTGCGT
sgRNA_00964,GTGCAAGGGGGCCGACGTGG
sgRNA_00965,GCGAGCACGACCGTAGCTTG
sgRNA_00966,GAGAGCGAGTAGTTTCCGAG
sgRNA_00967,GTGGGCCCGTCGCAAGCCGT
sgRNA_00968,GTTGAAAGGACTGGATCGGG
sgRNA_00969,GGGATAAGAGAGCGGCTTGC
sgRNA_00970,GGCGCGCGGATCAAATCAGC
sgRNA_00971,GAGCCCCTACTAGGGTTTAA
sgRNA_00972,GAACCATAATTGGGCCACAT
sgRNA_00973,GTGGATAGAGGTCGCCACAA
sgRNA_00974,GTACTAGAGGACGTAGGGGT
sgRNA_00975,GTAGCGCAGCACAGGAGCGT
sgRNA_00976,GGATCCAAGAGGAGACGCCT
sgRNA_00977,GGTACGTGGTGGATGGACAG
sgRNA_00978,GGCAGGGGGTGCGGCTACCT
sgRNA_00979,GCTACTCGGAGACCACCAAA
sgRNA_00980,GTGCACAATTTCTCCGATAT
sgRNA_00981,GATGCCCTTGCGTCAGATTA
sgRNA_00982,GTTTACCGACCATTTATTGC
sgRNA_00983,GAAGGATACGACGGTCGCAA
sgRNA_00984,GAAGGAGGCTACACCCGTTA
sgRNA_00985,GTGGTGAACACCATGCGCAT
sgRNA_00986,GTGAAGACAAAAGTCCCGTT
sgRNA_00987,GCCGGCGTAGGAGAACCCAT
sgRNA_00988,GCACGCAGCTTTATCGAGGT
sgRNA_00989,GCCACCAGCACCCTTGAGAG
sgRNA_00990,GCGGCGCACATCGGTGGTGC
sgRNA_00991,GTGGCGCTGTCAATTCAAGG
sgRNA_00992,GTGTTGGCCCGTCCTAGTTC
sgRNA_00993,GGCCGCCAGCACAGATAGTG
sgRNA_00994,GTCCAGCAAACGAAACCGGT
sgRNA_00995,GGCCTGCGGAACAGGCCAGG
sgRNA_00996,GGGTGTAGGGGCTAGCGCGG
sgRNA_00997,GTAACGGTCAGAAGTTGATT
sgRNA_00998,GTTGCACGCATCCACGCTGA
sgRNA_00999,GAACATTATCGCAGTAATCC
sgRNA_01000,GTGCGGAGTTTAGACCATAG
sgRNA_01001,GAGGCCATCGATGTAATGTT
sgRNA_01002,GGACGATAGTGTATACTATC
sgRNA_01003,GGGGAGATAGGGGAACCGTG
sgRNA_01004,GGTCCATTAGGTACACTGTT
sgRNA_01005,GTGAGGGGGACAATGCAGGG
sgRNA_01006,GGAAGCGTGCGATGACTGGT
sgRNA_01007,GTTGCTTGAAAAGTGACCAG
sgRNA_01008,GGCTGGCACTCCTTAAGCCA
sgRNA_01009,GTCGGCGCCCGTGGCCTATC
sgRNA_01010,GTAAGGAACGCTGCCCCCTG
sgRNA_01011,GATCTCGCGGAGGACTGTAC
sgRNA_01012,GCGAGGTGCTGATTAAAGCA
sgRNA_01013,GACATTGTCGTGTAGTGTCT
sgRNA_01014,GCGTACGTCGAAGGTATTGG
sgRNA_01015,GCGTAGACCAGTCGAATTCA
sgRNA_01016,GTTTCAACGGAGGCTTTTAT
sgRNA_01017,GGGCGCGGCGCACGGCTCTA
sgRNA_01018,GGGGTCTGGAGGTTAGGATT
sgRNA_01019,GAGCGCACATTTCCCTTGAA
sgRNA_01020,GAGGTCGGGCAGTATTGCAC
sgRNA_01021,GCCAAGGGAGTCAAAATGAC
sgRNA_01022,GCCTGTTAACAGGCGGCTTT
sgRNA_01023,GGTCGACATCAGGTGTGCTT
sgRNA_01024,GTTGACTCGTTTAACCTCCC
sgRNA_01025,GCCCTGACGGACGTACCGAG
sgRNA_01026,GAGTACCCAGAAGCCTAACC
sgRNA_01027,GCCGTAATCAAGTTCATGGC
sgRNA_01028,GTTGACCCGGGAGCGAGCAT
sgRNA_01029,GTCCCCAGGATGACGATAGG
sgRNA_01030,GAACCGTAGACGAACCGCGA
sgRNA_01031,GCCGACTGGATCAGAGCGTG
sgRNA_01032,GTGAGGGCGGCTTTCGATCT
sgRNA_01033,GGGAGCCTAGCACGGACCCC
sgRNA_01034,GGGGCGGCGCCTCTATCTTG
sgRNA_01035,GCGACAGTGTGGGGTCGTAC
sgRNA_01036,GAGACGGTAACGGATATAAG
sgRNA_01037,GCTGAATGGGCGTCATCCTT
sgRNA_01038,GAACCCGACACAGTAAGATG
sgRNA_01039,GAGGTGGAGTCGCTTATTAT
sgRNA_01040,GACGGTCTACCTAATTCACC
sgRNA_01041,GGAGCCGGCGCGATCCCCTC
sgRNA_01042,GGCGGTGCGTCGTTACACAA
sgRNA_01043,GGGGGCGTTGTAGCTCCAAG
sgRNA_01044,GGAGATTATGCGTCCACAGG
sgRNA_01045,GGACGGAGCAGGTACTAATT
sgRNA_01046,GCAGGGGCATGCTGACCAGC
sgRNA_01047,GGCCTCCTAAATCTCCAGAC
sgRNA_01048,GGCCGATTAAGGAGCACCCC
sgRNA_01049,GCGGGTGTACCCGGATCCCA
sgRNA_01050,GTGTCGGAAGGAACACGTAA
sgRNA_01051,GGGGCCGTCTTGGCGTGCCG
sgRNA_01052,GTTAGTTGAAGTGCCCAATT
sgRNA_01053,GGGCCGTCCCGGCTCGTCGA
sgRNA_01054,GATGCCGTAGCGAACTACAG
sgRNA_01055,GCCCACCAGCACTGCATCGA
sgRNA_01056,GACTATCGGTCATGTTATGC
sgRNA_01057,GGCGCGTGTCCCGAACGCTC
sgRNA_01058,GCCACGTGAGCACGGGTCGT
sgRNA_01059,GCTCCGGACTTCGGCCCAGG
sgRNA_01060,GCGCTACCGGCCTTAAGACG
sgRNA_01061,GCCCACGTTGCACGGCTCGC
sgRNA_01062,GTAGCCGTCACGACGCGGGT
sgRNA_01063,GAGGGACGCTGATTGCGAAG
sgRNA_01064,GAAAATCGGCTTGGCAGGGG
sgRNA_01065,GGAACCATGGTCCCCGGCAT
sgRNA_01066,GGAGAGGTTACGGACAGCGT
sgRNA_01067,GCGCAGCTAAAGCGCGCCGT
sgRNA_01068,GCGACCAAGGCAGGTGAGCT
sgRNA_01069,GAGCATTGATCCGTACCCGA
sgRNA_01070,GACGACATGACATTGAGGGT
sgRNA_01071,GTGCTATGGGCCTCCGTAGG
sgRNA_01072,GCCGTGAAGGACGAAGTAGC
sgRNA_01073,GACCAGCGAGACTTGCTATA
sgRNA_01074,GTTGCAATGGCGCGGGAGTA
sgRNA_01075,GGCCGGCGACCGTAGTTTGA
sgRNA_01076,GGCGAGGGCAGATACGGTTG
sgRNA_01077,GAAAGCGATTGGGGCCTTCC
sgRNA_01078,GGACCCTTAGACCACGTCAG
sgRNA_01079,GGGAGCCCGAAGAATGTGGT
sgRNA_01080,GCCGCTAGATTTCAAGTCAT
sgRNA_01081,GCTCACGGAACGCGCGTATG
sgRNA_01082,GCGCAGCAGGGCAGCCGTCT
sgRNA_01083,GGGGACGACGAAGTCTAAAC
sgRNA_01084,GGACCGCGAAGTACCTCTAC
sgRNA_01085,GGGACCGATGCACGATGAAT
sgRNA_01086,GATGCGGAGGGGCCGTACTC
sgRNA_01087,GTACCCATGGCATGTGCATC
sgRNA_01088,GACGGAAGCTGAAAGCTCCG
sgRNA_01089,GCCACACCACACCGCGCGCA
sgRNA_01090,GCGCCCTTGCAGGGACGCGT
sgRNA_01091,GGCGCATCGGGAGCCAATCA
sgRNA_01092,GGCAAACAGACTGACAGGTC
sgRNA_01093,GTCGAGTTGGAGCTCTCAGG
sgRNA_01094,GTTAACGATCGGGCTAACTA
sgRNA_01095,GAGCAATCGGGTGTTTGCGT
sgRNA_01096,GGGAGTCTATCGGCCTTCTA
sgRNA_01097,GAATAGAAACCGAGGGACGG
sgRNA_01098,GGCGCGGGTAATGCGGTCGA
sgRNA_01099,GGATGTGCCCGCTCGTCGCG
sgRNA_01100,GCACGGAGGGGAGCTGATAC
sgRNA_01101,GGGAGCATGGAGGTTAGCGC
sgRNA_01102,GGGATCTGGCGGTCGAACCA
sgRNA_01103,GGTAAGCCACCGCGGAGCAA
sgRNA_01104,GGACGAGGTCGAGTCAAAGG
sgRNA_01105,GTCTATTAACAGCTCATTAC
sgRNA_01106,GATCGTGGCTTAAGTATTAA
sgRNA_01107,GGGCAGGTGCACTCACGCCT
sgRNA_01108,GTACTGAATGGAATTTCTAC
sgRNA_01109,GGCAGGGCTCGTAAAGGCCC
sgRNA_01110,GAAGCAGGGTCACTAATCGA
sgRNA_01111,GCAGCCGTAAGCCCGTCGTC
sgRNA_01112,GTCAGGCATGACCTCTACAG
sgRNA_01113,GGATGGGCACAGCACAGTAA
sgRNA_01114,GATGCTCTGATCCCTCATAC
sgRNA_01115,GTGTCAAGGAATGCCGGCCC
sgRNA_01116,GTCACCGCATTTCCACTGGC
sgRNA_01117,GGCCGGGGCCGCTGGATTTG
sgRNA_01118,GGAACCCAGTGAATGAGACG
sgRNA_01119,GTACGTCCAAGCTCGTAATG
sgRNA_01120,GTCGGACCGGTAACGCCTGT
sgRNA_01121,GCGAAGGGGCGGTCCACCCC
sgRNA_01122,GCGTCGGCCTCTAGCGAGAT
sgRNA_01123,GGCCAAGGGCGTGACGCGGC
sgRNA_01124,GATACCCTTCGTAGACTTAG
sgRNA_01125,GAAGACACTCACTACGTGGG
sgRNA_01126,GGGGTCCGGCGGAACATACC
sgRNA_01127,GGCGGCCGGCCCTCCTATGC
sgRNA_01128,GGATTAGCCGTCCGTGGATG
sgRNA_01129,GGCAAGATGGCACTCGTGCG
sgRNA_01130,GTCAACGCGCAACGACCGGG
sgRNA_01131,GCAAACATTAGGGCGCTGAA
sgRNA_01132,GGACATGGCGGGAACGACGC
sgRNA_01133,GCTCGGGTAACGGAGGATGT
sgRNA_01134,GGGAGTAGTTGCGCTAGTGT
sgRNA_01135,GCAAATCCGTAGCGTGTGAG
sgRNA_01136,GCCGGAAGTTAGTAGGATTG
sgRNA_01137,GCATCGTCCCGGCAGTACTC
sgRNA_01138,GCCCGATCGCCTTGACTACT
sgRNA_01139,GCTCAATCGTCCACGGAGTC
sgRNA_01140,GGGGTGGTAATAATGCCGAC
sgRNA_01141,GTACTTTCCGGAAGGACTAT
sgRNA_01142,GCTCCGGTGGTGGACCGTTG
sgRNA_01143,GGCCGCACCCACCGTAGTAG
sgRNA_01144,GCCGCCCGGGGAAGAAGCAA
sgRNA_01145,GTCCGTACGACGAACGTGTA
sgRNA_01146,GTCTGAACGAGGACGTCGCG
sgRNA_01147,GCCAACGCTCGCTGGACGGA
sgRNA_01148,GTGGGGGTCCTAGCATGCTA
sgRNA_01149,GTCCGCGTCCGCCTATCGCA
sgRNA_01150,GGGCGCCGCCCAGCCATATC
sgRNA_01151,GCGAGACACTCTTTTCAGAA
sgRNA_01152,GGGTACGCGTCGGTACTGAG
sgRNA_01153,GGACAAGCCGGGTGTCGTAG
sgRNA_01154,GAGAACACGACGCTGGTAGA
sgRNA_01155,GTCCTGTCGTGGAACGGTCG
sgRNA_01156,GGGCGAGATGACGGAACGAT
sgRNA_01157,GATGTGTCGAGACGAGTCAC
sgRNA_01158,GGGGCGCGACCTAGACACAA
sgRNA_01159,GAGGTTCTGTGACCACTAGT
sgRNA_01160,GATGTAACATATATGGAGGG
sgRNA_01161,GGGAGGGCTTATCTGTCCCG
sgRNA_01162,GAGAGGGTGAAACGTGAAGG
sgRNA_01163,GGCTGCATAAGGGGGGCAGT
sgRNA_01164,GACCTGGTTGCACGGTCCAA
sgRNA_01165,GGAGGCTCAGGTATCGCAAA
sgRNA_01166,GTCCCCTGGTATCGACTTTT
sgRNA_01167,GAAAGCGACTGACACGGGGA
sgRNA_01168,GACATTTCACTCGCGTAATG
sgRNA_01169,GCGGACTTGGGCGTGCTCAG
sgRNA_01170,GCAGCCATAGACTCGCTACC
sgRNA_01171,GACGCGAACGCTTAAAGAGG
sgRNA_01172,GTGGGGACGACCTGTGCTGC
sgRNA_01173,GGCACTGCGGCTACGTGGGT
sgRNA_01174,GTGGGGACCAGAAGGGTACA
sgRNA_01175,GGGGGGTCAGCTCGATGATC
sgRNA_01176,GAGTGCGACGGGGGACGACA
sgRNA_01177,GGGGCAGAGATGCACATGGG
sgRNA_01178,GACAGTCGGTCATTAGATTG
sgRNA_01179,GGCTGACAACCTGCGTCCGA
sgRNA_01180,GACACCACGAATCTCGTTAA
sgRNA_01181,GTGCCGGTTAAGCTGAAAAC
sgRNA_01182,GTAGCCTTAGGTAGAGGGGG
sgRNA_01183,GATACCAAGTAACACTGTTC
sgRNA_01184,GGGGGTTACGATGGCCTGAG
sgRNA_01185,GTACCACCCAAACGATAACG
sgRNA_01186,GGCCCGAGGGCGCGGCCCGT
sgRNA_01187,GGTGCCCGACCAGCGGACCC
sgRNA_01188,GAGACGAGGACATGTGTAGC
sgRNA_01189,GACCCGAGACTGCTTCCCGG
sgRNA_01190,GACTCACGTAGCAGTGGAAA
sgRNA_01191,GGACCACCCCGATTGTTAGT
sgRNA_01192,GATCTGGGTCCAACGTGAGA
sgRNA_01193,GCAGGCCAGAGGCCCCGTGC
sgRNA_01194,GAGTCTGGGGAGGACATTGT
sgRNA_01195,GCAGGCCCGTTTGCTTACGA
sgRNA_01196,GTGTCAACGGTTTCAATACT
sgRNA_01197,GTAGGTTCCTCGTCACTTGG
sgRNA_01198,GACGGCGTCAGACGGTATCA
sgRNA_01199,GATTAGGTGCGCTTAGAGGT
sgRNA_01200,GGAAGGAGTACGGTGTCGAT
sgRNA_01201,GAATAAAAGTCCTGCCGCGA
sgRNA_01202,GCGTAGCGCGGCATAATAAC
sgRNA_01203,GTTAGTACTATGGCGCACCG
sgRNA_01204,GGGAACGGCGGAGACCTAAG
sgRNA_01205,GGTGGCCTGTGGATGGCGCG
sgRNA_01206,GCGGCGGCCAACCCTTCTGG
sgRNA_01207,GTACCGAAGTAGGCCGTAGG
sgRNA_01208,GGCCGCCGCATGAGTACCGG
sgRNA_01209,GGGACGCGGATTCTGCAGTG
sgRNA_01210,GAAGGGGCATGACACTGAGA
sgRNA_01211,GACCTGACGGGTTACAGAGC
sgRNA_01212,GTGTCTCGTTAGCTTATAGT
sgRNA_01213,GCTTCGGTGAGTTGGGCGCG
sgRNA_01214,GAAGTTCAGTCAAGGCCAGG
sgRNA_01215,GCCGAAGCAGTGGCAAACGA
sgRNA_01216,GCTAATGAAAATGACTGAGC
sgRNA_01217,GCACAACGGTGTGCGCCGGC
sgRNA_01218,GTCTAGATATTGGTCACTGA
sgRNA_01219,GGAGGAGAAGCTACGTCGCT
sgRNA_01220,GGGGCTCTAGTTTCTCGGAC
sgRNA_01221,GGACCAGGCACAGTGATATA
sgRNA_01222,GTTTTTCTATTAGCTCTGGT
sgRNA_01223,GTCTTGGAACGCAGTGGTCC
sgRNA_01224,GTCGCCTGATGGCTGCCCGC
sgRNA_01225,GAAAGTGGCCGTCGCCCAGT
sgRNA_01226,GCTGGAAACGACACGATAGG
sgRNA_01227,GACGAATCAGCCAATGCCAT
sgRNA_01228,GAGCCGGGTTTTGACTACAC
sgRNA_01229,GTGGCGAATCAACACTAGGT
sgRNA_01230,GGGGGCCCAGATCTTGATAA
sgRNA_01231,GACAGAGGCGACCGTAATTG
sgRNA_01232,GAGAATGCTAGGGTCCGAGC
sgRNA_01233,GGAATCTAAGTACGACCCAA
sgRNA_01234,GGCAAACCACGTAAATTCGG
sgRNA_01235,GTCGGCATCCCGTCTTGCGC
sgRNA_01236,GATTCCTCAACTATGCATAG
sgRNA_01237,GATACGAGGGAGCGGGTCGA
sgRNA_01238,GTCAACTAGGACGGGCCATT
sgRNA_01239,GGATCAGAGCGAGTGGGCAT
sgRNA_01240,GAGGGGCTCCTGGTCCGGAT
sgRNA_01241,GGCCATCATGGTCGGCCCCT
sgRNA_01242,GTGGGGCCACGAGATAATTA
sgRNA_01243,GGGCACTGAAGGCAAGGCGT
sgRNA_01244,GAGGTACCATGGGATGCGGG
sgRNA_01245,GGGCCCCACCATGTTCGGCA
sgRNA_01246,GTGGCCTCGCATCCCAGGCG
sgRNA_01247,GACCTCGTGAGCTCTGCATG
sgRNA_01248,GGCGTGGCCCAGCGGGTCCT
sgRNA_01249,GGGGGGACTGCTACTCGCGC
sgRNA_01250,GGTTGAGGAGAGCCTTGTGA
sgRNA_01251,GAATGCCCCGAATATATCCC
sgRNA_01252,GGGTCTTCCTGGGATATATT
sgRNA_01253,GAAACTTGGTCAGAAGATAC
sgRNA_01254,GCCACAACCCATCGTGTGAT
sgRNA_01255,GTAAGAATAGTTACGGAGGA
sgRNA_01256,GGGTACTTCACCTCCATAAG
sgRNA_01257,GTCCTTGAAACTGCCATCAG
sgRNA_01258,GTCCACTGATGGCAGTTTCA
sgRNA_01259,GCACTTGGGTGAATATTCAA
sgRNA_01260,GGTGAATTACATTGCTGTCA
sgRNA_01261,GGGGCCCGGGGGACAAGTCG
sgRNA_01262,GGGGCGCCCTGGTTTGGACA
sgRNA_01263,GAGCCGCTGCGCACAGAGGG
sgRNA_01264,GGACTGGAGGGAGCTCCCAG
sgRNA_01265,GCAAGCGGGGCGCCCTGGTT
sgRNA_01266,GGTGACTAGACCCAGGGGTC
sgRNA_01267,GTGTAAGGGTCCTGGGGACA
sgRNA_01268,GGGTCTAGTCACAGCAGGTG
sgRNA_01269,GGGGTCCTGGGGACAAGGGA
sgRNA_01270,GGGAGGGGTCGGGTGAGTGG
sgRNA_01271,GCCTCCCGGAAAGTCTGCAG
sgRNA_01272,GCCAACCCCCCGCTCAGGAT
sgRNA_01273,GCCTGGCAGGCTGGTTTCTA
sgRNA_01274,GCTAGGCCCAAACCCCCTCC
sgRNA_01275,GAAGCCGGCCTGGACCTGGC
sgRNA_01276,GCTGTCTGTGTGAAATCAAT
sgRNA_01277,GGGGAAACAGAATGGTCAAT
sgRNA_01278,GAGTAGCAATGTGGTAAGAG
sgRNA_01279,GCTTACCACATTGCTACTAT
sgRNA_01280,GATAGTGATGATTGAAGATG
sgRNA_01281,GGGCCCCAGGCTCACCTCTT
sgRNA_01282,GCAACATAACTTCCCTACTC
sgRNA_01283,GCATAACTTCCCTACTCTGG
sgRNA_01284,GCACAGCATGTGCTCGGGAT
sgRNA_01285,GTAGACAGGAAGGAAGGTTG
sgRNA_01286,GTAGAGAAGGTCTGGCGCTA
sgRNA_01287,GTCTGGCGCTAAGGCTAAAA
sgRNA_01288,GGCCCTCTGCAGCCACCGTT
sgRNA_01289,GCCGTGTTTCTGTGGTTTCC
sgRNA_01290,GGCCCAGAAGGTGTTTGATG
sgRNA_01291,GTTAACCTGCGTGACGTGAC
sgRNA_01292,GGGCAGACCTGAGTGTACCG
sgRNA_01293,GGCTTGGCGGGTAGAAGGGT
sgRNA_01294,GCAGCCCGACAGCCTCACTT
sgRNA_01295,GACCCCAGGAGGCCGGGCAG
sgRNA_01296,GACCCCCCGGCGACTCTCGG
sgRNA_01297,GTGAGTGCGCGGCTCACACT
sgRNA_01298,GGGCCTCTGCGAGTCCTGCG
sgRNA_01299,GCCCCGCCGAGAGTCGCCGG
sgRNA_01300,GGGTAGCCGCCGGAGCCTGG
sgRNA_01301,GTCGCCGCGGCCGGCTTCTG
sgRNA_01302,GCTGTGAGGGGCCCTGAGAC
sgRNA_01303,GCTCGCGCCCGGCCAGGGAC
sgRNA_01304,GCCGCCAGGGAGCATCGCCG
sgRNA_01305,GTGGTCACCTAAGGTAGGGG
sgRNA_01306,GAGAAGGAGGCGGGAGGACC
sgRNA_01307,GCACCTGAAACTCCGATGGG
sgRNA_01308,GCAGGTGAATGGGTCACCGA
sgRNA_01309,GGGGCACTAGCGACGAGGTG
sgRNA_01310,GGAGGCGGGAGGACCGGGCA
sgRNA_01311,GGAGGCCACCTCACCCGCAG
sgRNA_01312,GAGAGCGATGGCGCATGCGT
sgRNA_01313,GCGACAGGTAACAAATAGGT
sgRNA_01314,GGGGCGGGGTGGCACGACGG
sgRNA_01315,GGGGCAGGGGAGGTCCGGGG
sgRNA_01316,GTCCCTGCGCCAGGTGGCTC
sgRNA_01317,GACCCGGGGAGCAGATCCTA
sgRNA_01318,GTGCGGGGATGCTGTCGGTG
sgRNA_01319,GATCCCGAGCCACCTGGCGC
sgRNA_01320,GAGCCATAGGATCTGCTCCC
sgRNA_01321,GGAGTGGAGCACACACCTTG
sgRNA_01322,GAAGAGCAGGGAGGACCGTA
sgRNA_01323,GTGTTCAGGGGCAATGATGG
sgRNA_01324,GGGGATCATGACCAATCAAT
sgRNA_01325,GGGTGGAGAAGCTGAACCGA
sgRNA_01326,GTGGGCGGGGCCCCACTCTG
sgRNA_01327,GTGGCCCCGCCCCCGCTCAA
sgRNA_01328,GTAGCGTCGAAGGGCGGTTA
sgRNA_01329,GTCGAAGGGCGGTTAGGGTT
sgRNA_01330,GTGACCATCACAGCCAATCA
sgRNA_01331,GCCTCCCAGCGGGACCAGAT
sgRNA_01332,GCCACCTCCCGGCCGAAGTG
sgRNA_01333,GCCGAAGGGGTCCTGGATGG
sgRNA_01334,GGCCCCCCCGCCCCCCACTT
sgRNA_01335,GTCGGCCTTAGGCAAGTGGG
sgRNA_01336,GCGGCTGCCGAGGGGCGCTG
sgRNA_01337,GCCAGCACCCGGGGTGGCTC
sgRNA_01338,GGGCAGCCGCGAAAACCTGG
sgRNA_01339,GCCCACCTCCGGGTCCTGAT
sgRNA_01340,GAAAACAGCTCTCCCGGGAC
sgRNA_01341,GCTGGGGTCTGTCTCCTGTA
sgRNA_01342,GGAGAGAAAGTGGACATAAA
sgRNA_01343,GTATGTCCATCAAGTGATGC
sgRNA_01344,GGTGTGAGTGTTGAAGGCAA
sgRNA_01345,GGTAACTGCCAATTTAACCA
sgRNA_01346,GGAGTCCTGCTGAAGCTCAT
sgRNA_01347,GCTTCAGCAGGACTCAGAGA
sgRNA_01348,GAGGTCTTTGAACCTCGATG
sgRNA_01349,GCGCTCGCTCACTGCGGTAC
sgRNA_01350,GTTCTATCTGGCCATGTCTC
sgRNA_01351,GCTGGGTCCCAGTGAAGGTG
sgRNA_01352,GCTGAGGATGCAGACGGCTG
sgRNA_01353,GGAGGCCTAGCGCGCCGCGA
sgRNA_01354,GCCCAGAGCTGGACCGCTCC
sgRNA_01355,GCTAGCGCGCCGCGAAGGCG
sgRNA_01356,GCCCTCCCGGGGACCCTCGC
sgRNA_01357,GGAGCTGCGGCGGTGTGAGA
sgRNA_01358,GGACCCGCAGCGGGGAGCGC
sgRNA_01359,GGCGGCGGAGGCCTCACCAC
sgRNA_01360,GGGCACCGACCGCCCCTCTC
sgRNA_01361,GCCCGCTCGCGACTGGGGAG
sgRNA_01362,GGACACACACACCTAGAGGT
sgRNA_01363,GAGCCGGGCTAGTCCCGAGA
sgRNA_01364,GTAGGTGTGTGTGTCACCTT
sgRNA_01365,GCCCAGAGGGCGGAACCTAA
sgRNA_01366,GGGGCGGGGTAGGGCATTGA
sgRNA_01367,GGGTGGGGCAAGCGAGGGTG
sgRNA_01368,GTCTGCTGGATCCACTGCAA
sgRNA_01369,GGGCGTAAGGAAGGCGTCCC
sgRNA_01370,GCAATGGCTGGCAACGCTCT
sgRNA_01371,GCACGCGTGCCTGGCGAAGT
sgRNA_01372,GAGGCGCCCTGCACCGACGT
sgRNA_01373,GTGTCCCAGGGCCAATAGGA
sgRNA_01374,GGGAGCTGTCTGAACCAGGA
sgRNA_01375,GACGCGCCCCACGTCGGTGC
sgRNA_01376,GCCCGCCTCCGCACCGTGTG
sgRNA_01377,GCGTCCTGAGCAGACCCCGG
sgRNA_01378,GCAGGACGCCGCACACGGTG
sgRNA_01379,GTGGCCCCCGGGGTCTGCTC
sgRNA_01380,GCAATCTGCCAGCGGGAAGT
sgRNA_01381,GGGGTTGTGAACAACTTCAC
sgRNA_01382,GTGCAAACCAGCTGCACCAA
sgRNA_01383,GACTAGCTAACAGGTGTAAA
sgRNA_01384,GTGAACAACTTCACTGGTCC
sgRNA_01385,GACTTTGAACCCAGGTCGAG
sgRNA_01386,GAGAGCGTTAGGTCCGACTG
sgRNA_01387,GTGGCGCGGCGAGGCGAGAT
sgRNA_01388,GCTGCTGCTGCAAACCGGTC
sgRNA_01389,GGTGCCGCTGCCAGTGTCCC
sgRNA_01390,GACTCCGGCGCGCCGTGCGG
sgRNA_01391,GGCAAACTGGAGGGATGCAA
sgRNA_01392,GTCCCCCTGCAGAGCAGAGC
sgRNA_01393,GCCCGGGGCCCAGCTTGGTC
sgRNA_01394,GCTGGAGGGATGCAAGGGTG
sgRNA_01395,GCTGGGTGGACTGATTTGTG
sgRNA_01396,GCCCAGGGCCACAGGAACGT
sgRNA_01397,GGCCCTGGGACAGGAGGAAA
sgRNA_01398,GCCTGCTTAAGGTGGAATTT
sgRNA_01399,GCGCTGGCACCCATGGGGTT
sgRNA_01400,GTGGGACATTCCTTCTCATA
sgRNA_01401,GGGGTTAGGGGGAGTAGTAA
sgRNA_01402,GGGGCCCCATGTATAAAAGA
sgRNA_01403,GACTTGTCATAATGGGGTTA
sgRNA_01404,GATCTGGAAACCATCCCCTT
sgRNA_01405,GGCCCCACGCTCCCAAGATA
sgRNA_01406,GCACGCATGGGCGCTCGAAG
sgRNA_01407,GGAGAATCGGGTGTCAGACT
sgRNA_01408,GCCGCCCCCCAGGCACAGTC
sgRNA_01409,GGATCCTGACTGTGCCTGGG
sgRNA_01410,GGCGCTCGAAGAGGTCCAAG
sgRNA_01411,GGGAGCAGCCGGTGTCTCTA
sgRNA_01412,GGGGGAGGAAGTGCGCGCGG
sgRNA_01413,GGCAGCCGGTGTCTCTAAGG
sgRNA_01414,GGAGACCGGGGTTTTAAAAC
sgRNA_01415,GGTACGGTGAATAATCAAAC
sgRNA_01416,GCAAGGAGGGAGTTTCATGT
sgRNA_01417,GACTGAGCCAGCACTTTTGA
sgRNA_01418,GCTAGTCCCTCCTACCACAG
sgRNA_01419,GCACTTTTGAGGGGCCAGAA
sgRNA_01420,GCAGGCGGGGCTCCCGTGGG
sgRNA_01421,GGGAGCCTGCCAATCCCCAC
sgRNA_01422,GTGTGCCCGAGCGCGAAGAA
sgRNA_01423,GGCTCGGGCACACCCCTCCG
sgRNA_01424,GGGCACACCCCTCCGCGGTG
sgRNA_01425,GCGACCAATCCTCACCGCGG
sgRNA_01426,GACCCCGCTGGAGTGGAGAG
sgRNA_01427,GTGGGAGCGCGATGTAGGGG
sgRNA_01428,GAGGAGCTAAGAAGCAGGGG
sgRNA_01429,GTAAGAAGCAGGGGAGGCGT
sgRNA_01430,GAGGCGTGGGAGCGCGATGT
sgRNA_01431,GAGGGCCGGGAGTCCCACCC
sgRNA_01432,GGGGACCTGCTGGGTATTAA
sgRNA_01433,GGGAGCACGCCTACAACCTG
sgRNA_01434,GCGGCCCTCACTCTCCTCCG
sgRNA_01435,GAAGAGTTGTCACTTGCTCA
sgRNA_01436,GCACCCGGACAGAGAGGGTA
sgRNA_01437,GCTGGTCACCCGGACAGAGA
sgRNA_01438,GACCAGGAGTGCTCACTTCT
sgRNA_01439,GCTGGTCTGGGGTTGGTGTA
sgRNA_01440,GCCAGGCGCCAGGGTAATGA
sgRNA_01441,GACAGCGTGGGATCCCCGGC
sgRNA_01442,GTGCGACCCCCAGACAGCGT
sgRNA_01443,GTGGACCCTCCCTCCGCGGA
sgRNA_01444,GTCGCTGGGACCTCCTTCCG
sgRNA_01445,GGGGGATCCCACGCTGTCTG
sgRNA_01446,GCGCAGCTGGGTGAGGAGCA
sgRNA_01447,GCATTCCCGGAGCTGAAGAC
sgRNA_01448,GCGGGGCCAGGGCGGATCCT
sgRNA_01449,GAGGCGGAGGCGAGGGATGC
sgRNA_01450,GGGAATGGACGGAAGAACCT
sgRNA_01451,GTGGAGGGCGGGGCACTCAC
sgRNA_01452,GGGCAGCTGTGATAGGTGGA
sgRNA_01453,GACTCACTGGGTGACTGAAC
sgRNA_01454,GCTGTTAGATAACACGTCCC
sgRNA_01455,GTGGAGTGGGAGAGTGGCGG
sgRNA_01456,GTCGGCGCCGCGGCGATCTG
sgRNA_01457,GTCGCCGCGGCGCCGACCTA
sgRNA_01458,GGAACCGAGCGAAGTGGAGC
sgRNA_01459,GGCCCCGGCAAGTTGCGCTC
sgRNA_01460,GCAGTGGCGCCCGTCAGGAG
sgRNA_01461,GAGGGGCGGATTCACCTGGC
sgRNA_01462,GAGGTGAATCCGCCCCTCAG
sgRNA_01463,GGGCACTGACACGCCCCTGA
sgRNA_01464,GAAAGTAGACACAGAAGTTC
sgRNA_01465,GGGGAGATTGCTCCAGGAAA
sgRNA_01466,GCGACTCTGACCTGAGGCGG
sgRNA_01467,GGGGCCCGTCGCACTCAGAG
sgRNA_01468,GTGGGGCGCTCGGGTCGGGT
sgRNA_01469,GCCGGGGCGACTCTGACCTG
sgRNA_01470,GCCGACCCGAGCGCCCCAGG
sgRNA_01471,GGGGCTCCGGGTGGGGTATT
sgRNA_01472,GTGCAGCAGGAGCCCCGGGG
sgRNA_01473,GGCGTGCAGCAGGAGCCCCG
sgRNA_01474,GGGGCGGAGAGATGGTAATC
sgRNA_01475,GCATCCCGGGCCACCCAGAG
sgRNA_01476,GCCGTGCAGCGTGGGGTTCA
sgRNA_01477,GCAGCCCAGCCGTGCAGCGT
sgRNA_01478,GGCCGCGGGTCGCAGTCGGT
sgRNA_01479,GGCGGGTCGCAGTCGGTGGG
sgRNA_01480,GAACCCCACGCTGCACGGCT
sgRNA_01481,GATGGGCAATCGCACTTCAC
sgRNA_01482,GAGGTTAAGTGGGTGATCTC
sgRNA_01483,GAACGGTCAAGAGAACTGTT
sgRNA_01484,GGGGCGGGGAGAAGACTATC
sgRNA_01485,GAACACCTGCCTGTGCAAGA
sgRNA_01486,GCGCCCACGCGCACAGTGCG
sgRNA_01487,GAAAAAGGGCACAGAATCGG
sgRNA_01488,GCACAGAATCGGAGGCGGGG
sgRNA_01489,GCCCTCCCGCGAGGCAGCAC
sgRNA_01490,GCCGGCCGGTGCTGCCTCGC
sgRNA_01491,GAGCAGGGAAGAGGCGGAAA
sgRNA_01492,GAGCGGTCGCGGGTGGTTCG
sgRNA_01493,GATGGAGCGCTCTCGGAGTT
sgRNA_01494,GAATGCCAGAATGCCATGGA
sgRNA_01495,GGCTACGAAGCTCGATCTGG
sgRNA_01496,GGGTACCAAAAGAAGGGAGT
sgRNA_01497,GTAACTGGATCCTGCGGGGG
sgRNA_01498,GATGACGCAGTGCTTGTAAC
sgRNA_01499,GGACTGGGAAAGGGGGACGA
sgRNA_01500,GAAGCTCAGAGGGGAGGATG
sgRNA_01501,GTCCCAGCAGCCCAACCTGA
sgRNA_01502,GCAGGGGCGGAGGCCAGATA
sgRNA_01503,GCCCGCCCGGAGCGTAGGAA
sgRNA_01504,GCCTTGCCCAGCATGTTAGG
sgRNA_01505,GCCGGAGCGTAGGAAGGGCA
sgRNA_01506,GGCCGCGGGAAGGAGGTCGG
sgRNA_01507,GCGGGAGGGGAAGCGGTGAC
sgRNA_01508,GCTAGAGAAGGTAGGAGCAG
sgRNA_01509,GGAAGGAGGTCGGAGGCCGA
sgRNA_01510,GCGGGCGGAGCAGCCAGGGG
sgRNA_01511,GACCGAAGGTAACCTCGGGA
sgRNA_01512,GTGCGAGAACAGCTGACCGA
sgRNA_01513,GCCACCGCTACCGGACGAGG
sgRNA_01514,GAAGGGCTGGGGACCGAGAG
sgRNA_01515,GCTCGGGAGGGCGCTCTGAT
sgRNA_01516,GAGGAGGTGGGGTTGCCAGA
sgRNA_01517,GCCCGGGCATACAACTGATC
sgRNA_01518,GCCCCATGCAGGGTGACCCC
sgRNA_01519,GAACCAGTTACTGGGTTCTA
sgRNA_01520,GAGACTGTGGGTCAAGGAGG
sgRNA_01521,GGGTGGGCCAGCCGGGGTCA
sgRNA_01522,GCCTGCCCGGCCTCCCGCGA
sgRNA_01523,GAGTGCGGACAGCTCTCCCG
sgRNA_01524,GAGGGCCCTAGCCCCGGGGT
sgRNA_01525,GCGCCCCGGCGCCGCCTCTC
sgRNA_01526,GCGGCCCCGCCCCCCCACCT
sgRNA_01527,GCGGCCTTGGGGAAAGTACC
sgRNA_01528,GAGAGACTGCCCAGGTGGGG
sgRNA_01529,GGGGTCGGACGTCGTGGAGG
sgRNA_01530,GCGCTGCCTGGGCGCCGCGT
sgRNA_01531,GGGGCGTGCCTGAACGTGCA
sgRNA_01532,GTAGAACCCGCTTCTCGGGA
sgRNA_01533,GTGCCTATCCCCCGCGAGGT
sgRNA_01534,GCACCCTGCAGTGTCCAGAT
sgRNA_01535,GTTCAGGCACGCCCACCTCG
sgRNA_01536,GAGCCCGCGAGTGGCAGCCG
sgRNA_01537,GAGCCCGGGAGAGGGTGCGT
sgRNA_01538,GGCCCGCGGCTGCCACTCGC
sgRNA_01539,GGGCGTGTGCCAGGCGCGGG
sgRNA_01540,GCCGCCCGGGCGCTCCGCCT
sgRNA_01541,GAAGGCGGAGATAGAATCGT
sgRNA_01542,GGGAGCCTGAGCCCTAGGAT
sgRNA_01543,GGATCCTGAGAGCCAGGCGA
sgRNA_01544,GTCAGGCTCCGCCCCTCTCA
sgRNA_01545,GTGACCACGCCCACTCGACA
sgRNA_01546,GAGCTAATGGGCGCCAGGGT
sgRNA_01547,GCCCGCACCTCCCCAATTAG
sgRNA_01548,GGATCTGAGTGCGGGCAGTG
sgRNA_01549,GAAGGCCCCTGTGTGAGAAA
sgRNA_01550,GACGGCCTGGGCTAGCTAAT
sgRNA_01551,GGGAGAAGGCGGGGACCTAA
sgRNA_01552,GGGGGACCTAAAGGTCACGT
sgRNA_01553,GGGGGCGGGCCTCGCGGAGA
sgRNA_01554,GCGCGCGCCACCTGCCCTGG
sgRNA_01555,GCGGGCGCAGGGGGCGTGGT
sgRNA_01556,GAAGTCAAGGTTGGGGATCT
sgRNA_01557,GACCCGGGCAGGGTTCGGAA
sgRNA_01558,GCGGCGGTGCAGGGGACGGG
sgRNA_01559,GCCGCCTCTCAGATCGTCGG
sgRNA_01560,GTGAAGGGGCAACCTAGGTA
sgRNA_01561,GAAGCTGTGACGTTAGGGGA
sgRNA_01562,GGGCCTGCGCCGGCAGAAGA
sgRNA_01563,GGACAGCCGCGGGACCACAC
sgRNA_01564,GGCAGGGCCTGGTAAGCCAC
sgRNA_01565,GCGCCGGCAGAAGAGGGGCA
sgRNA_01566,GGTCGCGTTGGGATATAGAC
sgRNA_01567,GAGGCAACGGAGGGAGTCAG
sgRNA_01568,GAGACTGCAGGTTTGGTCTG
sgRNA_01569,GCTCTGGAGGGGCAGGTGGT
sgRNA_01570,GAAGGGGAAGTGCAGTCGGG
sgRNA_01571,GTGCACTGCGGCGCCCGCGT
sgRNA_01572,GCCCGCGTCTACCCTCACCT
sgRNA_01573,GCACCTGCCGCAGGTGTCGT
sgRNA_01574,GCTTCCCTCCCCCGAGGTGA
sgRNA_01575,GGGAGCGGGGCACCTGCCGC
sgRNA_01576,GGGCCTAAGCAGGGTAGGGG
sgRNA_01577,GCGCAGAAGGGCAAAGGCGA
sgRNA_01578,GGCCGCGCGAGGCTTGAACT
sgRNA_01579,GAGCCAGGAGTCCTCTGCTT
sgRNA_01580,GCTCCTGGCCCCGGGGAAGG
sgRNA_01581,GTGCACGCACATATATTCAT
sgRNA_01582,GCGTGCCCAGGTGGGGATTG
sgRNA_01583,GTGTAAAAGCAAAGCCTAGA
sgRNA_01584,GTCTGTGCAAGCATTTATCT
sgRNA_01585,GCATACGTCTACTAGCTGAG
sgRNA_01586,GCAGGCAGGGTCAGTATCTG
sgRNA_01587,GTAGGGTGGAGCTTACTCAC
sgRNA_01588,GGCTCAGGGCAGCAGTCGGG
sgRNA_01589,GGGGATGTCCGGGTGAGGCG
sgRNA_01590,GTTGGAGTAAAGACACAGGC
sgRNA_01591,GAAGGGTCGCCAATGGGAGT
sgRNA_01592,GCGCCAATGGGAGTGGGCAT
sgRNA_01593,GGCCCCATGCCCACTCCCAT
sgRNA_01594,GACCGAGTAACGAGCCAATG
sgRNA_01595,GCCCAACCTCACGGCCTCAT
sgRNA_01596,GAGGGGCCATAGCTGTCCTG
sgRNA_01597,GAAGGCGTGGCTCAGAAAGC
sgRNA_01598,GCCGAGCCAGGAGCCACGTA
sgRNA_01599,GGTGGCTCCTGGCTCGGCAT
sgRNA_01600,GCTGGCTCGGCATTGGCCAA
sgRNA_01601,GGCCGGGCACGCAGTCCAGA
sgRNA_01602,GCAGATAGCTAGCAGAGGGG
sgRNA_01603,GCCACCCACTGGCTGGAAGG
sgRNA_01604,GTGGGGTTCGGTTCCACCCG
sgRNA_01605,GCCCTGCGAGGGGAGCATGA
sgRNA_01606,GGCCCCGCGCGCGGTCTCCG
sgRNA_01607,GAATCCCCGCAGCCCAGTGC
sgRNA_01608,GGCCGGGGCGAGCCCGCACT
sgRNA_01609,GGCCCAGTGCGGGCTCGCCC
sgRNA_01610,GCGGCCCGCGAGTGCGCTCG
sgRNA_01611,GTGCCCCTCAGGAACACGGT
sgRNA_01612,GCAGGTAAGGAACGCAACTC
sgRNA_01613,GCCCTTGCAGAGCAGGTGAA
sgRNA_01614,GCGGCACATGGAGACAGGCG
sgRNA_01615,GCAGAGCAGGTGAAAGGCTT
sgRNA_01616,GAAAGGAAGTGAGCTTTCTG
sgRNA_01617,GAACAATATTAATTCCAGAA
sgRNA_01618,GCTAGAAAGTTCTCAGTCCT
sgRNA_01619,GAGATTGTTTCTTAACGTGT
sgRNA_01620,GCTTTCTGAGGAAACAACAG
sgRNA_01621,GAGAGGGAGGAGACCGCGGA
sgRNA_01622,GGTAGGAGCCCGCCCAGGGA
sgRNA_01623,GCGGCAGAGGGAGGAGACCG
sgRNA_01624,GGGAGGAGCCCGCCGAGTCC
sgRNA_01625,GGGGAGGAGCTCACAGAGAG
sgRNA_01626,GGGGTGTTGCGGTCCCACCA
sgRNA_01627,GGCTCCCTTGAGGGCGTCGG
sgRNA_01628,GCTCCTAGGGGCGTGCGCTG
sgRNA_01629,GCCACCCCCGACGCCCTCAA
sgRNA_01630,GGATTCCACCGATCCCTGGT
sgRNA_01631,GCGAGCAAGCGGAGAGGAAA
sgRNA_01632,GGGAGAGGAAAAGGACACTG
sgRNA_01633,GCGGGATCCGCCTCTTAAAA
sgRNA_01634,GCAGGATGGGGAAACGTTAC
sgRNA_01635,GCGCCTCTTAAAAGGGTCAC
sgRNA_01636,GCGGCGGCAGCGACGGGCAA
sgRNA_01637,GTGGGGCTCGGCGGCAGCGA
sgRNA_01638,GTCAGACCGCGTGATGTCAG
sgRNA_01639,GCTCCCCCGTGGCACCGGGG
sgRNA_01640,GAGCTCGAGGCAGGCCTCCC
sgRNA_01641,GCAACCTCAAAGAAGTGCGG
sgRNA_01642,GCAGCCACCGCACTTCTTTG
sgRNA_01643,GGACCTAAGTGTCCTGTGTC
sgRNA_01644,GTGGATCTAACTTTTAGCCA
sgRNA_01645,GAGGGAATGTCTTTTGTTAT
sgRNA_01646,GAAGGCGTGGCTACGCGGAA
sgRNA_01647,GGCTCCGCCCCTCTCGTGGA
sgRNA_01648,GAAGGCGTGGCCTAAGAAGG
sgRNA_01649,GAACGGGGCGGGGTCGAGGC
sgRNA_01650,GGGGCTGCAAAGGGCCATGT
sgRNA_01651,GCTCCAGCGGGTTGCAAGAG
sgRNA_01652,GCGTCCTTGCGCACCTGGGT
sgRNA_01653,GGGTCCACGGAGTCCTACCC
sgRNA_01654,GAACTGCAAAGGCCCTCCAG
sgRNA_01655,GCGCGGGGCTGCGTATGCTT
sgRNA_01656,GCAAATGGGAGGCTTCGAGG
sgRNA_01657,GAAGGGAACCCCGAGAGTGA
sgRNA_01658,GTTGGGAGATTGTGCAAGAA
sgRNA_01659,GGCTCCGCGCGAGGCGGCAT
sgRNA_01660,GCGGGGCAGGAGGAGTACCT
sgRNA_01661,GGTGACCCGCGCGGGTGCGA
sgRNA_01662,GCCCAGCTGGGGAACCTCCT
sgRNA_01663,GGCTCCGGCGGGCAGACCGG
sgRNA_01664,GGTGGCCGCGCATCCAGGGG
sgRNA_01665,GTCGCGCTGCGCCGCCCAGG
sgRNA_01666,GTAGAGATGGGTGCGAACTA
sgRNA_01667,GAGAGCAGTCACCCACGAGT
sgRNA_01668,GAGTCACCCACGAGTGGGTG
sgRNA_01669,GGAGGAAGTCAGCACGACTG
sgRNA_01670,GGAAGTCAGCACGACTGTGG
sgRNA_01671,GGGGAAAGTCCAGCAACGAC
sgRNA_01672,GGGCCTCCTAGGACTCACCT
sgRNA_01673,GGGAAAGTGACGAGCGGCTT
sgRNA_01674,GCCTAGCTCAGAGTTGAGTT
sgRNA_01675,GGTCCCAGGTGAGTCCTAGG
sgRNA_01676,GCGCCGCGCGCCAAGCCCAA
sgRNA_01677,GCCCGGGCCACGGTGCCCTT
sgRNA_01678,GGAGGCGGGAAGCGAGAGGC
sgRNA_01679,GACCGTGGCCCGGGGTGTCC
sgRNA_01680,GGCAGGAGGCGGGAAGCGAG
sgRNA_01681,GCAGACAGCAGCAGCAAGTT
sgRNA_01682,GCAGAGCCAGAGGGATAAAT
sgRNA_01683,GTATCCCTCTGGCTCTGCCT
sgRNA_01684,GGGCAGGAAGGTTCTGTTGG
sgRNA_01685,GATGTCTTCCAATCTTGCAC
sgRNA_01686,GTGGGCCTGCAGCACGTGGG
sgRNA_01687,GAGGGGCGGGGCCACGGCGT
sgRNA_01688,GGGGCGGGGCGATGGACTCG
sgRNA_01689,GGGGGCCACGGCGTAGGCGT
sgRNA_01690,GCAGCTGGCGCGTGGTCCTC
sgRNA_01691,GGAAGCAGGCGCCGGACAGA
sgRNA_01692,GTGTCCGGCGCCTGCTTCAC
sgRNA_01693,GGCACTGCGCTCCTTCTGTC
sgRNA_01694,GACACGCAGGTGGTTTAGGA
sgRNA_01695,GGGAAGCGGGACAAGCTAAT
sgRNA_01696,GGGGCCAGAAGTCGCCTAGA
sgRNA_01697,GAGGCGCATGCGCACTGCCA
sgRNA_01698,GGCCGCGTACGAACGTGGGG
sgRNA_01699,GTGCCCAGGTCGCACGTCTA
sgRNA_01700,GTCTGGCCGCGTACGAACGT
sgRNA_01701,GTAAGCCAGGTGTCTGAGAA
sgRNA_01702,GAAGGGCTTCTGCTCGAGCA
sgRNA_01703,GTCTCTGAGGGGTTTGTCGT
sgRNA_01704,GAGGTCACGCGTGTGGAGTA
sgRNA_01705,GCTTCCAGCAAGACTCTCGC
sgRNA_01706,GGCTCCCAGCACATGGTCGG
sgRNA_01707,GGGCCCGGGAGGAGGCGACA
sgRNA_01708,GGGGTGGCCGAGGCTGGCGT
sgRNA_01709,GGCGGCACGCACGGCCCGGG
sgRNA_01710,GGAGGAGGCGACAGGGTTGG
sgRNA_01711,GACCGCCCGGACAGACGCAG
sgRNA_01712,GCGGGCCGCTGCAAGATCCC
sgRNA_01713,GCGGCTGTGGGACTTGAGAC
sgRNA_01714,GCCAGCCAGTGCAGACTCCT
sgRNA_01715,GGCGACACGGCCCGGCTGGA
sgRNA_01716,GAGGGAAGTTGGAAGAGTTA
sgRNA_01717,GCAAATCTAGAGGAAGTCAA
sgRNA_01718,GAAACAACGGCTATTGGGAA
sgRNA_01719,GGGGGGTGTCGCAGCTTAGG
sgRNA_01720,GCCCCCCGCAGGCACTGGGG
sgRNA_01721,GTAGCTGAACCGCACATAGT
sgRNA_01722,GGCTCCCAAAACTCGAGCGT
sgRNA_01723,GTCTGGGAGGCCAAAGGACG
sgRNA_01724,GCCCAAGAGTCAGTGCTCTG
sgRNA_01725,GTATGTGCGGTTCAGCTAGT
sgRNA_01726,GGGGTGGGGCCGGTCCCCAA
sgRNA_01727,GCAGTCTAGGAGCCACGCGG
sgRNA_01728,GGGTCCCCAAGGGAAGAAAG
sgRNA_01729,GGCAAGGCGGGTCGGAGGTG
sgRNA_01730,GCGTCCGGTCGCGACCAGAA
sgRNA_01731,GGAGCCCAGTGGCCGGTAGG
sgRNA_01732,GAGGTGGCAGCCGAGGGCGA
sgRNA_01733,GCGAAGGCGTCCCTGGGCTC
sgRNA_01734,GTCCACGAATGTGACATCTA
sgRNA_01735,GCTGCTGGGTAGCGGGTGCA
sgRNA_01736,GGCTGTGAAGGAGACAGCGA
sgRNA_01737,GAGGGCGAAGAGGGCGGGAC
sgRNA_01738,GCGGGCGCGGTGGCTAAGGG
sgRNA_01739,GCTAAGGGAGGTGGGGCGGA
sgRNA_01740,GCGCCCTAGGCCAGGAGGGT
sgRNA_01741,GGAAACCCGTCGAAAATAGA
sgRNA_01742,GTGGCCGCTCCGCAGCTCCT
sgRNA_01743,GGAGCCTAGGAGCTGCGGAG
sgRNA_01744,GGCGAACAGGTGAGCGGCTG
sgRNA_01745,GAGCCCTCGACAGGGGAGGA
sgRNA_01746,GAGCGGAGAAAGTGCGCGAA
sgRNA_01747,GGCTGCGAGCTCACACGTGA
sgRNA_01748,GCGGCCCCGCCCCCTGGGAT
sgRNA_01749,GAGGGCGAGGTGTGCGCGAA
sgRNA_01750,GGCGCCCGCCACCGCAGCCA
sgRNA_01751,GAGAAGACGGGCTGCAGAAG
sgRNA_01752,GAGTGGTAGCAGTTGTGACA
sgRNA_01753,GCTAGGCTCCGGAGAGGACC
sgRNA_01754,GTGACCATGAACCTAGGCTC
sgRNA_01755,GTGCCTGCGATTTCAGAGTT
sgRNA_01756,GAGAGTGTGCGGCTGTGCAG
sgRNA_01757,GCGCTTGGAGAGTCGGGGAG
sgRNA_01758,GCCTGTGCGCTTGGAGAGTC
sgRNA_01759,GTACACTTCCAGCAGCGGTC
sgRNA_01760,GGGAGCCAGCCGATCATAGG
sgRNA_01761,GGTAGAGTAGCAGATGAACA
sgRNA_01762,GGACCCAAGCTCCAGGTGAA
sgRNA_01763,GTCAAAGTGTGACCTTCCAT
sgRNA_01764,GTGAACTACTCCCTCCTCTG
sgRNA_01765,GTCATCTGCTACTCTACTAT
sgRNA_01766,GGAACGGAAGTTGCAGGAGA
sgRNA_01767,GCTAGAGGCTAGTCCGAAGA
sgRNA_01768,GGAAGAGGAACGGAAGTTGC
sgRNA_01769,GGCACCGCGCGGGAGTGCGA
sgRNA_01770,GCAGGCGTGGTACTGTGTGA
sgRNA_01771,GGCTGCGGCTGGGTCTGGGG
sgRNA_01772,GTCCGAACGCCCAGCGGCGT
sgRNA_01773,GGGGTGTCGCGGCCCAATGT
sgRNA_01774,GCCACCTTGCAGGGGTGTCG
sgRNA_01775,GGGGCCTCACCCACGCCGCT
sgRNA_01776,GTGGGACCTTAGAGTGAAGG
sgRNA_01777,GTATCAGCGCATAGGAAGTT
sgRNA_01778,GGGGCCGAACACCTAACTCT
sgRNA_01779,GGCCCGCATTCTCTTCTGGA
sgRNA_01780,GGGAGTCGCTGCAAGCCCTG
sgRNA_01781,GGCCGCCGCGAGCCGGAGAA
sgRNA_01782,GGCCGCGAGCCGGAGAAAGG
sgRNA_01783,GCGAGCCCGGCGCGTGGCGT
sgRNA_01784,GGGCGCGTGGCGTGGGGTTG
sgRNA_01785,GTGAACGCTAACGTGGTCCC
sgRNA_01786,GGGCGCCCGCACACCTGTTG
sgRNA_01787,GGAGAGATGGCCAGTATCAA
sgRNA_01788,GACCGGCCGCAACAGGTGTG
sgRNA_01789,GGGGCACAGGCCACTGTCAG
sgRNA_01790,GATCAAAGGACCGGACTGAA
sgRNA_01791,GGGACCCAGGGTCACCAGCA
sgRNA_01792,GGCCGTGGGAGGGGCGTCGC
sgRNA_01793,GGTGGGAGGGGCGTCGCCGG
sgRNA_01794,GGAGCCCTGCTGGTGACCCT
sgRNA_01795,GCGGCCGCAGCGAAGCCCCT
sgRNA_01796,GGAGGGCGTGAGTGTCGTTC
sgRNA_01797,GTTACTAGGTAGCCACAGGC
sgRNA_01798,GGGTGCAAGTAAATCAGAAT
sgRNA_01799,GCAGGAGTTAGGTGTAATAC
sgRNA_01800,GGAGTTAGGTGTAATACAGG
sgRNA_01801,GAGGGCCGTTCGGGAAGAGG
sgRNA_01802,GCTTCTGCCGAGGGCCGTTC
sgRNA_01803,GCCGAGGGCCGTTCGGGAAG
sgRNA_01804,GGGCTCCGCCTCTTCCCGAA
sgRNA_01805,GAAACACCTACACTTCTTAA
sgRNA_01806,GCCCGCCGCTGCCTGGGCGA
sgRNA_01807,GGGGCCCGCTGGCCCGTCAT
sgRNA_01808,GGCCAAGCTCTGGACGGGAG
sgRNA_01809,GCGGGCGCGGGCGGCGAGGT
sgRNA_01810,GTAGCGCAGGGGATCCGAAC
sgRNA_01811,GGAGACCGGTACCTCTGGGG
sgRNA_01812,GACAGCCCCGGCCCTCCTTG
sgRNA_01813,GCTGGAGACCGGTACCTCTG
sgRNA_01814,GGGGCACCTGACGGGGTGAG
sgRNA_01815,GGGAGGAGGGGCACCTGACG
sgRNA_01816,GCCAGTGAGGAGTCAGTCTG
sgRNA_01817,GTCTGCGAAGAGAAAAAGGT
sgRNA_01818,GTCACTGGCCTTCTTAGCTG
sgRNA_01819,GTGTAAATAGAAGAATCTTA
sgRNA_01820,GTGGCCTTCTTAGCTGAGGA
sgRNA_01821,GACTACGCAGGGGACTCGGG
sgRNA_01822,GAGGGTGGTCCGCCTCTCCC
sgRNA_01823,GGCCTCTCCCCGGTCGCCTA
sgRNA_01824,GGGGGCGCCCCATCGCGGGA
sgRNA_01825,GTTCGGGGGCGCCCCATCGC
sgRNA_01826,GCGGGTAAGCAGTTTATGAG
sgRNA_01827,GCACGCGAGTGGAAGGTGTA
sgRNA_01828,GCGAGTGGAAGGTGTAGGGC
sgRNA_01829,GAGGAACTGAGGTCATGCTA
sgRNA_01830,GTGGGGGCTGTCCTCTGGTA
sgRNA_01831,GGACCCGAGGGGACCACCGG
sgRNA_01832,GAGAGCCAAGGGGACCCGAG
sgRNA_01833,GTGCCGGGGAGTTCTCGGGG
sgRNA_01834,GCCCCGCCGGTGGTCCCCTC
sgRNA_01835,GTGCCCTCGCTGCCCCCCGC
sgRNA_01836,GTCAAACGAAGTCAGAGAGG
sgRNA_01837,GTAAGCAGGATGCGAGTGAT
sgRNA_01838,GCGACTGCCCGGAGAGCAAA
sgRNA_01839,GCCTCGCGCCACCCCCGGTC
sgRNA_01840,GGCAAAGGGGTGTGAGGATT
sgRNA_01841,GAGTCACCCGGGTCACCTAG
sgRNA_01842,GTGTAAGGACTTCAATTCCC
sgRNA_01843,GCCTGAGCGGCCAAACTTCA
sgRNA_01844,GCGGGGACTGCCCTCGGTAA
sgRNA_01845,GGGGAGCCCAGAAATGGCTC
sgRNA_01846,GAATCCCCCACCCAGGATCT
sgRNA_01847,GTGGCTGCAAACCTTGGCAC
sgRNA_01848,GTGGAGCCATCTCTGACCTA
sgRNA_01849,GGGGAGTTATTTATGGAAGT
sgRNA_01850,GTCAGAGATGGCTCCAGACA
sgRNA_01851,GTGGCCCTGCGACTTCAGTG
sgRNA_01852,GTGGCTGTAGATCTTCGGGG
sgRNA_01853,GCAGAAGCCCCTCCCTTCCC
sgRNA_01854,GTAAGTTGGAGTTGTGGGGT
sgRNA_01855,GGCTTCTGTCCGCTGCTGGT
sgRNA_01856,GTGGCCGTGGTGGGCCCCCA
sgRNA_01857,GGGGAAGCTTCTGTGGATGA
sgRNA_01858,GCCCACAGCTGCCCAGAATC
sgRNA_01859,GGGTCCGAAGGAACCTGAGG
sgRNA_01860,GCTTCCCTGGGGGCCCACCA
sgRNA_01861,GCAGCCGGGAGCCCAAAATG
sgRNA_01862,GCTAACTACGCAGATGTTTA
sgRNA_01863,GTGGTTAGTCCCATGGAAAA
sgRNA_01864,GCTGGGGTCCACAAAGAGGA
sgRNA_01865,GCCCAAAATGCGGGGCCGTA
sgRNA_01866,GGGGCCCAGGGGCAACGTCA
sgRNA_01867,GAGCCCCTCTTAGGATGCTG
sgRNA_01868,GGGGAAGAGGCAAGTCAGAC
sgRNA_01869,GGCCACCATCAGCCCCTCTT
sgRNA_01870,GCACCCTGGTGCTGTGGCAT
sgRNA_01871,GAGGGGACTCTCAGAAACAG
sgRNA_01872,GACACTCGGAAGCAGGGAAA
sgRNA_01873,GCTGCTGCTAGCACGACCTC
sgRNA_01874,GGCAGGGTTAGGGCCATCTG
sgRNA_01875,GCTGCTAGCACGACCTCAGG
sgRNA_01876,GTCCCGGACCTCCTACTCTG
sgRNA_01877,GGGAGCTGGGAGTCCCTGTT
sgRNA_01878,GGCGGCCTGCGCGCACAAGA
sgRNA_01879,GCTGGGGAATGGCTGTCTAC
sgRNA_01880,GCAGGCGGGGACCCGGACCC
sgRNA_01881,GAGGAGGAGGAGTTTCCCCG
sgRNA_01882,GGGCACCTCGGCCAGAAGGA
sgRNA_01883,GAAGCCAAGAGCTCGGACAG
sgRNA_01884,GGGGTCCGCTGGTCCGGAGG
sgRNA_01885,GCCAGGAAAGGCTGTCCAGG
sgRNA_01886,GAAGGCGCTCCAGAAACCGA
sgRNA_01887,GGGCACCCTCTCCTTCCCCT
sgRNA_01888,GGCTCCAGAAACCGAGGGGA
sgRNA_01889,GGGAAGGAGAGGGTGCCCCT
sgRNA_01890,GAAAGAGCCCGGCCTCCTCC
sgRNA_01891,GCCACCCTGCACACCTCGCA
sgRNA_01892,GGTGCTGCCGTGTAGACCAC
sgRNA_01893,GGGGAAGACTACACTGGCTG
sgRNA_01894,GCGAGGTGTGCAGGGTGGGA
sgRNA_01895,GCTGCCCTGCGAGGTGTGCA
sgRNA_01896,GAGGGCGGGGCCGGCGAAGA
sgRNA_01897,GGCCGCGCGCGCACTGGCAG
sgRNA_01898,GGGGCTCCGGGCTCAATGAC
sgRNA_01899,GGGGCTCTGTGGAAATGTGT
sgRNA_01900,GGAAGAGGGCGGGGGCTCTG
sgRNA_01901,GCGTGTGGCCCCGAAGGTGA
sgRNA_01902,GCTACAATACGGAGAGTCGG
sgRNA_01903,GTGGGGGCGTGTGGCCCCGA
sgRNA_01904,GAGCTCCGCCCTCACCTTCG
sgRNA_01905,GCACCCGCTACCCGGTAGTC
sgRNA_01906,GAGGAGCAACCTGACAAAAC
sgRNA_01907,GCAGCCTAACAGGTTGTCAG
sgRNA_01908,GCCCCTGGGGGCAGAAGGTG
sgRNA_01909,GTGGTGGGAAGTAATAAAAC
sgRNA_01910,GTAAAATCCCGGGCTGGGGA
sgRNA_01911,GCAGACTGGGGTGGCTGGAT
sgRNA_01912,GGAAGAGGCTGACCCGCAAG
sgRNA_01913,GTGCGCCTAGCGATGAGATG
sgRNA_01914,GTGGCCAGGCATGACTTCCT
sgRNA_01915,GGTGGAGCCAAGCATGTGCT
sgRNA_01916,GGCAATCAGCGGTGGGATGT
sgRNA_01917,GTGGGAGGGGCAATCAGCGG
sgRNA_01918,GCACAGGCGGGGCGTAGAGA
sgRNA_01919,GGGGGAGGAGCAAAGAGCGG
sgRNA_01920,GGGGCGGTTCCTGCATGGGG
sgRNA_01921,GGCAGTAAGGATGAACGCCA
sgRNA_01922,GGGAAGATCCCGTGGAAGAA
sgRNA_01923,GAGACCACTCAGCAGCAGTA
sgRNA_01924,GTGAACGCCAGGGTTTGCCT
sgRNA_01925,GGGCCAGCCAAGGCAAACCC
sgRNA_01926,GGAGTCGAACTGAGCTGATA
sgRNA_01927,GGCTCACTCCACTTCCGGAG
sgRNA_01928,GCCAGCGGTTTTCGCGTTCT
sgRNA_01929,GAAAGAAGGTGTCACAACCA
sgRNA_01930,GCATCACATATGTAGGTCCC
sgRNA_01931,GGGCTCGCCAGCACCGGCAC
sgRNA_01932,GGGGCCAGGTCGGTTTTGAA
sgRNA_01933,GAGGGCCCGGAGAACTCCGA
sgRNA_01934,GAGGGGAGAGGCGGGCGCAG
sgRNA_01935,GGTGTCTGAGAGTTGGGCGC
sgRNA_01936,GGAGATGCGGGCCACAGTCA
sgRNA_01937,GACTGTGGCCCGCATCTCGG
sgRNA_01938,GGGCGCGGGCCGCTAATCAG
sgRNA_01939,GGCGCCTGGGGTAGGAGCGC
sgRNA_01940,GAAAACTGAAAGTGCCGCCC
sgRNA_01941,GCCGCCGGGGCGCGTGGACA
sgRNA_01942,GGGGAAAATGGTTGTTGTTC
sgRNA_01943,GCCCCGGCGGCCTCGCTGAT
sgRNA_01944,GGGACACGGTGTGCTCCTAG
sgRNA_01945,GGACCCTGAACCTCATCCAG
sgRNA_01946,GGAGCCACGGGGCCCAGCGA
sgRNA_01947,GCCACGGGGCCCAGCGAGGG
sgRNA_01948,GCCCCGGCCCGCTGACTCTA
sgRNA_01949,GGGGTACCCTACCGCTGTGT
sgRNA_01950,GAAAACCGGTCCGCTGAAAG
sgRNA_01951,GAGGGGTGGAGGCCTGATCA
sgRNA_01952,GGGGCAGAGAAGGCTAGGGG
sgRNA_01953,GCTACCAGGCCACGGGAAGG
sgRNA_01954,GGGAGGCCTGATCAAGGCTG
sgRNA_01955,GAGTGGGCAGAGAAGGCTAG
sgRNA_01956,GAAGCCCAGCAACTTTCCTA
sgRNA_01957,GAAGTTGCTGGGCTTGTGGT
sgRNA_01958,GAAGGGCTTCTGATACCGAT
sgRNA_01959,GTGGGAAGAGAATCTCTATA
sgRNA_01960,GCAGAGATTGCAGGGGGGTT
sgRNA_01961,GCGCCCTCCCAGGACTGCGT
sgRNA_01962,GCCTGGGAGGGCGATCGGAA
sgRNA_01963,GTTCCCACGCAGTCCTGGGA
sgRNA_01964,GCCCACGTAGGTAACGTCTA
sgRNA_01965,GCGAGCGCGCCCCAGGTAGG
sgRNA_01966,GGACTCCCACGCAATCTCGA
sgRNA_01967,GCAAAAGCGGAGGCGTAAGG
sgRNA_01968,GTGGGCTTGTAGCAAGGAGA
sgRNA_01969,GTGGCTGGAGCTTGGCAGGT
sgRNA_01970,GCCCCAACGCGTACTACCAT
sgRNA_01971,GTAGCCGAGGGCTTAAGCTG
sgRNA_01972,GTGCAGCCGCTTCTGAATAA
sgRNA_01973,GAGGAAAGGTGACTCCCTTA
sgRNA_01974,GCGGCTGCAGAAAGACGTCC
sgRNA_01975,GCTACCTGGTCAATCAGGAA
sgRNA_01976,GACCAACATACTTCCATACA
sgRNA_01977,TGGTCACTATTTACTTAGCA
sgRNA_01978,AAACATGTACAGTCCATGTA
sgRNA_01979,TTGCAGTGACAAAAGGTCAC
sgRNA_01980,GTCCATGTATGGAAGTATGT
sgRNA_01981,AAATGTTGGATGGGGCAGGT
sgRNA_01982,TCATGATGAAATGTTGGATG
sgRNA_01983,ATCATGATGAAATGTTGGAT
sgRNA_01984,GATGAAATGTTGGATGGGGC
sgRNA_01985,CAGGTAGGTCAATGAATGAG
