sgRNA_00001,GGTGTTGTAAGATGATACAA
sgRNA_00002,TTGGAAGGGACCCAGATGGT
sgRNA_00003,TGAAGTAAACAACTGCAAGT
sgRNA_00004,CCAGAGCTGGGGATAATCTG
sgRNA_00005,AGACCCCCACACCTACAACG
sgRNA_00006,GTTGCAGGTATATTGCAAGT
sgRNA_00007,GAAGCTTTGTGTAATCTCTA
sgRNA_00008,GCCGTGTAGAGAACAACGGC
sgRNA_00009,GTGTAGAGAACAACGGCTGG
sgRNA_00010,GATGCCACTTGAAAGCGGAG
sgRNA_00011,GAAGCACAGGAAGCCCACTA
sgRNA_00012,GTTGGGGTTGAGTACTCGAC
sgRNA_00013,GCACAGGAAGCCCACTAGGG
sgRNA_00014,TAGGGTGGCCAGGAGTAGGC
sgRNA_00015,GCAGAAAAGAAGCCGAGAAG
sgRNA_00016,GAAAACCATTGGCTCCCTGG
sgRNA_00017,TGGAGGCTGAGGCTGACAGT
sgRNA_00018,AGAACAGACACACACACCGC
sgRNA_00019,GGGGTATGAGAACTGTGCTC
sgRNA_00020,GAGAGGCTCTGGAAAAGCTA
sgRNA_00021,GCTGACAGCCAAAATGACAA
sgRNA_00022,GCTCCTGGGACACAATGCCA
sgRNA_00023,TCGCTTGGTGAGGATCTCTC
sgRNA_00024,GATAGGCATTGCCTACCTGT
sgRNA_00025,GAAAATACTATGGCAAACAC
sgRNA_00026,GTAGACACCGAGCCTTACGG
sgRNA_00027,GTCATCCAGCAAAAAAATGT
sgRNA_00028,GGAGCTCAGGAACATCAGTC
sgRNA_00029,GAACAAAGACAGGGACACAA
sgRNA_00030,GCTGTGGTGTGTCTCATGGG
sgRNA_00031,TGGACCACAAATCAGAACGT
sgRNA_00032,AGGAGAGAAACAAAGAATGG
sgRNA_00033,GAAGAGGGGGATCTCTGACC
sgRNA_00034,TAGCCCAGAAACAAGCAAGT
sgRNA_00035,AGTGTTCCCAGGGTCATATA
sgRNA_00036,AGAGAGCCAGAGTCCACCAG
sgRNA_00037,TGTTGAAGCACGTTGCGTAC
sgRNA_00038,CCTGCGGGCTGGCAGTTCGG
sgRNA_00039,CAGGTAGGGGAAGTGAAAGG
sgRNA_00040,AACAAGCACATGCAGATGGG
sgRNA_00041,AGAGCCATTGTCGCACACCA
sgRNA_00042,ATGTCTGGGACGTCCCACGA
sgRNA_00043,AGCCTCACCAGTAGTCACGA
sgRNA_00044,TGTACGTCCAGAGGCATAGA
sgRNA_00045,GTCACGGACAATCTCACGCT
sgRNA_00046,GTCCAGACCAGTCAGTAAGA
sgRNA_00047,GCCTATGAAGTAGACCACAG
sgRNA_00048,AGATCTCTTGTACAGAACAT
sgRNA_00049,GATTCATGGTGCAAACTCTG
sgRNA_00050,GGAGCACTCAGAGCGTACGA
sgRNA_00051,GATGCACACGTGGCGCATGT
sgRNA_00052,AGTGATGACCGCGATCACAA
sgRNA_00053,GGAGATGCTGAGTCCAATGA
sgRNA_00054,GGAGGATCACAAGTGGTGTG
sgRNA_00055,AGTGGGGCCAAGGATATGGT
sgRNA_00056,GAACTGGGGACTCTCTGTCA
sgRNA_00057,AGAATGTTCAGAAACAGTGG
sgRNA_00058,GTAGCCGGCAGGGGCTCGGA
sgRNA_00059,GAATGTCGCCATGTTCATTG
sgRNA_00060,CGTTATCTGAATGATGTAGC
sgRNA_00061,GAAACGGCCACGATGAGCGC
sgRNA_00062,TGTGGTTTAAGACCAGACAG
sgRNA_00063,GATTTGTGGGATTCTGTATG
sgRNA_00064,CACAGTGTCAAGCAACATGG
sgRNA_00065,AGGCCCAGGTCAATCCTAAC
sgRNA_00066,GGATAACTGTGACAACACGC
sgRNA_00067,ACGGTGGCCATACCACTGTG
sgRNA_00068,CATCAGGAACAGCTTCACGC
sgRNA_00069,GGACAGGAAGGGTTGTAATG
sgRNA_00070,TAGGTTAATGGAGAAACGAG
sgRNA_00071,GCTTTGGAAACCCTTCCACG
sgRNA_00072,GGTTCTGAGGTACATCGAGA
sgRNA_00073,GTAGACGACACCAGCAACGA
sgRNA_00074,GACCAGGCAAAACTGATTGT
sgRNA_00075,TAAAACTATAATCTGCCACG
sgRNA_00076,GAAGAGATCAGACAGAGTTG
sgRNA_00077,TGAACACTCCCACTACTCGG
sgRNA_00078,AGAACTGCATTGCAGCTGGG
sgRNA_00079,GTATGTGAGTGACAAGCTAG
sgRNA_00080,AGGCTGGTGTGACAAAATTC
sgRNA_00081,GACACCACATAGATAAGCAG
sgRNA_00082,GCAGTGGAGTGACCACCACG
sgRNA_00083,TGTCACATACCACAACCGCT
sgRNA_00084,GAGGACGACTCTCTGTACGA
sgRNA_00085,GGACAGCCAGGACATCCCCG
sgRNA_00086,GCTTACATCGCTGATCACCT
sgRNA_00087,AAGAGAACTGGATTTCACTG
sgRNA_00088,AGGGATGGGAAGCATGCCAC
sgRNA_00089,TGATGAGAATGGACACACCG
sgRNA_00090,GCCACGCACTGCTCAAGTAC
sgRNA_00091,AGAGGGATTAGCCAGTAGGC
sgRNA_00092,TGAGCGGACGGATATCAGGA
sgRNA_00093,AAGGAGAGGGATTAGCCAGT
sgRNA_00094,AGGAAAGACAGGCGGCCACA
sgRNA_00095,GTTTATGTCTCTTTACCAGG
sgRNA_00096,GCTTCGGAGGCAATACACAG
sgRNA_00097,GGCACGATTCAAGAAAACAG
sgRNA_00098,AGAGTTGCTTCAGACACTCT
sgRNA_00099,GACTCACCTGAATGGCATAC
sgRNA_00100,GGTTCCACTTAGCAGCCATG
sgRNA_00101,TGGCCACATAGACTGTGTGA
sgRNA_00102,AGGATGGAACCGCGCCACTG
sgRNA_00103,GGAGGCGATCCACAGTGGCG
sgRNA_00104,ATCTGGGAGGCGATCCACAG
sgRNA_00105,GTCTATGTGGCCAGCATAGG
sgRNA_00106,AGAGCGTACTGAGTACCTGG
sgRNA_00107,GATGTAGGCCAGCAGGTATG
sgRNA_00108,AGCACCCAGATATTCCACGT
sgRNA_00109,TGGGGCCGTAGACCTCCGAG
sgRNA_00110,GTAGACAGTAGACCGAAGGT
sgRNA_00111,AGAGGCATTTGGCAAAGTGA
sgRNA_00112,GAAGGAGTTTGGGAACACTT
sgRNA_00113,TGTGGTCGTAGCCATGACCT
sgRNA_00114,GCTACGACCACAATCAGGAC
sgRNA_00115,CAATGTTCCGGACAAATCCG
sgRNA_00116,GTTGTTATAAGGGTCAACGA
sgRNA_00117,GGCCAGTACACACACAATAA
sgRNA_00118,CAGTACACACACAATAAGGG
sgRNA_00119,TAGATGGGCAGCTTGATCCA
sgRNA_00120,GCACATTGCGAAGGTCACAG
sgRNA_00121,TGGCAGTGAACTCTCCACAG
sgRNA_00122,GAGAAACAGAAGAAAGAAGG
sgRNA_00123,AGGGGACTACGACTACTCAG
sgRNA_00124,GGAGGCTTCGACAAGAAAAC
sgRNA_00125,GGTAGCAGCGGAGTTCTCAT
sgRNA_00126,TGCGCCGCAGCACCGAGCAC
sgRNA_00127,ATTTGACAGGACCAGCCAGG
sgRNA_00128,GAATACACAGTCGAACTGAA
sgRNA_00129,GGTAACTGGCCAGTAATTCG
sgRNA_00130,GCAATGCATCCGCACCGTCG
sgRNA_00131,GCAGAGCGAAGGCAGCTACG
sgRNA_00132,GAAGGAGGAGGAGATTCACT
sgRNA_00133,CGGACCGAGTCACCCTCTAT
sgRNA_00134,ATACTCTATGCAGAGCACAG
sgRNA_00135,GCTGCCTTCGCTCTGCACGA
sgRNA_00136,GCAAGGTGGACACTCCACAC
sgRNA_00137,GCAGCTGGACCACAGCACGG
sgRNA_00138,TGTCCCGGGAACGTTCTCCG
sgRNA_00139,GATCCGAAATAGCAACCTGT
sgRNA_00140,TGATGCGCTGGGTAACTAGC
sgRNA_00141,CGTGCTGGGAGCGTGCTCGG
sgRNA_00142,GGACCCGGGAGGCGACCGTA
sgRNA_00143,AGGGCTAGAACAGCTAGGGT
sgRNA_00144,GCGGAAACGTATCAGCTCGT
sgRNA_00145,GACTGGAGCGCGGGACCAGG
sgRNA_00146,GAACGAGGAACAGTACACCC
sgRNA_00147,GACCAAGGAGATCATCTCGG
sgRNA_00148,AGGTTGGTAGAGAGCCACGT
sgRNA_00149,GAAAGAACTTACGTGATATG
sgRNA_00150,GCAAGTCAGGATGCCCAGGT
sgRNA_00151,GTTTGCAGATAAGCACCAAG
sgRNA_00152,GACGACAGGTAGTAAGCACA
sgRNA_00153,GCTGATAAAATCCTGTTACG
sgRNA_00154,GAAATTCAGGAATCCCCGGT
sgRNA_00155,GGACCCCAGAAGGTAGTATC
sgRNA_00156,TGTATGTGGAGAGGGCAAAG
sgRNA_00157,AAAATCAAGTAACATCACAG
sgRNA_00158,ATGAAATGGTTGGAGAATGC
sgRNA_00159,AAAGCGGCCAACTAGCAGTG
sgRNA_00160,GCTACAGCCAGAGTATCCTG
sgRNA_00161,GAATGGCCTCTGGGCCACAG
sgRNA_00162,AGACGGACTGTCCTCTAACG
sgRNA_00163,GCAGATGGACAGAAGTAAAA
sgRNA_00164,TGGGTTGGCTATTCCACCCG
sgRNA_00165,CAGAGAAGAAGATGAACTGT
sgRNA_00166,CGTGATGGAAGGCTTCTACG
sgRNA_00167,GTCACTGTGAAGTACACACA
sgRNA_00168,TGGTCTTTGACAGAGCTCAG
sgRNA_00169,GTTTGTATAAAGGAGATATC
sgRNA_00170,TGGAAGCAGTAACTTCGCTG
sgRNA_00171,AGGGTGGAGCCACTCCACAG
sgRNA_00172,GATGTTATAACACGGCAAGA
sgRNA_00173,GATCACAGGCGACTACTATG
sgRNA_00174,CAGCTGGATGAACAGCGAGA
sgRNA_00175,GACACTTGGATGTTATAACA
sgRNA_00176,AAGGGCCCGAACATACGATT
sgRNA_00177,GCTGCAGGGGCATAGACAAA
sgRNA_00178,TGTACACTGACCATTAAAAG
sgRNA_00179,GTGTGACAGTATTAGCGAGT
sgRNA_00180,GGGGCATAGACAAAAGGCAC
sgRNA_00181,AGCCTGGGAAGATTAACCTG
sgRNA_00182,AGAGATGCACGTCTGCACGG
sgRNA_00183,GAAGTGCTGCACATACTACA
sgRNA_00184,TCAGTGTAAACATGGCTGGG
sgRNA_00185,GCACAATCTCCACTTGAGTG
sgRNA_00186,AGGGAGACTGACACCCAAGG
sgRNA_00187,ATGGCCGCCGGGCAGACATG
sgRNA_00188,CGTGGAGCTTGAGCACGTGC
sgRNA_00189,GTTCTTGAGCACGTTTCTGG
sgRNA_00190,CGTGAACAGGGAGAAGCTGT
sgRNA_00191,GGTTATTGGCCACTGCCGTG
sgRNA_00192,TTGGTGTGTAACTTTCAACT
sgRNA_00193,GCAATGGCGTGGATGCAGGC
sgRNA_00194,GTAGGAGCCTAAGTTGCCAA
sgRNA_00195,AGTTAGGTAGAACAGATTCA
sgRNA_00196,GGTGGAAGGATACATCCATG
sgRNA_00197,GTACCACTCAGTGACCCCAC
sgRNA_00198,GCAGCTGAGGGTCAAGATGG
sgRNA_00199,GCTCCATCCACGATGAACTG
sgRNA_00200,GGGGCCTACCCAGTGCTCCC
sgRNA_00201,GTTACAGGTGAGGTCCAAGG
sgRNA_00202,AGGGACTGGAACTCAGCCCA
sgRNA_00203,GTAGATGGCCAGAAAGTCAT
sgRNA_00204,GGCCAAGCTGTACCCGCCTG
sgRNA_00205,ATTCTGCCTCCAGAAGATGT
sgRNA_00206,GCTCCGGAACTATGTCCCAG
sgRNA_00207,CTTACGGATCAGCTCCGCGA
sgRNA_00208,CAGGGATCTCAAGAGAGATG
sgRNA_00209,GCGGACCCAGAGAGCCATCG
sgRNA_00210,TGAGCGGCTAAAAGGCCAGG
sgRNA_00211,GATGAAGAAGGTCAAGACCC
sgRNA_00212,GCAGTCTGAAATGTGATTGA
sgRNA_00213,GGAGCTGAAAGACCGCGATA
sgRNA_00214,GCCGGTATAAGGTCGCCGAA
sgRNA_00215,CGATAAGGAGCTCAATGACA
sgRNA_00216,AAGGAAGATATATAGAGCGG
sgRNA_00217,GAGAAGGAAGATATATAGAG
sgRNA_00218,CTGTACAGGACATTACAGAG
sgRNA_00219,AGAATATCTAAAACGGTCCT
sgRNA_00220,GCTTGAGAAAGCACAGAACG
sgRNA_00221,GCTTGACTCACGCTTTACTG
sgRNA_00222,GGGTGGCCAAGGAGAAAACG
sgRNA_00223,CTGCTGGTAGGAGATGTAGC
sgRNA_00224,GATGATCGAAATGATCTAGA
sgRNA_00225,CCTCAATGCAGACTACGTGA
sgRNA_00226,AGTGCAGAGCAGTCACCCAG
sgRNA_00227,GGAGACTGAGAGCAACTGGG
sgRNA_00228,AAGTGAAGCCAACAAATGGC
sgRNA_00229,GTAGGGGATGGAAAACTCCG
sgRNA_00230,GGTCTCAAGAGGCTACCTGC
sgRNA_00231,GAAGCAGATGATGAGTACCA
sgRNA_00232,AGGCTCCACCACCAACCCAG
sgRNA_00233,GAAGTTGAGGAAGGAGACAC
sgRNA_00234,AGCACCCAGGAACAAACCTG
sgRNA_00235,GGCGTGTCAAGTCATCGCAC
sgRNA_00236,GTTTCTACGGAGGAGAACGG
sgRNA_00237,GCAGGACGGGGACGATACTG
sgRNA_00238,GGAGCTGACAAACCCCCCGT
sgRNA_00239,GACGGTCAACAACTGCATGA
sgRNA_00240,TGAACCACCAGAGTGTATGT
sgRNA_00241,GTATGAGGGGAATGGCTCAG
sgRNA_00242,AGGCAGTGGACATAGAAACC
sgRNA_00243,TGAGCACGAAGAGTGTAGAA
sgRNA_00244,GCCCAGCAGAGTGAAAGCGG
sgRNA_00245,GTCTTTGACGAGATAAACAG
sgRNA_00246,AGAAGAAGTAGTTCACACAC
sgRNA_00247,GACATGGCGGGATAATGGAC
sgRNA_00248,GGGCGAAGGATATGAACCTG
sgRNA_00249,GATCATCACCATCGGGTACC
sgRNA_00250,CTGGTACTTGGACAACACAT
sgRNA_00251,CGCCACTGTGATGAGCACAG
sgRNA_00252,AGTCACACAAGAGACAAGTG
sgRNA_00253,TGAGTAACAGAGGTCCACCT
sgRNA_00254,GGCGCTGATCAGCACCACTG
sgRNA_00255,ACAGGATGTACACTTCACGG
sgRNA_00256,AGTTACCTGTGACTTTAGGG
sgRNA_00257,GAATATGAAACAAAATTCAA
sgRNA_00258,AATATGAAACAAAATTCAAG
sgRNA_00259,GTTACATCACAAAGAACTGG
sgRNA_00260,GTCTCTAAGACAAGAACTTG
sgRNA_00261,GCAGAGGGAGATACAGACGT
sgRNA_00262,GTCTCACATCCACAACACAT
sgRNA_00263,GGAAACGGCCGAAGAAACGT
sgRNA_00264,GCAGACTTGGAAAAGTGAAG
sgRNA_00265,ACTTAGATACAAAAATCCAC
sgRNA_00266,AGATTAAGCAGCAACCCGCA
sgRNA_00267,GCTTAATCTTGTCAGTACAC
sgRNA_00268,TTGCCAACAGCGCACACCGA
sgRNA_00269,AGTGGTTATACCAGGAGACC
sgRNA_00270,TGGACGTGGTGCTGTACCAG
sgRNA_00271,TGGCAGATGAGCTCCTATGC
sgRNA_00272,CGAGCACTGCCATCCCTCAG
sgRNA_00273,GACAATCTGATGACCAATCC
sgRNA_00274,GAGCTGCAAAATGTACGACT
sgRNA_00275,TGTGCACTTCATGCCCATCG
sgRNA_00276,GCTGGACAACCAGATAACTG
sgRNA_00277,AGTCTGTGAGGCCGATCCAA
sgRNA_00278,TGGATAAAAAAGCATACCGT
sgRNA_00279,GGGAGAGAAAGCCATTGGAT
sgRNA_00280,GGATAAAAAAGCATACCGTG
sgRNA_00281,GAAGGCCTTATCCAGAACTG
sgRNA_00282,CGGGACTGAGTTCTAAACGG
sgRNA_00283,GATTCTTAAGGCATATGTGT
sgRNA_00284,GAATGAATGAAGGCCCGCAA
sgRNA_00285,GCAGGATTTCAGCACAAACC
sgRNA_00286,GAAGAGCATCAGAAGCAAGA
sgRNA_00287,GCAGGTCAGAATACCCCACT
sgRNA_00288,ATGTAGCTCATAATACTGGG
sgRNA_00289,AGCATTGGGACTCCCCCAGG
sgRNA_00290,AGCAGGTCAGAATACCCCAC
sgRNA_00291,AGGCCTTGAAGAGAGTACGC
sgRNA_00292,AGGGGCAGTGAGGAGCGGAG
sgRNA_00293,GGAGAAGCGGACCTTGATCG
sgRNA_00294,GGATCCCGGGAACAGCCTGT
sgRNA_00295,GATCTCCAGACCGTACAAGA
sgRNA_00296,GTAGAGATGATAGAGAGCCT
sgRNA_00297,AGTGTCCATGTTGAAAAACG
sgRNA_00298,GACGGCAGAAGATCCTGGCA
sgRNA_00299,GTGAGTTGTAAGCTGACTGA
sgRNA_00300,GAAATTTCTGGAAAGGAACC
sgRNA_00301,GAACGTGGGAAGAACATGTG
sgRNA_00302,GGTACTTCCTCATTGAACGT
sgRNA_00303,CTGGACTTTCTCTACCACGG
sgRNA_00304,GCATCAAAAGACGTACAGCT
sgRNA_00305,TGGATTGTGAAAAACTCTTG
sgRNA_00306,GATGGCTGGGATCACCCAGT
sgRNA_00307,GAAGTCCTAAGAGAGCAAGC
sgRNA_00308,GGATGTGAAGTACTACACCC
sgRNA_00309,GTCCAAAACATACATCATCG
sgRNA_00310,TGAGGACGTCGGGCACTCTA
sgRNA_00311,GCTGGACATCGGTGACGCTG
sgRNA_00312,GGCTCGAAAGCGCTGGACAT
sgRNA_00313,TCGGCGGGTGAGGATTTCCA
sgRNA_00314,GGAAATCCTCACCCGCCGAG
sgRNA_00315,AGCAGTCCCGGACTGAACAG
sgRNA_00316,GAAGCCATTAAACTAGACTC
sgRNA_00317,GACAATGTGAACCTGCCCCA
sgRNA_00318,GCACCCCAACATCATCATGT
sgRNA_00319,TAGATGGTGCGGACGCCCTG
sgRNA_00320,TGAGAGAGATGGAAGCGCCA
sgRNA_00321,GGCACACACATACATCCCTG
sgRNA_00322,GGAGGTAACAGCCTTACAGA
sgRNA_00323,CTGTACCCCAACCATGAAGG
sgRNA_00324,GACACTTACCGACAATAAGA
sgRNA_00325,GTCATCTACCCATTCATGCA
sgRNA_00326,GCAGAATGAAGAACAAGCTT
sgRNA_00327,AGATGGGCCAGATCTATACC
sgRNA_00328,CTGGGGTAGATGGAACACGG
sgRNA_00329,ATCACTGAGACAGATCACAT
sgRNA_00330,CAGTTCCGGATATTGGTGTG
sgRNA_00331,AGGACAGTCCAACAGCCCCA
sgRNA_00332,GGTCCACGGGAGCAAGAGAA
sgRNA_00333,GGTCCATGGAAAAAGCTTGA
sgRNA_00334,GCTCTGCGAACTCCCGAGCG
sgRNA_00335,GCGGACTGAAAAATGCCTCA
sgRNA_00336,TATCTTGTAAAACAATCCAG
sgRNA_00337,AAGATCTGAATACCAGATGG
sgRNA_00338,GAATGGAAAATGCAAAACTT
sgRNA_00339,TGTTAAAGGATTCAACACAA
sgRNA_00340,GTAGTGGTTGATGAATCCAG
sgRNA_00341,GAAGTGCTCCAACAATGGAT
sgRNA_00342,GCTTTGGGGTGTAGGCATGC
sgRNA_00343,TGCTTCTTACCATTCCATGC
sgRNA_00344,CTGGTGGGAGGAGATCAACA
sgRNA_00345,TGGGAGGAGATCAACAGGGC
sgRNA_00346,GACATCACTGAGTGGCACAA
sgRNA_00347,GGTGTATGGTGAGCCCATCA
sgRNA_00348,GGAGTGTCGCGGCTCCCCAC
sgRNA_00349,TCACTTTGGTGACATACAGA
sgRNA_00350,TGAGCCCGGGACGAGCCTAT
sgRNA_00351,TGGGTACACGACGGGCATCG
sgRNA_00352,AGAGACCCCGTCAAGGACGG
sgRNA_00353,GTTTCCAGGACAATGGTCAC
sgRNA_00354,CAGCGCCCCGGACACCTACG
sgRNA_00355,CAGAAAGGGAACCAGCCAGA
sgRNA_00356,GCAGTGACCAGGCAACAACG
sgRNA_00357,GATGAGGCGATGGAAGTCCA
sgRNA_00358,TGAGAGAGAGGACCACGTGG
sgRNA_00359,TGTGAAAGGGTGATACTCGG
sgRNA_00360,GAATGTAGAGAAAAATGTAG
sgRNA_00361,TGGCATCGACAACATCACAT
sgRNA_00362,TGAAACCATCAACTACAATG
sgRNA_00363,GGTGACCAGCTTATTCATCG
sgRNA_00364,GATGCAGCCTCACAGACTGA
sgRNA_00365,GGACTGCAGATCGGGCTCGG
sgRNA_00366,GTCTGAAGAGACATTCAGGA
sgRNA_00367,GCTGCAATACCATCGTGCGG
sgRNA_00368,GGAAAGGGAGGATTTCCACG
sgRNA_00369,AGACGATGACAGCCGAGTAG
sgRNA_00370,AGGAAAGGGAGGATTTCCAC
sgRNA_00371,GAGAGCACAGAGGTTCAAGA
sgRNA_00372,GGAGCCGAGTTCAAGGAATC
sgRNA_00373,GAGCATCTCACAGGTCATGA
sgRNA_00374,CATACCTGAGCAGTTCACAC
sgRNA_00375,GAAACACTCCAAAATCATTG
sgRNA_00376,GACATGGTACACACACCCAG
sgRNA_00377,GGACATGGTACACACACCCA
sgRNA_00378,CAGCAGAAGGTTGTGATAGG
sgRNA_00379,GAGTGCGGGCATCTTGCAAG
sgRNA_00380,TGAGTGCGGGCATCTTGCAA
sgRNA_00381,TGCGCTGGTACAGAGAGCGC
sgRNA_00382,GCAGCTGATGCGAGTCTATG
sgRNA_00383,AGACTGAGGGAAGCACCCCT
sgRNA_00384,AGACGAGGAGGAGTTCGCGC
sgRNA_00385,GATGATCCTGTCAACCCTCT
sgRNA_00386,GAGTCTGCAGGAGTTCACGA
sgRNA_00387,GAAGCTGTGGCTCAGCTGTG
sgRNA_00388,GAACCCAGGACTGATCAAAT
sgRNA_00389,CTGGGCTCAAGAGAATGTCT
sgRNA_00390,CTGGACCAAATACCAGGTGT
sgRNA_00391,AGGGCGACCATGCAAAATCG
sgRNA_00392,GAAGATCTTAAGCTGCCAGA
sgRNA_00393,GAACTGGGCAAAGAAATAGA
sgRNA_00394,TGAAAATGTCAATTCCAACA
sgRNA_00395,GCACTGCATAGGATAAGTGC
sgRNA_00396,GAGGCCGTGGCCCAACTCTG
sgRNA_00397,AAGTGGGAGAACCGGCACGA
sgRNA_00398,GAAGTGGGAGAACCGGCACG
sgRNA_00399,GGCTCGGCTCAGCTTCTCAT
sgRNA_00400,CAAACTTGTAGACGAGCCGT
sgRNA_00401,GCTTTGATGGGATAACCCAG
sgRNA_00402,AGTTGGCATCCCGACATATG
sgRNA_00403,GCAGGGGTCGGACCCTTTGG
sgRNA_00404,CGAGATGGCGGGTCTGACAG
sgRNA_00405,AAACCCCCGAAGCCCTATGG
sgRNA_00406,AGGAGAATGACAGTCTCCGG
sgRNA_00407,AGATGACAGCAAGTTCTCTG
sgRNA_00408,GCTGTTGGCCGACTGAACCA
sgRNA_00409,GCCACAGCTATGAATAACTT
sgRNA_00410,AGCGCAAGAACATAGACATT
sgRNA_00411,AGGGACATCGAGCATCTCAC
sgRNA_00412,GACATCAGGGCGAACACAGT
sgRNA_00413,AGGGAGATTGACAAGACCGT
sgRNA_00414,AGGGTACATTGGAACCATGT
sgRNA_00415,GAACTTTATAATGTTATGTG
sgRNA_00416,GAAGAACCTGTGGCACATGT
sgRNA_00417,GAAGGAGAATAACACAGGAG
sgRNA_00418,GAAATTTCCCATTATATAGT
sgRNA_00419,GGATCCACCCGCATTTACCT
sgRNA_00420,GAACGCCAGCGACACGGTGC
sgRNA_00421,GATCCCAGGATTCCACCAAG
sgRNA_00422,TTGGTGGGGTGAACACAGAG
sgRNA_00423,GAAGATCAGTACTCCATCGG
sgRNA_00424,CTTCATCAGGAACTACACTG
sgRNA_00425,AAGCTGCCTACCTCTTGCAG
sgRNA_00426,GTACACGGAACACTTCATGG
sgRNA_00427,TGAGCTGGTAAATGGCTGAA
sgRNA_00428,GGGGAAGAAGGAGATACCGG
sgRNA_00429,GCTGACCGTGATCTCGTCAG
sgRNA_00430,GCCAACATGGCGGTGATCGG
sgRNA_00431,GATCCGTGAGGACATCCAAG
sgRNA_00432,GCAAAAGGAAGAGTTGCGGG
sgRNA_00433,TGGATGACAGGCGCAAATGG
sgRNA_00434,TGCCATCGTACGCTGCGACG
sgRNA_00435,TGGGGTGTCAGGATATTATA
sgRNA_00436,GCTTCAGCCAGGATGTTGCA
sgRNA_00437,AGAGTGCTCTGGCTGACTAC
sgRNA_00438,GAACCATTCAATATCATCCA
sgRNA_00439,TGGAAGCTACGAAATCGCAG
sgRNA_00440,GACGCCGTGAGCTTCTTACG
sgRNA_00441,GAAGGTCATCAACTCCCAAA
sgRNA_00442,AGAAGTGACAGGCTATGTAC
sgRNA_00443,TGGCACCTAGGATTCCATGG
sgRNA_00444,CATATCAAGTATCAGTACGG
sgRNA_00445,GGGGACACTCACTTGCAGGA
sgRNA_00446,AGTGCACTGGAAGATACCAA
sgRNA_00447,GATGTTGAGTAATAAAACCA
sgRNA_00448,GACTCCAGGCTTCTGCATGG
sgRNA_00449,AGGCCCTGAAAATCCTTGGT
sgRNA_00450,GATGGAGGCCAGCACAACGT
sgRNA_00451,AGAGGCACAAACATCACATG
sgRNA_00452,CATGGGGACCCGGTACATTG
sgRNA_00453,GTACCATAAAAAAACCATGA
sgRNA_00454,AGGAAGCACAAGGAGTTGCT
sgRNA_00455,AGTATGCTCAGAACGCCCTG
sgRNA_00456,AGACTGTAGTACGGGCCCGT
sgRNA_00457,TGATTGCCAGGGCAACCCAC
sgRNA_00458,GATGATGAAAGAACGCTATG
sgRNA_00459,AGGCTTGAAAGACACTGAGT
sgRNA_00460,GTCACCAACAGGCATCAGAG
sgRNA_00461,GCTTTGAGCGAATAATGCAA
sgRNA_00462,CAGTTAAGGGCAGAGATCGA
sgRNA_00463,TGCAAGAGCAGGAATCAGCT
sgRNA_00464,AGTACTGCTGCGCCGACCTG
sgRNA_00465,GTGTGAGAGGAGGAGTGGAC
sgRNA_00466,AGGAGGCAGCCGAGAAACGT
sgRNA_00467,TGGGCGCGAGAGCCGCTAGG
sgRNA_00468,AGATGGTAGAAAACTGAACG
sgRNA_00469,GTACAGTGTGCACCGAGCAA
sgRNA_00470,TCGGTAAGGTAAAAACTTTG
sgRNA_00471,TGCAGGAGAACTGTGTACGA
sgRNA_00472,TGTGGAGAGCCACCCAACCT
sgRNA_00473,AGGTGGGAAGGCGTATTCCA
sgRNA_00474,CAGACACTCGAAAGATGCAG
sgRNA_00475,GTCCGCTGCTGCCTATTGGA
sgRNA_00476,AGCGAGTAGGAACGGATCCA
sgRNA_00477,TGACTGTGTCACAGTAAAGG
sgRNA_00478,GCGAGTAGGAACGGATCCAG
sgRNA_00479,GTTGGGCACAGACAGTCTGG
sgRNA_00480,GACCGTGGAGGACTGCATAG
sgRNA_00481,AGATCTTAGCAACGCTGCAC
sgRNA_00482,GGAGGACTAGACCGTCAGGC
sgRNA_00483,GATGCCGAGCCGTTGGCCCG
sgRNA_00484,GGTGTCTCCATGCAGTACAG
sgRNA_00485,GAGAGCTCATATGGCCTCTG
sgRNA_00486,TGGGAACATCAGTTATTGTC
sgRNA_00487,ATTGTTGCATAGACAGTGAT
sgRNA_00488,TACAGGAAGCACTAGAGCTC
sgRNA_00489,GGCTGGGTCCCAAACCGAAA
sgRNA_00490,AGGCAACTCCGAAGATGCCC
sgRNA_00491,GGAGCTGTATGCCATCTCGG
sgRNA_00492,GGATGATGTATACAGGAACC
sgRNA_00493,TGGATGCTGCCTGTAAACGC
sgRNA_00494,GGTGGGTGAAGAGCGTGACT
sgRNA_00495,GGTTCCTGTATACATCATCC
sgRNA_00496,GAAGAAAGAATAGCCATATG
sgRNA_00497,GTCCAATTCAGTATCTATGC
sgRNA_00498,AGTGCCCCGACCATCTACCA
sgRNA_00499,ATGTCTCTACAGTCCTACGG
sgRNA_00500,GACCAGCATAGATACTGAAT
sgRNA_00501,AGCTCAAGGGCATAGTGACC
sgRNA_00502,TGTTTCACCAACATCATGCA
sgRNA_00503,GCCTTGCCTGCAATATAACC
sgRNA_00504,GCATCTGCAATAATGAATGG
sgRNA_00505,GGGTTGTACATAGCAATGAA
sgRNA_00506,GCTTGTACCAGCTCTATAGC
sgRNA_00507,GGGAGTCAAGTCCGGATCAA
sgRNA_00508,TGTCTGCCAAGTACTCTGGT
sgRNA_00509,CTAGTGGAGACAGATACCTT
sgRNA_00510,TAGTGGAGACAGATACCTTC
sgRNA_00511,CGGCAGCCTGTACTGCAGAG
sgRNA_00512,GGCAGCCTGTACTGCAGAGT
sgRNA_00513,GAGCAACTTACTTAACACAC
sgRNA_00514,CATCCGGGTAGATCTGCAGA
sgRNA_00515,CTGTACTGCAGAGTGGGCAT
sgRNA_00516,AGATTCCCCACAGAACTCCA
sgRNA_00517,GGAGCAGGGCATCAGCCTGA
sgRNA_00518,TTCCCCACAGAACTCCAGGG
sgRNA_00519,GAACGCACCACACAGCACAG
sgRNA_00520,AGACCAGATCTACTGGAAAC
sgRNA_00521,GGGACACATACACATCACTC
sgRNA_00522,GTATAGTTGCCACGATCGGA
sgRNA_00523,AGAATGGCAAAGAATTCCGA
sgRNA_00524,AAGGAGTAGTCCATGCCTGG
sgRNA_00525,GTACTCCACCAGCACATACA
sgRNA_00526,GACACCAAGAACAAACCATT
sgRNA_00527,GAACTTTATGCTGTGACCAA
sgRNA_00528,GAGCATCGGAACAACACCAC
sgRNA_00529,TTGCTAAATGCCCATTACGA
sgRNA_00530,GTGTCGGACATGTCATAAAG
sgRNA_00531,CGGGTCTGGAATACACACCT
sgRNA_00532,GGGACCCAGGCCGTTCATGG
sgRNA_00533,GCCACTGAGGCGCTGCCAAG
sgRNA_00534,GCCGGCCCCTAAGCCCGTGT
sgRNA_00535,GCCGAGTCACCCCTTCACCG
sgRNA_00536,GAAGGTCACAAAAGATAACA
sgRNA_00537,TGAGGGTCGCATGTGCAAGT
sgRNA_00538,GCGGAATGCCGCCACTTGGA
sgRNA_00539,AAAATGTTAAAGGAGCAGTG
sgRNA_00540,CAGCTCTGAAGTAAGCACAG
sgRNA_00541,GGGCCGTGGGCAGCCGTAGG
sgRNA_00542,CTGGGGGTGCAGCTACCCTG
sgRNA_00543,GGGCAGGGAGCGGCGCCCCA
sgRNA_00544,ATGGCCATCCGCGACTCCGC
sgRNA_00545,AGCGCGGGATAGGCGCGCAG
sgRNA_00546,GCTGCAAGAAATGTCCTTGT
sgRNA_00547,GTCTTGGACACTTCGCATGA
sgRNA_00548,AAGTGCAAACAGCATAGAGC
sgRNA_00549,GAACTATATTCACAGAGATC
sgRNA_00550,GAGGACCTGAGCTTCCGTGC
sgRNA_00551,AGCGACCTGCGACTATATGG
sgRNA_00552,TGAAATATGACATTGCCTTG
sgRNA_00553,TGAACAGGAGACACTCACTC
sgRNA_00554,GCTGGAGCAGAGAATTGAAG
sgRNA_00555,GGCAGGGAGCGAAAAGCCAG
sgRNA_00556,TGAAACAGTAGACCACGTGA
sgRNA_00557,GATGGAGGCTGTCTACAATG
sgRNA_00558,GGTACACAGAAAATTCACTT
sgRNA_00559,GTGGCTGGAAACCATTGGGA
sgRNA_00560,TGGTTGTCAACTCCATCACG
sgRNA_00561,GTTGGTGAGAATAACCAGGG
sgRNA_00562,GATGTTGGTGAGAATAACCA
sgRNA_00563,GATCACCGCGCGGTTGCTAG
sgRNA_00564,AGCTGCCCCTAGCAACCGCG
sgRNA_00565,AGAATAGAGCACACTGTGGA
sgRNA_00566,GTTGCGGATCGCAGAAGTGG
sgRNA_00567,ACTGTCCGGAAGTTCATGGT
sgRNA_00568,AGTTGCGGATCGCAGAAGTG
sgRNA_00569,TTGCGGATCGCAGAAGTGGG
sgRNA_00570,GGGGTTAGAACAGCCCATCA
sgRNA_00571,GAATCCTGATAATTACCTGG
sgRNA_00572,AGAGAAGATCCTCTTCATCA
sgRNA_00573,GGAGGCTGGGAGACCTTCGC
sgRNA_00574,GATAACAGCAGAAACCTTCA
sgRNA_00575,AAACAGAGACACACTTCTCG
sgRNA_00576,GCCATCTCGTCGCCAGAGAG
sgRNA_00577,GGCGTTCCGGCGCCATAAGG
sgRNA_00578,GTTCCGGCGCCATAAGGTGG
sgRNA_00579,GTTGGCGTTCCGGCGCCATA
sgRNA_00580,ATCTCGTCGCCAGAGAGGGG
sgRNA_00581,AGAGCCGGATGTGAGAGATG
sgRNA_00582,AGTGTTTGTTGACACCCCCG
sgRNA_00583,AGACACAGAAATCATAAACA
sgRNA_00584,TGTGAGAGATGGGGAAGTGG
sgRNA_00585,TCCGTATCGAAGGGTCCCTG
sgRNA_00586,AGCAGGGCTGAGGCCCCTGG
sgRNA_00587,GATGGGGTGGGGAAAAGTGA
sgRNA_00588,GATGTAAGCTACCAGCGAGT
sgRNA_00589,GGCTGCTGTGCACAGACCGG
sgRNA_00590,ATTGACATGAGACACCAGGA
sgRNA_00591,ATGGCCCTGAAGAAGTACCA
sgRNA_00592,CGGGACTCACCAAAGAAGGG
sgRNA_00593,GGTGGAGAAGGGGATGTATG
sgRNA_00594,GGGGCGGAGTGGCCTAAAGT
sgRNA_00595,CTTGATGGGCGTGAATACCG
sgRNA_00596,GTAAGAGCAATACCACATTC
sgRNA_00597,GAAAGAACGGACCTGGTGAC
sgRNA_00598,GATGATGAAGATGAATGCAT
sgRNA_00599,ATGATGGTTAAGCCTTGCGG
sgRNA_00600,CTGGAACGGACAAGAACTTG
sgRNA_00601,GAAGGAGGTGACAGATCACA
sgRNA_00602,GAACCTCTCCAACCGTTGGG
sgRNA_00603,GCTGAGAGGACACGTTGTAG
sgRNA_00604,TGAGTGGGTACGTTTACCAG
sgRNA_00605,TGGCATGCTGCAGAGTCAGG
sgRNA_00606,GATGTGCCTGGGGATGTAGA
sgRNA_00607,GAAGCAGACCATCCACGAGG
sgRNA_00608,GGTGCTTGAGTCCAGCCAAG
sgRNA_00609,GAATCGCACCGCATACACTG
sgRNA_00610,CCTGAAGCAGACCATCCACG
sgRNA_00611,GTCAGCACACGGCCAAACAG
sgRNA_00612,GGGAGCTGAAAGGAAAATTC
sgRNA_00613,GAACAACTTTGAGTATACCC
sgRNA_00614,CGGACAGAAGAACCCAAGAG
sgRNA_00615,AGTACTTCCAGTGTCTCAGC
sgRNA_00616,GGGAGGAGAAATCTGTACTC
sgRNA_00617,GTCATAGAGCAGGCCCAGGG
sgRNA_00618,GTAGTCATAGAGCAGGCCCA
sgRNA_00619,GGGAGCAGAAAGAAAAATCC
sgRNA_00620,GAAAGCCGAGGATTTCACAC
sgRNA_00621,AGATTGGGGATAAACAACAC
sgRNA_00622,AGTGACTTTGAATACACCCT
sgRNA_00623,GTCGATGACGCGCTGCTTGG
sgRNA_00624,GCAATGAGACCACATACTTG
sgRNA_00625,GTATGTGAGGAGGGAGACAG
sgRNA_00626,ATGGTAGAGGAGTTCAACCA
sgRNA_00627,GTGCCCATGGTAGAGATCGA
sgRNA_00628,CATGGACAAGATTATCTCGT
sgRNA_00629,CATGGTAGAGGAGTTCAACC
sgRNA_00630,CGTTGGCAACAGGCTGAGCA
sgRNA_00631,GTTCTGCCCCTACTCGCACA
sgRNA_00632,GCCCAAAATCAAAGGCACAA
sgRNA_00633,GCTCAAACCAGGGCCAGACG
sgRNA_00634,ACGTCCAGGCGCTCAAACCA
sgRNA_00635,AGATTCGGATCACACCCTCA
sgRNA_00636,TGTATGCCAAGTCAAAAGCT
sgRNA_00637,GTTTCTTGGCAGTACCGAAG
sgRNA_00638,AATTCTCGAACCCAAAACAA
sgRNA_00639,AGACACATCAAAAAATCTGA
sgRNA_00640,AGAAAATTTCTAGAATCTGG
sgRNA_00641,GCAACTCACCGATCAGACAA
sgRNA_00642,ATGGAAAAAGGAACACACAG
sgRNA_00643,CAGGTAGTCCATTGTCTGAT
sgRNA_00644,TGACTTCTTTACGTAAGGCA
sgRNA_00645,AGGCGGTGGCCAGTAAGCCT
sgRNA_00646,GCATGTAGGAGCCAGCTCGC
sgRNA_00647,GCTGAAGAAGGTCATCTCGC
sgRNA_00648,GCTCCCATAATCCTGCATGT
sgRNA_00649,AGGCCCCTGGAATACGTAGC
sgRNA_00650,AGTCTGAGTAGAGCTGAAGA
sgRNA_00651,GGAGGCTCACACCTGAACTG
sgRNA_00652,GAAGGTGTGGACGCTGACAG
sgRNA_00653,GAAGCCTCTGCAGCAAAGCG
sgRNA_00654,TGTGCCTCTAGGATTTCGTG
sgRNA_00655,AGACACACTGAAAGCAGCGA
sgRNA_00656,GCGAGTGGTAAATCCAGGTG
sgRNA_00657,AGAAAGTCATGCCCCCACTG
sgRNA_00658,GTATTCAGGGAATACACTGA
sgRNA_00659,AGGATTGTCAGGCTGCATGA
sgRNA_00660,GTTAGATTCTAGAACTCCAT
sgRNA_00661,GTCAGCACCACACAGAGAGG
sgRNA_00662,GATTGGTATAAACACTCTGA
sgRNA_00663,TGCGCCCCAAGGCTGCGCTG
sgRNA_00664,AGAGTGACTTACGTTAATGA
sgRNA_00665,TGCGGAGCGCACATAGGCTG
sgRNA_00666,GTAATCGACAGACCTCAAGT
sgRNA_00667,CGAAGGAGGAGAGAGTGTGT
sgRNA_00668,GTTGTGATCCAGGTGCAACC
sgRNA_00669,TGGGCACATAGCAGGCACAT
sgRNA_00670,AGGGTCAGCATTCAGGACCG
sgRNA_00671,AGGTGCAGAATGGAACACTG
sgRNA_00672,TGGCAGTGAGGACACCCCGG
sgRNA_00673,GATTAGCACGAACCGGACAC
sgRNA_00674,ATTGACTGTCAGGTGCACCC
sgRNA_00675,TGACCGAGCCCACCATGACT
sgRNA_00676,TGTGTGATGAAAATTCGTAG
sgRNA_00677,GGGTAAAAGAAGCTCCGCAC
sgRNA_00678,GTACATAAAAGGAGTCACAC
sgRNA_00679,AGACACATAAAGTTACACTC
sgRNA_00680,TGTGAATGGTGTACATGACA
sgRNA_00681,GCCCTGCGCAAGCTGCACGC
sgRNA_00682,GAAGAAGTACAGGCGGACCC
sgRNA_00683,GGGATGCAGCAAGAGTTCAC
sgRNA_00684,TAGTTCCCGTAGTAGCCAGT
sgRNA_00685,AAGGTGGACCTGAAACGTAG
sgRNA_00686,TGTGTAGCCAGATGAGACCA
sgRNA_00687,GGACAGGGGACTGATCCTGG
sgRNA_00688,CTGACCAGTACACTTTGCAC
sgRNA_00689,GCTTCAGCCGGACTCTTCGA
sgRNA_00690,ATGACGGTGAGCAACCCCCA
sgRNA_00691,AAGGCAGTGACACTTTCCCA
sgRNA_00692,TGGCCGGTGTGATTGTACCG
sgRNA_00693,AGAATACTGAACCACTGTCC
sgRNA_00694,GATCCTTGGCCACTATAACA
sgRNA_00695,GAAATGGAGATGTCTCAGAC
sgRNA_00696,TGGGAGCACCAGGCGCAGTG
sgRNA_00697,TGAGGTAATACAGATCTACT
sgRNA_00698,GGAACCAATCCTCTGTACCG
sgRNA_00699,GTTGAGGTCGTCATCCATAG
sgRNA_00700,GACAGGAGAAGTTGTCACAC
sgRNA_00701,GAAATAATTCCACAAGCAAG
sgRNA_00702,ATCACAACCAAACTCTACTG
sgRNA_00703,AAGTTCTAGAGCTTCACTGA
sgRNA_00704,GCACGTGATCAACCAAGGCA
sgRNA_00705,GCTCCTGGGATCATCCACTC
sgRNA_00706,TGTGGTGGAGAGCACGGTGC
sgRNA_00707,GAAGTAGAGGACTGGTCTGC
sgRNA_00708,CAGCTCGTGGAGTTCACAGA
sgRNA_00709,GGTCTCCAGGACAACCAGCA
sgRNA_00710,GGTGACAAATCCCAGCAGAA
sgRNA_00711,GAATAAAAAGCCTTCAGACA
sgRNA_00712,TGTCCATGCGCACCATACGC
sgRNA_00713,GAACTCTTGAGCCGTAGTGA
sgRNA_00714,GTTGTCTCTGCAAAAACTCA
sgRNA_00715,CGTCAGCGCTCAGAAGTCTC
sgRNA_00716,CAGGAAGAACAGGTAGTGAG
sgRNA_00717,GAAAGGAAAGGCCAGTCACG
sgRNA_00718,CGAGAAGAGGTCCAGGTACC
sgRNA_00719,AGACCAAAGCGAAAAGAATC
sgRNA_00720,GAAGAAGTCACAGTAAAAGA
sgRNA_00721,GACCGGCTGGAAGAACCGTG
sgRNA_00722,AGAAGGGAGTGTATGTCAAG
sgRNA_00723,GAACACCAAGTTCTTAGTGC
sgRNA_00724,TGAGCGGCAATCCAAGACTG
sgRNA_00725,TGGGCGCTGACACCAAGCAG
sgRNA_00726,GCCAACGGTGCAGATTACAG
sgRNA_00727,GAAGTCAGGGGAGTACACCA
sgRNA_00728,GGGGACCACACGCAGCCCTG
sgRNA_00729,GTACAACACAGCAAATCCCT
sgRNA_00730,AGAGTCCCTGATATCAAACA
sgRNA_00731,GGTGGACCTGACCCGCATGC
sgRNA_00732,TGGAAATGGACGCAGCACCC
sgRNA_00733,GAATTCAGCAGTCAACTGGC
sgRNA_00734,AGACGTTTGCAAGAATGTGG
sgRNA_00735,GGAAATGGACGCAGCACCCG
sgRNA_00736,GCTGTGGAAGCTGATCTCCA
sgRNA_00737,GCAGAACCTGAACGACAGAT
sgRNA_00738,GCTTAGCATTGTCAATTCGC
sgRNA_00739,AGGAAGTTGAGGTTCTTCGC
sgRNA_00740,GTAGGAGCTATAGTCTCGGA
sgRNA_00741,AGAGGAGATCAACCGACGCA
sgRNA_00742,AGATGAACCGCTCTATCCAG
sgRNA_00743,GTTAGAGTCCAGCATCGCAG
sgRNA_00744,GCCGTGCGCTCCGCTTATGG
sgRNA_00745,GCTGTTGTGAATTCCACTGG
sgRNA_00746,CAGTGAGCGATACAGCCAGG
sgRNA_00747,GGTGGCAATCAGCAATAAGA
sgRNA_00748,GGCAATCAGCAATAAGACGG
sgRNA_00749,AAGGATCCATCAGTCCTGGG
sgRNA_00750,GCTGCAGACATGAACAGAGA
sgRNA_00751,GTCCGCGATGGCCTTAACTT
sgRNA_00752,AGGCTGGAAAGGTACATTGT
sgRNA_00753,GGATTTACCACACGGACAGG
sgRNA_00754,AAGCAGCAAGAACCCACTGA
sgRNA_00755,GTTGTTCTGGGACCGTCAGT
sgRNA_00756,AGAGGCATCAGTCACCAAGA
sgRNA_00757,TGACATCAAGACTTAACCTG
sgRNA_00758,AGACTGAGTCGGGAGCAGAG
sgRNA_00759,GTCACCAAGAGGGCTCAATG
sgRNA_00760,TGTGACAAGGACTTCAGTAC
sgRNA_00761,GAAGTCATAGAAGAGCACCA
sgRNA_00762,TGGACCGCTCCAGCACCCAG
sgRNA_00763,GTTGGGGAAACCCCAGTAGC
sgRNA_00764,GGCAAACTTGATGAGCACAT
sgRNA_00765,GATGTGACCAGTGTCGCGTG
sgRNA_00766,AGTGGCAGGCCACACATACT
sgRNA_00767,TGTTGTAGAAAGGGGCACAG
sgRNA_00768,GGGGCCCGGTAAAGCCAGGG
sgRNA_00769,AGCGGGGCCCGGTAAAGCCA
sgRNA_00770,ATGGAGGGTGTACCAGTACC
sgRNA_00771,TGGAACTCCAGGAAAAGCGT
sgRNA_00772,GATGGGTACACACACGTCCG
sgRNA_00773,GCCTACCAACAGGAAACCAA
sgRNA_00774,TGTGCGCTATGGAACCATGC
sgRNA_00775,TGTGGACCAGGTCAGCCGAG
sgRNA_00776,TGGCATGAAGAACCCCACAC
sgRNA_00777,GCATCCCCAGCACCGAGTGG
sgRNA_00778,CGACACGCAGCAACCCATCA
sgRNA_00779,GTCCAGCCTGACTTGTACTG
sgRNA_00780,TATGGTACAGATCCTCCACT
sgRNA_00781,TGGCAGATGAAACAGTCTCG
sgRNA_00782,AGAGTGACATAGCAGACGTA
sgRNA_00783,GCACTGGAATGGCAGCCTTA
sgRNA_00784,TGACATAGCAGACGTAGGGA
sgRNA_00785,AAGCTGACAACCCAAATACG
sgRNA_00786,GAGCAGACGTAAGCACACAC
sgRNA_00787,GTTGAATCCACCAAACACCG
sgRNA_00788,GGACCACTGAGATGCAGTGG
sgRNA_00789,GAAGAGGCCGAAACCATGGC
sgRNA_00790,GTAGGTATCAGCGAAATAGA
sgRNA_00791,TGTGCCGGCGTGACTACCTG
sgRNA_00792,GAACAACATGATCTTGTGCC
sgRNA_00793,GCTGGCAGGCGAAGCAGTCA
sgRNA_00794,GCCAGGTGGACTATGAGGAG
sgRNA_00795,GGGCTCCACTCTCTACACCA
sgRNA_00796,AGGGAGGCCCACCTGCCTGT
sgRNA_00797,CTGGTGGTAAGGCAGCGGGA
sgRNA_00798,AGCCCGACAGGCCTCCCCAT
sgRNA_00799,GGGAAAGACTGGACACACCA
sgRNA_00800,CGGTGTCTAAACCTGAACGA
sgRNA_00801,GGGCACCTGAAGTTGCCAGG
sgRNA_00802,GAGTCCAGGACAATCAACAG
sgRNA_00803,GTCTCCAGAAGCATACTGTC
sgRNA_00804,TGTACTTTGTGGAACCCAAG
sgRNA_00805,AATCTTGACCAAAATCCCAT
sgRNA_00806,GCACTGCTGTAGCTGAAAGA
sgRNA_00807,GCAGAGTGCTACAGCTGTGT
sgRNA_00808,AGAAGGCCAGGAGCCCGTGA
sgRNA_00809,GAAGGTCGGCGTTACAGCGG
sgRNA_00810,CGGGGTGGACGTCTGTACCG
sgRNA_00811,GGATGGTGACAGCTAGAATG
sgRNA_00812,GCACCAGGAGGTAAGGACTG
sgRNA_00813,GACTTTGACCTGCCCAATCA
sgRNA_00814,GAACTGCATCATCATAGCAA
sgRNA_00815,TAATTATAACTGCAATCGAT
sgRNA_00816,AAAGTGAAAGAATGGTACGT
sgRNA_00817,AAAACCCTGTCACTAAACGG
sgRNA_00818,GCATATGAAATTCCTCACCG
sgRNA_00819,CGAGTCCGATCTTACCTCGG
sgRNA_00820,GCATAGAGAAAATCATAGGC
sgRNA_00821,GCCTTTCAAGGAATGCCCGA
sgRNA_00822,CGTGCGAGTCACCATCCACG
sgRNA_00823,GAAGGCTGGACCCGCGTGGA
sgRNA_00824,TGCCCTCAACAGGCAAATCC
sgRNA_00825,GCATCAGCAGAAAGTTGCAT
sgRNA_00826,GCTGTAAAGCGACTCCATGT
sgRNA_00827,CTGGCCAGGAACGAATGTGT
sgRNA_00828,GCCATGAAGCTGTTGTCCGA
sgRNA_00829,CCGACCCAGAGGAGGCTACG
sgRNA_00830,GTGCAGACACAACAGACCGC
sgRNA_00831,GACAACTCAGGAGAGAACCG
sgRNA_00832,GTCGTATTCACAAAGATAGG
sgRNA_00833,AGAGAGAGACCAATGGTACC
sgRNA_00834,AAGATGCAGAGAGAGACCAA
sgRNA_00835,CAGGAGAGAACCGAGGCTGG
sgRNA_00836,GCTGCTGCAGTATTCCACAC
sgRNA_00837,TGTTAAGAGCAAATCCCTCG
sgRNA_00838,AGAATGAGGCATCTATCCAC
sgRNA_00839,TTGGATGGCAAGCCCTGTCA
sgRNA_00840,GCACATGACCCTCAGGACAT
sgRNA_00841,GTAGAGTTCAAAATTCCAGA
sgRNA_00842,GAAGGAAGGCCGCAACCTCG
sgRNA_00843,AGAGCAGAGGTACAAAAGCA
sgRNA_00844,CGGTATATCATTCTACTCTG
sgRNA_00845,GTAAGAGTGCAAATCCGCAG
sgRNA_00846,ATTGTCTGAGCGCTGCACAC
sgRNA_00847,GCTGAGTAATGGCTCAGTCA
sgRNA_00848,TCGATGGCGATCCACTTCAC
sgRNA_00849,TAATCGGGAATATAACAGGA
sgRNA_00850,CGGCAGGATGGGGAACTGGT
sgRNA_00851,GAAACGGCAGAGAGGCACAT
sgRNA_00852,TGTACCCCAGAAGAGCGAAT
sgRNA_00853,TGCTGCAGTGGATTGTACGA
sgRNA_00854,CATTCAAGGGAATAAGATGC
sgRNA_00855,GAGCTGTGGATTTCCACCTG
sgRNA_00856,GGTTCGCTAATGCTAGACGT
sgRNA_00857,ATGTTCAGGGCAACGCTGAA
sgRNA_00858,GTCGGCTGAAGAACACTGTC
sgRNA_00859,GGTGGCCATGACATGTCTCA
sgRNA_00860,GAAGGTAAGGCATAAGCGAC
sgRNA_00861,GATCGGAAATCAGTGTACCG
sgRNA_00862,TGAAGCGAGCCCTCACGTGC
sgRNA_00863,GTGGTACTACCAGCACGTGA
sgRNA_00864,ACAGAGAGACCGGATCACTT
sgRNA_00865,TGAAGATCGGTTCTCTGGAG
sgRNA_00866,GGAATATGGAGAATGCTGTG
sgRNA_00867,TGCTGGAGAGAGCAAGCACG
sgRNA_00868,ATGGAGACCTCGTTGACTGG
sgRNA_00869,CTGGAAGGGAGGCCAAGTCG
sgRNA_00870,GTCCAGAAATGCTTTCCGCA
sgRNA_00871,GATCCCACTGAACTTCAAGA
sgRNA_00872,AGTGACTCAGACCCAGAGAG
sgRNA_00873,GATGGGCCAGGGAACACTCT
sgRNA_00874,AAGGATGAGTACTGGACTGA
sgRNA_00875,ACTTCAAGAGGGTTAGTTGG
sgRNA_00876,GGGGACAGGAGGCAGATCTG
sgRNA_00877,ATTGCCCGCATTCTGCATGG
sgRNA_00878,CGTGCTGGATGTCAACCCGC
sgRNA_00879,CATGCCCCCATGCAGAATGC
sgRNA_00880,TTGGCCAGGGATCTGACTAT
sgRNA_00881,TGACCGTGAGCTCTGTTAGG
sgRNA_00882,AGTGCCGATGCTCACGTCCG
sgRNA_00883,AGGGCGGTATGTCCAGTCTA
sgRNA_00884,GCTCACGTCCGAGGCTATGT
sgRNA_00885,GGCCGGAAATGTCTACAAAG
sgRNA_00886,TGAGTGACATGGTACTGTAG
sgRNA_00887,GCAACCTGAGGGGAGCCCGC
sgRNA_00888,GGTGGAAACCAGCTGTTCTC
sgRNA_00889,TTCCTACGGGATGCACAGGG
sgRNA_00890,AGAGCCTGCGGGCTCCCCTC
sgRNA_00891,GCAAGAACTAGAAAGCCTGA
sgRNA_00892,CTTCTGTGGAAACTGCACAA
sgRNA_00893,CAGGAGGTGCTGGATCACAA
sgRNA_00894,GGTGCAGGATGAATCCACTT
sgRNA_00895,GAAGGAACCAGAATTCCTGG
sgRNA_00896,GCTGCCCATAGCTCTTTCGG
sgRNA_00897,AGAACTGGTAGGTAGCACCG
sgRNA_00898,CGTGGTGGTAGAATCGACTG
sgRNA_00899,AGGCACTAAAAGTACCCTCC
sgRNA_00900,GCTTATACAGCATAAGAAGG
sgRNA_00901,GAAGAAAAACAAATTCCGAG
sgRNA_00902,AGAGAGGCTGAGGCAGTCGG
sgRNA_00903,TCTGTCCAGCACGGTCACAA
sgRNA_00904,CAGCACGGTCACAATGGTGA
sgRNA_00905,CTAGGATAGTCACTCCTGAG
sgRNA_00906,AGTGCGTGCGCAGAGCATCG
sgRNA_00907,CGTCACTGAGAATAGCACGT
sgRNA_00908,GATATGTAGAGAGCACTGAG
sgRNA_00909,CGGAATGAGCTCCTTCACGT
sgRNA_00910,TGAGTGCCAGCTCGTCACGG
sgRNA_00911,AGAGGACGGGAACTCCATCA
sgRNA_00912,GACTCTGGATGGGCACATGG
sgRNA_00913,AAAGACCTTGAGGTGGATGG
sgRNA_00914,GAAGATCTTCACGTTGACAG
sgRNA_00915,TGCCGGCATATACAAGTGTG
sgRNA_00916,GCCATCTGCCATCCTCACTG
sgRNA_00917,GTGGACACCAAGGAACTGTG
sgRNA_00918,GTCAACGAGAGCCGCTACGG
sgRNA_00919,GTGGTTCAAAGTCTCCAGGG
sgRNA_00920,GACTACTTTGTGGAGCACAT
sgRNA_00921,AGTAGCCAAGGAGAGCATGT
sgRNA_00922,AGTGTGGAAATCCGAATCTG
sgRNA_00923,TGAGAAACAGACTTATATGC
sgRNA_00924,AGTAAGCTTACATCTATGGT
sgRNA_00925,TGGAGAGAAGGCCGATGTCT
sgRNA_00926,CCAAGCCGGAAATTACATGG
sgRNA_00927,GTTTGAAGGAGAAATACTGC
sgRNA_00928,GGAAGGTTTCCGGTAAATAC
sgRNA_00929,AGAAGCAGAAAACTTCCATG
sgRNA_00930,TGGAGGAGAGTACATGTGTA
sgRNA_00931,CATCGGGAGGAAGAACACCA
sgRNA_00932,GGACAGGATGATCTCGTGGC
sgRNA_00933,GCTACTTACAACACTCGATA
sgRNA_00934,CAGGAAGGTACGTGAAACGC
sgRNA_00935,TGGAGGACACCCCATTGTGC
sgRNA_00936,CTGGGTGCTGAACAGCACAC
sgRNA_00937,TGGGTGCTGAACAGCACACG
sgRNA_00938,AGTGTTTGGAGTCGATGCCC
sgRNA_00939,GATCAGAGTGTAGAACAACA
sgRNA_00940,GTGTGACAGTGTCAGTGTGT
sgRNA_00941,GTATGGTGTAGGTACCCTCG
sgRNA_00942,GGGATTCACTCCCTAACCAA
sgRNA_00943,TTTCGAGACCAACACTACGT
sgRNA_00944,TGCTCGGAGCTCTATCACGG
sgRNA_00945,CGGTTCAGAAAGCTTCCCCT
sgRNA_00946,GTGATGGTGTACATCCATGG
sgRNA_00947,AAGTTATTAGTGAACCACAC
sgRNA_00948,AGGCTGCCAAAGGAAACTAC
sgRNA_00949,AATAATGGGATAAAGTCAGC
sgRNA_00950,TGGGGGTCCCAAACCAGTGA
sgRNA_00951,GACTTACTGAAGGTGTGTGA
sgRNA_00952,GCTTACAGGAGAATGCCATA
sgRNA_00953,TCTCCAGGGGAATCCCATTG
sgRNA_00954,TAACAGAAGCCTCATCACAC
sgRNA_00955,TACCAATGGAGGCCACCTGT
sgRNA_00956,AGTAGCCAAGGAGACACACC
sgRNA_00957,AGCTCAGGAACGCACTTCAT
sgRNA_00958,GCTAATATCATAGCAACAAG
sgRNA_00959,GAACCTGATCTCTCGCTCTG
sgRNA_00960,TATGATATTAGCTAGACATA
sgRNA_00961,GAAGGAGGCCAGCATAAGTG
sgRNA_00962,GGATATCAGCAGCAACCAGG
sgRNA_00963,GGCGTTCAGTGCCTACACAA
sgRNA_00964,GCCCAGCCTTGCCAGCACGG
sgRNA_00965,AGGGCAGGCACAGTAGAAAG
sgRNA_00966,TGTGTGCATACGATGAACTC
sgRNA_00967,GTTACCGGTTTCTAACCAAA
sgRNA_00968,AAGGAGAGGTGTGATACTGT
sgRNA_00969,GCTGCCCTTTGGTTAGAAAC
sgRNA_00970,GTGGTAGGTGATGTAGTAGT
sgRNA_00971,GATGCCGCACGAGTCAACGG
sgRNA_00972,AATTAGTAAAAAAATCTACG
sgRNA_00973,AGGTCAAAGTAGGACTGCCA
sgRNA_00974,AGTGGACTGGGTCCATTACA
sgRNA_00975,GCACGGCATTGTCTACTCAG
sgRNA_00976,AGGATCCGGATCACCCCTGG
sgRNA_00977,TTGCTTGGGACAGAGGCTAT
sgRNA_00978,TGTTGATCTGAAGTGATAGG
sgRNA_00979,CAGGATCCGGATCACCCCTG
sgRNA_00980,CAAATGGACGTCGCCCCCAG
sgRNA_00981,TATCAGTGGGTTCAGCACTG
sgRNA_00982,TGATAGCAGTGTAGCGAAGT
sgRNA_00983,GGCCATCACAGCCAGCAAGA
sgRNA_00984,GATGCAGCCTAGGAATGATA
sgRNA_00985,CACAGGCAGTATATCCATGG
sgRNA_00986,GACTGGCAGTAGAACACACT
sgRNA_00987,AGGATACAGCCGCCAACTGA
sgRNA_00988,TGAGAGAGAGAGGTGTTAGG
sgRNA_00989,GAAAGTGGTCTATGACATAG
sgRNA_00990,GCAATAATTCCATAGAAAAG
sgRNA_00991,TTAGCAGCTTCATGCTGGAC
sgRNA_00992,ATCCTGTAATTTATACGCTA
sgRNA_00993,TCTCAACTCAGTGTTGCACA
sgRNA_00994,AATTTATACGCTAAGGAATA
sgRNA_00995,TTCCTTAGCGTATAAATTAC
sgRNA_00996,GGGCAGGTGGAAGGTCAGAA
sgRNA_00997,AGGCTGCTAACCAGCTGCAC
sgRNA_00998,TTCCTCAGTGCATAAATTAT
sgRNA_00999,GAAAGGATGATGCACAGGAA
sgRNA_01000,GCTGGTTAGCAGCCTCATGC
sgRNA_01001,AGAATGCAGACGTTGGTCCA
sgRNA_01002,ACATGGGAGAATGCAGACGT
sgRNA_01003,AGCAGAGATCCAAAAAAGAG
sgRNA_01004,AACATGACTACAAACAAATG
sgRNA_01005,AAACAAATGTGGTAGACAGG
sgRNA_01006,GTAAGGGTAAAAGTAACACG
sgRNA_01007,TGATGGCAGAGTAACGGAGT
sgRNA_01008,AGGACATCACCACTAGGAGA
sgRNA_01009,TGGGGAATGGAACCATCGTG
sgRNA_01010,TGCATAAGAGACCACAATTG
sgRNA_01011,GCCACACAGGGGTACCCAGA
sgRNA_01012,ATGTGAGAGGGGCAATAAGG
sgRNA_01013,AGAGAGAAACAACAGTAAGA
sgRNA_01014,GCCAGCAGTTGGCAAAAACG
sgRNA_01015,AGAGGTTAAATAGCAGCTGG
sgRNA_01016,AAAATGCTATACGAATGTCC
sgRNA_01017,CAAGCTTAAATAATTGTTGC
sgRNA_01018,TTCAACAACACCAAAGAAAT
sgRNA_01019,GTCATCCTGTTCTTTGTGCC
sgRNA_01020,GATTAGGATGACAGCATAGG
sgRNA_01021,AAAAGGAGTAAGCACACCTG
sgRNA_01022,TGGAGTAGCAGAAATCTATA
sgRNA_01023,GACTACCAGCTCATTTACAT
sgRNA_01024,CAGCACCTATGTAAATGAGC
sgRNA_01025,TGTTGTGGGCATTGATATAG
sgRNA_01026,CTCATGTAGGATGTATATTT
sgRNA_01027,CTGCCTGAGAACATGGAAAA
sgRNA_01028,CCCATCATCTTCCCATTCGA
sgRNA_01029,TGTTTCAGAAAGTTACATGC
sgRNA_01030,TGATGAAAGCATAAGAACTG
sgRNA_01031,GATATCACAGAACAGATCTG
sgRNA_01032,GAAGAATGTCACATAAGTAA
sgRNA_01033,AATAATCTACATAATCACAG
sgRNA_01034,TATCACAGAACAGATCTGAG
sgRNA_01035,AGGATGTCAAGGTGGCATTA
sgRNA_01036,AGATGCTGAAAAATTTATGG
sgRNA_01037,AAGGCGCGAAAGCAGGATGA
sgRNA_01038,GAGAAACACTACCACCAAGT
sgRNA_01039,AACCAGCGTCAACAAGTAAG
sgRNA_01040,AGAGAAACACTACCACCAAG
sgRNA_01041,ACAGTGACAGAGTTTATCCT
sgRNA_01042,TGACAGAGTTTATCCTCGGG
sgRNA_01043,GTCTATGCCGTAGGACTCAT
sgRNA_01044,TAAAATGCTCATCAACTTTG
sgRNA_01045,TGCTGAACCGATGAGTCCTA
sgRNA_01046,GAATCTTCAAGACTGAGAGA
sgRNA_01047,GGCCACGGAGGTCAGGTGAG
sgRNA_01048,GCACAATTAACCATATGCAG
sgRNA_01049,GATAGATGGCCACGGAGGTC
sgRNA_01050,TACAAGTGGAAACTACACCT
sgRNA_01051,CAGGACTAAGGGAATCGAGG
sgRNA_01052,ATCCAGGACTAAGGGAATCG
sgRNA_01053,GTTGTCAGATCACCCAAAGC
sgRNA_01054,GGTCAGCACCCCATAAAATA
sgRNA_01055,GGAAGGAGCCAATCAGTCTA
sgRNA_01056,AAAAAATGATCACCACGGTG
sgRNA_01057,ATCAAGGACTAAGGGAACGG
sgRNA_01058,GGTGGGCGGAGAGGCCCAAC
sgRNA_01059,CCCATAAAAAATGATCACCA
sgRNA_01060,GCTCATCTTGTCAATGTACC
sgRNA_01061,GGTGACAAAAAAGAACATTT
sgRNA_01062,TGTGAGCAGAAAGCAGTTGT
sgRNA_01063,AGCCTGCCAAGGATATGGGA
sgRNA_01064,TCAGGCTGGAAAGCATCCGT
sgRNA_01065,AAGGTTGTAAAAAATCAGGC
sgRNA_01066,GGGGATCTACATAATCACCA
sgRNA_01067,TGTTGAGCCTATGAGTCCCA
sgRNA_01068,GGAAATGAGTACGGTTAAGC
sgRNA_01069,GCCTGTTAGTTAGCCCTCTG
sgRNA_01070,TGGTGATTATGTAGATCCCC
sgRNA_01071,GCTGCCTGGAGAGTCCCAGA
sgRNA_01072,AAGAAAGGCACAAAGCTGAT
sgRNA_01073,GACAAGAGGATGCAAACAAA
sgRNA_01074,GGCTCAACTCTACTTCTGTG
sgRNA_01075,AGATGAGGGGTTGAAATACA
sgRNA_01076,CCCAACAGAAGATAAGATTC
sgRNA_01077,TGATGAGCATCAAAAGTAGC
sgRNA_01078,CCTGACTATGGCATGTTCTG
sgRNA_01079,CCTCAGAACATGCCATAGTC
sgRNA_01080,ATCCTTCTTCTTCCTGACTA
sgRNA_01081,AGTAGAAAGTTACAACAGTG
sgRNA_01082,TGAATGGAAACACAAGAAAG
sgRNA_01083,ATGGCTCTGGATCTGCAGTA
sgRNA_01084,AGCAAGGAAAACACGACCAT
sgRNA_01085,GGCCATAGATGCCAACAAAA
sgRNA_01086,GGGCCATGACAAGAGTCCTT
sgRNA_01087,TCATGGAAGAGAATGTCCCA
sgRNA_01088,CAAGCCCTCAGAACCTGCCA
sgRNA_01089,TGATGAGCATCATAAGTAGT
sgRNA_01090,CATTGCTGAGTTTCCAAACA
sgRNA_01091,TATGACAACAACCATGTGGA
sgRNA_01092,TGCAAAAACTGTGTGTACTA
sgRNA_01093,AACAACCATGTGGAAGGAAC
sgRNA_01094,ACTAAGCAGGAAATACATTG
sgRNA_01095,AGAAGAGGGAGACAACGAGG
sgRNA_01096,ATGAGGTGAAGGCTGCATTG
sgRNA_01097,TGGGAACCCGGAGAACCAAG
sgRNA_01098,GATCACAGATCGCCATGTAG
sgRNA_01099,AGGGAAACTGAAAATCCATG
sgRNA_01100,ACTGAGCAGAAAATACATTG
sgRNA_01101,GCACAGGGTAGCAAAGTGGG
sgRNA_01102,AGTGCATTTGGAATACAGTG
sgRNA_01103,TCAGCACAGGGTAGCAAAGT
sgRNA_01104,GACTGAGCAGAAAATACATT
sgRNA_01105,AGGACATGACTGCCAAGAGA
sgRNA_01106,CTGATGAGGGATAACTTCAG
sgRNA_01107,AGTTAAGCTTATCTTTGAAG
sgRNA_01108,ACTGAGCAGGAAATACATTG
sgRNA_01109,GCACAGGGTAGCGAAGTGGG
sgRNA_01110,AGGCTCCCGTGATCATCTGA
sgRNA_01111,TATTGTGAAAACTTGGATTG
sgRNA_01112,AGAGAATCAAGAATGCTTGA
sgRNA_01113,ATGCAGGTTTCCAACTATGA
sgRNA_01114,ATCACGGGAGCCTTCATAGT
sgRNA_01115,GGTGTGAAGAGAACGTTCTT
sgRNA_01116,GCTCTGCCTTCAGATGACGA
sgRNA_01117,AAGCTCCCGTCGTCATCTGA
sgRNA_01118,ACGACGGGAGCTTTCATAGC
sgRNA_01119,ATACAAGCTCGTTGATATAG
sgRNA_01120,TTACAGCCTGAGAAATACTG
sgRNA_01121,GTAATGGTAAGAAATTGAAT
sgRNA_01122,AAGAATGGAAATCAGGTTAC
sgRNA_01123,ATTGTATAAAATATGGCCAC
sgRNA_01124,TCAAGATGAAATCTAAAGAT
sgRNA_01125,AGCATAGAGATGACACAGTC
sgRNA_01126,GATAGGGAGAAAACCAGAGA
sgRNA_01127,TGATGGCATTCTAAGAATGG
sgRNA_01128,GACGAGGGTTCATAATGAAC
sgRNA_01129,GATGCTACTGCACCCTTCCT
sgRNA_01130,CCAAAACTAAAAATCCACAG
sgRNA_01131,AGCATCTGTTATGTACAGTG
sgRNA_01132,AAGATGGGAATCTGTAATGG
sgRNA_01133,TTTGCAGCTATACTGCTGGG
sgRNA_01134,AAACTAAAAATCCACAGAGG
sgRNA_01135,AGAAGATAATCACAACAGTG
sgRNA_01136,AGTAAGACAGGCGAGAAATG
sgRNA_01137,TGGACAGCTGATCTCCTTTG
sgRNA_01138,AGAGCTTACAGACTTTATCC
sgRNA_01139,TGTTGGGGCCACAGTAAGAC
sgRNA_01140,AGAAAAGGGCTACTACAGAG
sgRNA_01141,GCAGGAAAGTCGGAGAAGTG
sgRNA_01142,AGAATACCAGACGGGCCATG
sgRNA_01143,ACACAGATAGACTCCAATGG
sgRNA_01144,GAGGCCAGGATGCAGACAAA
sgRNA_01145,AGGATGTGAAGAAAGCATTG
sgRNA_01146,TAGAACAGGAGAGATTGAGC
sgRNA_01147,GAAATAATGGCTTATGATAT
sgRNA_01148,GCATTGGGGAGATTCTTTGT
sgRNA_01149,TGAACCCTCCAATAATAAAT
sgRNA_01150,ACTCTGCAATACCAAATATG
sgRNA_01151,TTCAATGATAAACGTATTAG
sgRNA_01152,GGAGTGAATGCAGAGGATGG
sgRNA_01153,CATCCTCTGCATTCACTCCA
sgRNA_01154,CATCTCTTACTCTGGATGTA
sgRNA_01155,TAGAAACGGAAGCATAATGG
sgRNA_01156,GGTTCCCCAGCACTGTAATA
sgRNA_01157,CTGCTGTGAAGATTACCAGT
sgRNA_01158,TTGCGGGTCCCATCTCTCAG
sgRNA_01159,CAGCACTGTAATAAGGTACA
sgRNA_01160,AGAGCTCATATGGTAGACAG
sgRNA_01161,AGTGGCCAGAATCCGCGCAT
sgRNA_01162,TTGAGCTGTGCATCCCACAA
sgRNA_01163,TGATAATCCAACAGATCCGG
sgRNA_01164,GTAAGAGTGTGGTACCATAT
sgRNA_01165,GACAACCATAGTAAGGTGAG
sgRNA_01166,AGCACAGGACAACCATAGTA
sgRNA_01167,GACGACAGCAAGGGTTTCAC
sgRNA_01168,AAGGAATAAAGAGGTTAAGG
sgRNA_01169,AGCCAATCTGACGACAGCAA
sgRNA_01170,TTGAGTGAGGCACTGCATGT
sgRNA_01171,TAAAAAAATAGACTTGAGTG
sgRNA_01172,GACAGGAAACACACATAACA
sgRNA_01173,CATCAGTCCCAGCTGAACTG
sgRNA_01174,AACACATGTCTACAAATGAG
sgRNA_01175,GATGTACTTCATGATAGGCT
sgRNA_01176,GGCATGGTCTCACATGAGGG
sgRNA_01177,TGTGGAAAAGACCCGGACGT
sgRNA_01178,TGTTCCCAAACACTGTGATG
sgRNA_01179,GCACAGATGTACTTCATGAT
sgRNA_01180,ACTCCGCAATTGCAAATATG
sgRNA_01181,TTTATATGATCACTGTAGCA
sgRNA_01182,TGTAGGAAGTAATAATGGTC
sgRNA_01183,AGAATGAATGATATGACATC
sgRNA_01184,ATCACTGTAGCAGGGAATTT
sgRNA_01185,CCCCACTAAAGTGAACACAC
sgRNA_01186,CAGGAGAAAGCTGACTATCC
sgRNA_01187,AAACTACCAAGGCTTGTGGT
sgRNA_01188,CCTGTGTGTTCACTTTAGTG
sgRNA_01189,AAAGTCATTCTTGTTTGGTG
sgRNA_01190,TGTGAGAAAGCAGCCTAACT
sgRNA_01191,GAGTGTGAATCAATGCCATG
sgRNA_01192,ATGGCAATAGGATAGGCGGA
sgRNA_01193,TTGTGACCATATACAATAGA
sgRNA_01194,GGTATCAGAGTGCTTGCTCC
sgRNA_01195,GAACATGACAAGTAAAATGG
sgRNA_01196,GAAGGGGGTGAGGACTGTGT
sgRNA_01197,GGCATGTGGAGAGAATGTAC
sgRNA_01198,ATGTGGAGAGAATGTACTGG
sgRNA_01199,GGTTGCCTAGCAGAGTGAAG
sgRNA_01200,GAATGGGATAGTGAAGTGGG
sgRNA_01201,TTATAGCTTGAGGAACAGGG
sgRNA_01202,GACATTTCCACAGAGCGCCA
sgRNA_01203,AGACACAGCAAGCAAAGAGC
sgRNA_01204,TGATGGAATAATTCAGATGG
sgRNA_01205,GGTGAAGAGGATGTCAACAC
sgRNA_01206,AGAATAGGGCCACCACAGAA
sgRNA_01207,GAGGATGTCAACACAGGAAA
sgRNA_01208,TTGGACCCTTACAACCGTTG
sgRNA_01209,TGTCCATGTCTCCAAAAGTC
sgRNA_01210,TAAGTGCATGATAATGCAGG
sgRNA_01211,GGACTTGAGGTAAATTATGG
sgRNA_01212,GGAAGGCTGAGAAACCAAAG
sgRNA_01213,TGAGGGGTGTGACACACACC
sgRNA_01214,AGCATGTCAGACAGCATTCG
sgRNA_01215,GACAATAGGGAAACCAATGC
sgRNA_01216,AGAGAGAGTGTGGATAAAAT
sgRNA_01217,AGGATGGTGGTATACCTTAG
sgRNA_01218,GAAATGTTGAGCCACATTGA
sgRNA_01219,TGTCTGCAATGCCTTCAATG
sgRNA_01220,GCACTGGGAGCACTGCTCAG
sgRNA_01221,GAACATGGGAATGGCAGTAT
sgRNA_01222,AGAAAGGGATAGAGATCCAG
sgRNA_01223,AGAACATGGGAATGGCAGTA
sgRNA_01224,ACCAGAGGGAGATTGCACAA
sgRNA_01225,TGGAGCTGGTGCATTACTCA
sgRNA_01226,TTTGATGAGTAGTATGGATG
sgRNA_01227,ATTTGATGAGTAGTATGGAT
sgRNA_01228,CATTTGATGAGTAGTATGGA
sgRNA_01229,AGAGAGTCACTAATGTTTCT
sgRNA_01230,CTATGTGCGAATCTTCATCA
sgRNA_01231,GAGCAATATCAATGGAAATG
sgRNA_01232,CATTTGATGAGCAATATCAA
sgRNA_01233,TGATGTTCACAGGGGTTTCT
sgRNA_01234,AGATGGCAAAGGCAACAAGG
sgRNA_01235,GGGGAACACAGCCATCGTGG
sgRNA_01236,AGGTACATGACTGAGCACAG
sgRNA_01237,AGGCCATGACGGCCAACAGC
sgRNA_01238,ATGAGCACGGGGTACCTGAG
sgRNA_01239,GACGGCCAACAGCAGGCACT
sgRNA_01240,CATCTTGGGAGCAACAATGG
sgRNA_01241,AACAAAAATCCACAAAAGAG
sgRNA_01242,AATCTAGTTACAATGAACAG
sgRNA_01243,GATGGTTATAGCTGTCAGAT
sgRNA_01244,ATAGGATCCCAATACCAGCA
sgRNA_01245,TGGTGGGATCCTACGCATGG
sgRNA_01246,GGACAGTGACAACAATGAAC
sgRNA_01247,CCAGAAACTCTGTATCACAC
sgRNA_01248,GGTGGTGGGATCCTACGCAT
sgRNA_01249,TGTGCTGACAGCATTAAATG
sgRNA_01250,TGAGTAGCAAATGTCAACGA
sgRNA_01251,ACAGCATGGTCACTGCCATG
sgRNA_01252,GGGTCTCTGCATGCGCATGG
sgRNA_01253,GCAAAAGTGGAGCTGAAATA
sgRNA_01254,GGTCACTGCCATGAGGTGCG
sgRNA_01255,GATCTTCTGAAAGACCAATA
sgRNA_01256,ATGATGACTGTGTAGTTAAG
sgRNA_01257,TCCAAGATAAAAGAACCAGA
sgRNA_01258,AATAAGGAGGAAATGTACTA
sgRNA_01259,CCAGAAGGCCACAGATTCGA
sgRNA_01260,AGTATGAATGAAAAACATCT
sgRNA_01261,GGACAGCAGCGTGACGCAGT
sgRNA_01262,TGGAATACCAATAAGCAGGA
sgRNA_01263,GTCCTGGAATACCAATAAGC
sgRNA_01264,CCGGGAGTCAAACCAAAAGA
sgRNA_01265,GCTCTGGAGAGGCTATTAGA
sgRNA_01266,ATGTGAAGAAAGCTCTGGAG
sgRNA_01267,AAGTACATGGGTGTGTGCAG
sgRNA_01268,ACAATGAATGTGTAATACAA
sgRNA_01269,GTACAAGATTCATTATGAGG
sgRNA_01270,GATGGTGGGGACAGAAGGGC
sgRNA_01271,AGGACAGTCGAATCAAAGCA
sgRNA_01272,GCTTTGATTCGACTGTCCTG
sgRNA_01273,ACAGAAGGGCAGGCGCAGAG
sgRNA_01274,GGCCTGGACGATTGGCCTAG
sgRNA_01275,AGGAGAGTCGAATTAAAGAT
sgRNA_01276,TTAAAGATGGGACTTCACAC
sgRNA_01277,AAGCATGGAAAAAGGCTTTG
sgRNA_01278,GATTACTGAGCTGTAGAAGA
sgRNA_01279,GGTCAAAAGACATCACTGTC
sgRNA_01280,TGTTGCTAGTATCTTCATTG
sgRNA_01281,AGGAGGTAAAAAGAGCATTC
sgRNA_01282,CCAGTTGGCAGGTATAGCTT
sgRNA_01283,GAAAGTTGTCTATCTGCCTG
sgRNA_01284,CCCAAGCTATACCTGCCAAC
sgRNA_01285,GGAACAGAAGGGCAGTGTGA
sgRNA_01286,TGAGGCTCAGAGGTACAAGC
sgRNA_01287,AATGACTGAGCTGTAAAAGA
sgRNA_01288,TGGTGTCCCCACAAGAGAGT
sgRNA_01289,AAGAGAGTCGGATTAGAGAT
sgRNA_01290,GCCATAAAATAGGCAGACCG
sgRNA_01291,AGACAGCGGGGTGCGCACAG
sgRNA_01292,AGGTGGCAGAGCCATAAAAT
sgRNA_01293,TGAGGGGGAAAACTCCAAGA
sgRNA_01294,GACGGCCAGCAGCACGCACT
sgRNA_01295,AGAGAGACACCACTACCAGG
sgRNA_01296,CGAGCTGCACACAAACCCTG
sgRNA_01297,GGGGCACAAGATGATAAGGG
sgRNA_01298,GGTCTTGCGGGGCTCTAGTG
sgRNA_01299,AGAAGTGAGGGACAGCGTTG
sgRNA_01300,TGAACACAGAAAAAAACAGG
sgRNA_01301,GGGGCCACAGAATCTCAACT
sgRNA_01302,GCAGCCAGCCACAGATATGG
sgRNA_01303,TGAGGTGTGGGTATCGTAGA
sgRNA_01304,CAGCAGAAAACACTCATCTG
sgRNA_01305,TGTGTCGATTCAGCATGCGC
sgRNA_01306,GGCACCTCTGCACTTACTGT
sgRNA_01307,GTTCCCGGTAGGGCTGTGGT
sgRNA_01308,CAGAGAGCAGCGCTGAGTGA
sgRNA_01309,AAAGCCAGGGGGCAGGAAGG
sgRNA_01310,TGGCAGGGTACAGACCAATG
sgRNA_01311,GATGAGCTGAGCTTCCGAGC
sgRNA_01312,GTGATGAAGAGGATCTGCGC
sgRNA_01313,GCTGGTGGCGGAGCACACAC
sgRNA_01314,AGGCCCACAGTACGGCACCC
sgRNA_01315,GCTGCGATGGGCATCAATGG
sgRNA_01316,GAAGTGTAAAGTGCTCATGT
sgRNA_01317,TGGACCACAGGGATAATCAG
sgRNA_01318,GCCCCTGGTCGCCATCTCGG
sgRNA_01319,GTCCAGGTAACAGTGCATTC
sgRNA_01320,TGATTGTAACGATTCTCTCT
sgRNA_01321,AGTAAAGAAGATGCGTGAAG
sgRNA_01322,ATACTGGGCAAGGCTGATGT
sgRNA_01323,AGTTGGAAGCATCATCGGGA
sgRNA_01324,CGCCAGGATCAACATCTCAG
sgRNA_01325,GTTGACGTAAAGGTGGACTA
sgRNA_01326,AAGCACAGTGACACGAAGCA
sgRNA_01327,GCAACCTGGACCGTGAACGC
sgRNA_01328,GACTACGGTTTACCAGACGT
sgRNA_01329,GGGATGGCCAGGGTAATGAC
sgRNA_01330,GATCAAGTCATATATATATG
sgRNA_01331,GGTATAGGAAGATTTGACTG
sgRNA_01332,GCCAAAGTATAGTACTGTGG
sgRNA_01333,TGGTCAACATAAGTGACCTG
sgRNA_01334,GATATCGTGGAAACTCCGGA
sgRNA_01335,GGTGATTCTCAAGCACTGAG
sgRNA_01336,GTACAGGAAGAACTATCACA
sgRNA_01337,TCCGTCAGGAGAGAAAACGT
sgRNA_01338,GTTGACTTCCGATCACAAAG
sgRNA_01339,GAGACAAAGAAGCTGAATTA
sgRNA_01340,GTAGCACATCGGCTGCGTGC
sgRNA_01341,AGAGAGCAGCAAGAATCTCC
sgRNA_01342,GGTGTTGATTAGGAACTGGT
sgRNA_01343,TGATGCGATCAGTCCATTGT
sgRNA_01344,GCACTCACCTAGGAACGTGT
sgRNA_01345,GACTGGTCAGAGCTACCTAG
sgRNA_01346,GTGATAGAAACCAACCTGAC
sgRNA_01347,GTAACGTGGTCATTGCTTCC
sgRNA_01348,TTTCCTCTTAGGGTGTAACG
sgRNA_01349,ACAGCAGGAAACATACCAGA
sgRNA_01350,GTCGCAGTAGCCGACAATGG
sgRNA_01351,GGAAAAGAAGGGGTCCATGG
sgRNA_01352,CGTTGATGGTGACTGCACAA
sgRNA_01353,TGCTCCAAGAGTCAAACCGT
sgRNA_01354,TGCAGTCACCATCAACGTAT
sgRNA_01355,GAAGAAGGAACTGAGGATCG
sgRNA_01356,CATATAGAAAAGACGTTCGT
sgRNA_01357,GCGGCCGCATTAAAACTTGG
sgRNA_01358,AGGTCTTGACGCAGAAGGTC
sgRNA_01359,TGGGCGGCCGCATTAAAACT
sgRNA_01360,GTTTGTGAAAGATTACAAGG
sgRNA_01361,GCTGCCTGCTTCCTAACCAG
sgRNA_01362,ACAGATCTTAAACCTCACTC
sgRNA_01363,GATTAAGTTTGACATCCACC
sgRNA_01364,AAGTTTGACATCCACCAGGT
sgRNA_01365,GATGCAGACGAGTAGAAAGG
sgRNA_01366,AGACACTGGAAGCCGCACGA
sgRNA_01367,GTCGTTGTAAGGAAGCACAC
sgRNA_01368,GCTGGTGATGTACTATACGC
sgRNA_01369,GGTTCTGCAGACCAGCCAGA
sgRNA_01370,GCTACAAAAACACAACCCTG
sgRNA_01371,GTGGATGAGCAGGTCCACGG
sgRNA_01372,TGTGTAGCTACATACATCTT
sgRNA_01373,GCACACAGCAGAGTCTCCCG
sgRNA_01374,GACACTGCGCAAGATCCAGG
sgRNA_01375,TGTAGTCAATTACCGCACTG
sgRNA_01376,CGGCAGGAGGGGCACAGATG
sgRNA_01377,GTCGGACTTGAGATCCCGAT
sgRNA_01378,AAGTCTGAGATCACTAGCCA
sgRNA_01379,ATGACCTTGCAGTTGCTGGA
sgRNA_01380,GCTGGGAATAGGATACACAG
sgRNA_01381,AGAGGGGACCATCTACCTGA
sgRNA_01382,AGGCATCAACATCCGCATTG
sgRNA_01383,GGATTGGACAGTTCTATCAG
sgRNA_01384,GCTGCTGCCGGGCTATTACA
sgRNA_01385,GAAGGAATGTTATCAGACAT
sgRNA_01386,AGAGGCAACTCAATCCCCAG
sgRNA_01387,AAGCCGGAACCCAGTTACAC
sgRNA_01388,ATGCTGGCAGTCCATAGATG
sgRNA_01389,TGAGGGCCTTGTCTGCATAG
sgRNA_01390,GCCACCTGCCAGATGTACGC
sgRNA_01391,GCTCCACCGTGACTTCCGGG
sgRNA_01392,TGTACAACCCCACAATCTGG
sgRNA_01393,CGACAATGTAGACAACAAGC
sgRNA_01394,GGCGCTACAGAATATCACCG
sgRNA_01395,GGAACTGCCACACAGCCCGA
sgRNA_01396,CCTGTCTAAGTCGTCCACTG
sgRNA_01397,GCATGAGTAGGAGTAAGTGT
sgRNA_01398,TGTAGCAGTGGTCATGAGTC
sgRNA_01399,TGATCAAGTGCACCATCCCC
sgRNA_01400,CATGAGAAAAGACAATGAGT
sgRNA_01401,GGAAATGGATCGTACCCCGT
sgRNA_01402,AGTGAAAAGGATGGACCCAT
sgRNA_01403,GCAGAGTTGATAAAGAGGAG
sgRNA_01404,GAAAAGGATGGACCCATGGG
sgRNA_01405,GCCTTAAAGACATAGCACCA
sgRNA_01406,GAAGGACCGAAAGCTGACGT
sgRNA_01407,GCAAGAGTTACACAGCGTGG
sgRNA_01408,GGTCTTGGGCAGAACATACA
sgRNA_01409,GTACCTCTCTAGAAAGCAGT
sgRNA_01410,TGTTCTTACCCTCCACACAG
sgRNA_01411,GCAGTGAAGAGGCACGTACC
sgRNA_01412,AGCCATGAGGTAGCGAAGGC
sgRNA_01413,CGATGAAGTCACGTCCAATG
sgRNA_01414,TGCCAGCCATGAGGTAGCGA
sgRNA_01415,GATGAGGGACCGTCGCAGTG
sgRNA_01416,AGGAGCGCAAGGGAACGTGC
sgRNA_01417,AGATATGAGAGAAAACATGC
sgRNA_01418,GAATCTCCACACAAACATAG
sgRNA_01419,GAACTGTGGCTGTCAGATTG
sgRNA_01420,TGAGTGAGCGAGCTCCACGT
sgRNA_01421,GCCAGAAGGAAACTCAGGAT
sgRNA_01422,TAGATGAAAAGTCCCCAGTG
sgRNA_01423,GTTCAACTCAATCACAGTCG
sgRNA_01424,GGTCTGCAATGCCGACTGGA
sgRNA_01425,GATAGATCGCCTCATCACGT
sgRNA_01426,TGAAGCAGTGGAATAAGCGT
sgRNA_01427,GAACCAACTTATCAACATCC
sgRNA_01428,GGCACTGACCAACAGTACAG
sgRNA_01429,GAATAAGCGTTGGTTTGTCC
sgRNA_01430,GTTCTACAGAGCGTGCACGG
sgRNA_01431,GCCCCCGTAAGTCTCAATTC
sgRNA_01432,GCACCTCCTCCCAAAATCTC
sgRNA_01433,AGACACACTGGAATTCTGTG
sgRNA_01434,TCTCAGGTAGATCAGCTCAG
sgRNA_01435,GCTGCTGTTTGACATACCAG
sgRNA_01436,GCTGTCCTCCCACTGCACGC
sgRNA_01437,AGGTAGATGCGGATGCACTC
sgRNA_01438,GGAGAGCAGGATCTACGCGA
sgRNA_01439,GAAGGGGTTTCGTAGCAAGA
sgRNA_01440,GGATCAAGAAGAGCAGTGGG
sgRNA_01441,CTTGGCAGAGAAGCAAGTAG
sgRNA_01442,GTTCCGTGTCACATGCTCTA
sgRNA_01443,GGGATCGCAGCAGGATAAAG
sgRNA_01444,ATTCTCGTAGACCAGCAGCT
sgRNA_01445,CGAAGAGGAAGAAATAGCGC
sgRNA_01446,CGACAGCCTGTACAGCCAGG
sgRNA_01447,GATCCCGGGCAGGCTCTCGC
sgRNA_01448,GCTGGAGCAACTGCGCACCG
sgRNA_01449,GCTGTCGGCGCGGATCTCCG
sgRNA_01450,CGCGCCAGTGAACCCAACGC
sgRNA_01451,GAGTGCACCGGACATAACTG
sgRNA_01452,ACGAGTGTGCTCAACTCCGG
sgRNA_01453,GCCAGAACCACAGTTATGTC
sgRNA_01454,AGTTGAGCTGCGAACTCAGG
sgRNA_01455,GTCCACGTTTAGCAACATAC
sgRNA_01456,AGAACACAGTATCCAATCCT
sgRNA_01457,GAACATTTGGAGCGAATTGG
sgRNA_01458,GGTCGCTCCAAACCAAACTT
sgRNA_01459,CAGTGGGCCAATGAACAAGG
sgRNA_01460,GCTGTGGGGATGTCTCACAA
sgRNA_01461,GCTGACCAAAGCCAAGGCGA
sgRNA_01462,GCACCCTTGAAAAATTCGGA
sgRNA_01463,AATGCTGGAGAAATCAACTG
sgRNA_01464,GCTGAACGTGAAGCCCATCG
sgRNA_01465,GTATTGAGGTAACCCCAGGC
sgRNA_01466,GGGAATGCCAGCTTGGTACG
sgRNA_01467,TGAATACCGCAACTCAGTGG
sgRNA_01468,TGAACGGTCACTAAGAATGA
sgRNA_01469,GCAATGATCGAGTTATTCGC
sgRNA_01470,GTCCACCTGAGAGTGCACAG
sgRNA_01471,GAAGTGGTGGAACTCCTCTC
sgRNA_01472,GGATAGGATAAACCACCCGA
sgRNA_01473,GGTCCAAAGCGTGTTCCCTT
sgRNA_01474,AGTAAGGAGTACATACCGAA
sgRNA_01475,GAACCGAGCACAGTTGACAT
sgRNA_01476,GATGTGTGTTCGGAGTATGC
sgRNA_01477,TGAGAGGCACCGGCCCTACC
sgRNA_01478,AGAGTTGTAGAGACATCCAG
sgRNA_01479,GTAGTAGGGAAGCAATTACC
sgRNA_01480,CAGGATGGAAAAATCCACTG
sgRNA_01481,TGAGTACTGCGAAACCTGTG
sgRNA_01482,AGGGCAGAGATATATCATGA
sgRNA_01483,GACGAGTGCACGGAAGCCGA
sgRNA_01484,GCAGCACTGGCACGCCACAG
sgRNA_01485,TGGTGCTCAGTGCAACACAC
sgRNA_01486,TGATGGAGAGTGCATAGAGG
sgRNA_01487,CCTTGATGGAGAGTGCATAG
sgRNA_01488,CCTGTCCATCGAAACACGGT
sgRNA_01489,GATCCTTACCTTCTCGTGAG
sgRNA_01490,ATGTTGATGGAAGCGTGCCT
sgRNA_01491,AGAGCTCTGGACTATTCTCA
sgRNA_01492,TTGATGGAAGCGTGCCTGGG
sgRNA_01493,TGTCCTTGCCGTATTCCACG
sgRNA_01494,AGGTTTCGGACGAGTAGAGC
sgRNA_01495,GAAGGGGTTAAGTTGAACCA
sgRNA_01496,AGCCTCTCACAGAAGCACGA
sgRNA_01497,GATGGGACGGAAGTACTTGG
sgRNA_01498,GAAGCTGTGACAGACGACTG
sgRNA_01499,TGCAACAATATGAGACATAC
sgRNA_01500,AGAACCGTGGCCACTTACCT
sgRNA_01501,TGGGATGCCACCCAGGTAAG
sgRNA_01502,GATCCCTCAAATGTCAATGG
sgRNA_01503,GACACCAAAATATACTTCGC
sgRNA_01504,TTGTTCGAAGAAACTATGAA
sgRNA_01505,GATACAATGAGGAACTGCGA
sgRNA_01506,GGAACTGCGAGGGTAAGTCT
sgRNA_01507,GGGCTTCGGAAAACAATGGA
sgRNA_01508,GTCTCACCAAGTGTAAAAGG
sgRNA_01509,GATGTTATGAGCCTTCTGAC
sgRNA_01510,TGAGCAGGGAGCCTGCACAG
sgRNA_01511,GATGACCACTGGCTACTGAC
sgRNA_01512,TGTGCCAGGTGGATGACCAC
sgRNA_01513,GGCTGGTGTACACACCGGGC
sgRNA_01514,GGAGCGGTGAGCTAGGAGGC
sgRNA_01515,AAGAAGTTACATCTTAACAC
sgRNA_01516,GACACTTACCAGAACAAGAC
sgRNA_01517,GGTATAATGGAAGTGAGATA
sgRNA_01518,GAATATGAGAAAGTATCGAA
sgRNA_01519,CCATGTAGGAGAATCTGAGT
sgRNA_01520,AACCATGTCAATCAGGACGT
sgRNA_01521,GTGGACGAATAGCCATACGC
sgRNA_01522,GTAGGTCAGGATGTTCTCAG
sgRNA_01523,GCAGACCAACGAGACTCGCA
sgRNA_01524,TGGGCGCCTACACTGCTCAG
sgRNA_01525,GCATCCTCTACCCAACACGG
sgRNA_01526,AGATGAGGAAGGGTAGACAG
sgRNA_01527,TGGTTTAATCCACAGGTAGG
sgRNA_01528,AGGATGCTGGGTGACCACGA
sgRNA_01529,GTTGGGAGAGTCCACGATGT
sgRNA_01530,GTTTATGAGGAATAACATGA
sgRNA_01531,GCAGCCTGGGCGCGCCCGTG
sgRNA_01532,GCTGCGCTCCGACACCGACG
sgRNA_01533,CAAGGAGAAGTACGCCACGT
sgRNA_01534,GATCAGCGAGGCCCTCATGA
sgRNA_01535,GAAGAGCAGAAACGGCAGGT
sgRNA_01536,GTTCCGGCTACTGCTGATCG
sgRNA_01537,CGAGGAGTGGAACTCGTTGT
sgRNA_01538,GCAGTACTATCGGCGAGCCC
sgRNA_01539,CTATCAGCATATCATGAAGT
sgRNA_01540,GCAGACGTTTGAACGTCTGG
sgRNA_01541,TGAAGGAGTCATCTGCGTAG
sgRNA_01542,CGGCAGCTGGCTGACCACCT
sgRNA_01543,TGACATGGAAGATGAGCGAG
sgRNA_01544,TCAGATCAAAACTTACTCGT
sgRNA_01545,GATTCCAGTGATGAAGCTCT
sgRNA_01546,CTGGAAGTGGTGCAACCTGT
sgRNA_01547,GAAGCTCTGGGCCAGCGGGT
sgRNA_01548,GGCGCAGCAAGCACACTGAT
sgRNA_01549,GAGATGGAGACCAACATCAT
sgRNA_01550,GAAGTCCGGCCATATACTGT
sgRNA_01551,GTTTCCATAACACCATAGGG
sgRNA_01552,GCAGAAATACCGACAGTATA
sgRNA_01553,AAATACCGACAGTATATGGC
sgRNA_01554,GCCCGTTTCCATAACACCAT
sgRNA_01555,GCAGACAGGAATCTATCCGG
sgRNA_01556,GTTGCAGCGAGGTCACTCAC
sgRNA_01557,GCCTCACCTCGTGCACACAT
sgRNA_01558,GCTGCTGCAGCGTTGCAGCG
sgRNA_01559,GGAGCCCCTGAATGCCACTC
sgRNA_01560,AGATGGATGACACCGAGACT
sgRNA_01561,GCCCGGCAAAGGCAAAGACG
sgRNA_01562,GAAGTGGGCATGTCCAAGGA
sgRNA_01563,ATGAAAATCACCGACCTCCG
sgRNA_01564,GGACCTGGAAGAGCCCGAGA
sgRNA_01565,GAAGCTGGACTTTCCCACTG
sgRNA_01566,GAAGGCTTACAAGATTGTGC
sgRNA_01567,TGGAAGAGGAAATGGATCAG
sgRNA_01568,AGAACAGAGGAGAGCCTTGG
sgRNA_01569,TGCCAAAGATGGCTCCAACG
sgRNA_01570,AGACCCCACAGACCACCCTC
sgRNA_01571,GCTGCCACAGGAGTGTCCAG
sgRNA_01572,CTGGGTGGACGGCATCCAGA
sgRNA_01573,ATGATGTTCAGTTTGTCCTG
sgRNA_01574,GCTCCCACTGGACACTCCTG
sgRNA_01575,ACGGCTAGTGAAGTGCACGA
sgRNA_01576,GCAGACAAGATGAAAAACCG
sgRNA_01577,CTTGTGGCAGTACATCACGA
sgRNA_01578,AGAGCGCACCGGCTACACCA
sgRNA_01579,GATCCTGGAGGAGATCGCCA
sgRNA_01580,AAGAATACGAATCAGTGCAA
sgRNA_01581,AGCATCCCTCAGGATTCTGG
sgRNA_01582,GAACAGACATACCTGGTATG
sgRNA_01583,TGATATCCACCAGAATCCTG
sgRNA_01584,GTTAGCATCCCTCAGGATTC
sgRNA_01585,GATCAAGCTCACCTCAAGAC
sgRNA_01586,GCTTACCTGAGCATGTAGGG
sgRNA_01587,AGAGCAGGGTGGACACTGGT
sgRNA_01588,TAGGTTTAATATCCACAGGG
sgRNA_01589,GTTTGTCAGTGGCCTCCCTG
sgRNA_01590,AGAACTGTGTGGTGCAAAGC
sgRNA_01591,GCCATGGCTACAGCAAACTG
sgRNA_01592,GGAGGATAACTGAAGAACAG
sgRNA_01593,AGAACAGAGAGTATTAAATG
sgRNA_01594,GACTTTATTCAGATCCAAGG
sgRNA_01595,AGCAAGTCACCTGTACAGGG
sgRNA_01596,AAGCCATCCAAACTCAGCCA
sgRNA_01597,GAGAGGAAACGACGCCATTG
sgRNA_01598,TTGTAAAGTAAAGTCCAGCA
sgRNA_01599,AAGGCGCGCAAGGCTTGTGA
sgRNA_01600,GTATATATCATGCTTCACAC
sgRNA_01601,TGAGCCAGGACAGAAATCAA
sgRNA_01602,CAGCTATGCAGTTATCATGT
sgRNA_01603,GCAGCGGCGTGTGGATGTGT
sgRNA_01604,GAGATCATGAGACCTCGATG
sgRNA_01605,AGCTTCGCCATTGTGATCTG
sgRNA_01606,CGTACACAGGTAGAATGTAT
sgRNA_01607,GGATGCCCACTACCATGTCA
sgRNA_01608,CGTGCACGATGCGAAAGCGC
sgRNA_01609,GTGGCGGAGACATGCAATGC
sgRNA_01610,ATAATTACGGCAGCAACCGT
sgRNA_01611,AGGGAAAAAACATGGCCCTT
sgRNA_01612,GACATTGTTGCAATCATGAT
sgRNA_01613,ATAAGACATGTGTGGACCCG
sgRNA_01614,TTGAATAATGATTCACCCAA
sgRNA_01615,AGGGCAGGATCAAAGTATCG
sgRNA_01616,AGACATGGAGGACACCGTGT
sgRNA_01617,AGACCGTGCACTACAAGCGA
sgRNA_01618,GATCTGAAGCAGTGCCCGGA
sgRNA_01619,CTGACGAGCCGGCAGCACGC
sgRNA_01620,AGGAAGCTGGACTTTCACGG
sgRNA_01621,TGGGGAATAAAGATGCAGTT
sgRNA_01622,GGGAAGTGGAGAAATCAAAG
sgRNA_01623,AGGAGGCGTCCACTGAATAA
sgRNA_01624,TGACAGGAGACACAAAATGC
sgRNA_01625,GTCCGCGTGACCGTGCTCCG
sgRNA_01626,GAAAAAAGATGATCCCCTGA
sgRNA_01627,AAAGAAGCTGCGCAGACCCG
sgRNA_01628,AGATGGTGTCAACTGATAAG
sgRNA_01629,GGACCAATGGAGAGACCCTG
sgRNA_01630,ACGTAGACGAGGTAGTTGTG
sgRNA_01631,AGAAGGCCTCGACGTAGACG
sgRNA_01632,GCCAACAAGACGTTTGCAAG
sgRNA_01633,TGACCCCACTATACCAGTGA
sgRNA_01634,AGTCTGGCAGAAGCTGAAAT
sgRNA_01635,GCAGAGTGATCAATACCCCG
sgRNA_01636,TGTCAAAACCAGTAGCCCTG
sgRNA_01637,GACATCCTGCTGGGTCCACA
sgRNA_01638,GCCACTTGCAGACATCCTGC
sgRNA_01639,GGAATTAAACTGCAAATTGA
sgRNA_01640,GCATCCTAGAGGCTGTGCAC
sgRNA_01641,GCACCAACATAGTTTACGAG
sgRNA_01642,GCACCGCCGGCGCATCCTAG
sgRNA_01643,GCACAGCCTCTAGGATGCGC
sgRNA_01644,CAGCCACTCGTAAACTATGT
sgRNA_01645,GGTGTGGTGAAGCAGCAACG
sgRNA_01646,GTTGGTTAGAAGTCCATTGC
sgRNA_01647,GGTTGGTTAGAAGTCCATTG
sgRNA_01648,GACCAGATCCTGCAAATTGA
sgRNA_01649,TGAACGGACAGAACGTCATT
sgRNA_01650,GTCCTGTCCTCACACACCCA
sgRNA_01651,GACAGCGCGGAAACCCAGCA
sgRNA_01652,CAGCACTTGGACCTCAGTGT
sgRNA_01653,TGTATACAAGGTTATGACGG
sgRNA_01654,CGTCATCATGACATGCAGGG
sgRNA_01655,GGGAAACGTAGCCAAAACCC
sgRNA_01656,ACAGACAACAAAAACAAACA
sgRNA_01657,AAGAAGAGAAATATCCTGTT
sgRNA_01658,ACAGCAAAAACATCACCCAG
sgRNA_01659,CAGCAAAAACATCACCCAGA
sgRNA_01660,GACAAACTGGAAGAAACGAA
sgRNA_01661,AGAGAAGTAGAGAGGCATAT
sgRNA_01662,AGGCTAGTCTGGAAAGCCTA
sgRNA_01663,TGGGAGGGAAAGTTTGACTT
sgRNA_01664,CAAGGGACAGAGAAGTAGAG
sgRNA_01665,GGCAGTGGACTGCTACACGC
sgRNA_01666,GAAAGAAGAAAATTACGCTG
sgRNA_01667,CGAATAACTGCATAAACTAG
sgRNA_01668,GCAAGGCCTACGGAAGGATG
sgRNA_01669,TAAAAACGGTCTCCAAACAC
sgRNA_01670,TCACCATGTCGGAAGAACAG
sgRNA_01671,GCCACCTCAGATATTTAATG
sgRNA_01672,CGATCCCCATTAAATATCTG
sgRNA_01673,TTTAATGGGGATCGATACTG
sgRNA_01674,GAAGCCACGGCCGGCATCCA
sgRNA_01675,TGGTGGGAAGGAAAACTTCG
sgRNA_01676,AGGATTTGAAATAGGAATAG
sgRNA_01677,CCAGGGAGATACCAGCAAAG
sgRNA_01678,AAGGGTGGAAACCTGACCCT
sgRNA_01679,AAGTCCAGGGGCCTCTTTGC
sgRNA_01680,GAACGGAGACAACTGAACAC
sgRNA_01681,GTTTACCTCAGGACACCCAG
sgRNA_01682,AGATCTGGGAATCTTCCGGC
sgRNA_01683,GCCCGAAGGGAGCAATTATG
sgRNA_01684,CAGTGCATAAAACACAGCGA
sgRNA_01685,GAACTCGGTAGCGAAAGTGA
sgRNA_01686,GAAGCGGTTGCTCAGGACTG
sgRNA_01687,AGGCACTTGGGTATACACAT
sgRNA_01688,GACGGAGAAGTCCAACAGCG
sgRNA_01689,AGGGACCCACATCCCGATGT
sgRNA_01690,GAACCTGTGGAAAAACATTG
sgRNA_01691,GCTGGGTAGCCATTAGCCAT
sgRNA_01692,CAGGAAGGGACAGATGATGA
sgRNA_01693,AGGTGAGGATGATTCCAGCC
sgRNA_01694,GCCCCGCGGCACCAGAAATC
sgRNA_01695,GAAGGCGGTAACTAGTTCAG
sgRNA_01696,GAAACTAGACCGAAAGTTGG
sgRNA_01697,AATGCAGTCTTAATAAACCA
sgRNA_01698,GGAAACTAGACCGAAAGTTG
sgRNA_01699,GCATAGCATATCAAACACAT
sgRNA_01700,GAAGCGATGGACCATCCAGT
sgRNA_01701,GAAAAAGGCACACACTAATG
sgRNA_01702,CGGGGATGCTATGTAAATGG
sgRNA_01703,GATGCTATGTAAATGGAGGT
sgRNA_01704,AGGGATCGGTGGCAATTTGG
sgRNA_01705,CAGGTAGGGGGCCAGAACGC
sgRNA_01706,GGGTGGCACATAGGTAATGC
sgRNA_01707,GTGGGAGAGGGGCTGTACCA
sgRNA_01708,ACAGCTCAGCCACAAAGAGT
sgRNA_01709,AGGGACAAAGCCCAGATAAA
sgRNA_01710,GTTCACAGGAGCAATTCCAG
sgRNA_01711,GATTGAGCAGCTCAAAGTGG
sgRNA_01712,ACTGTGAGCTGTGAAAACCG
sgRNA_01713,CGTCGCAGGTACAATCCCAA
sgRNA_01714,ACAGACCACATCGCCCACAA
sgRNA_01715,TGGAGGAGAGGGTTGTACAT
sgRNA_01716,GTCCAGTGTCACAGCTACAC
sgRNA_01717,AGCTGGAGATCGCTCACCGT
sgRNA_01718,TAGCACACACCAGCAGTATC
sgRNA_01719,GACCACCATGTGCACACTCG
sgRNA_01720,GGACAAGAAGCATAGTACAG
sgRNA_01721,GATGGCATCGCCCACATACA
sgRNA_01722,GAAGTGGATACGAATGCACC
sgRNA_01723,GAAACAGTGGAAACCAGCCC
sgRNA_01724,CAGACCCAAGCCCTGTATGT
sgRNA_01725,GAAGCCAGACACCACGTACC
sgRNA_01726,TGGACGCAGAGATTGCACGG
sgRNA_01727,GAATGAGGAGAACATGAGGT
sgRNA_01728,TGGCTGCGGTGACTAGTCGT
sgRNA_01729,AGGGGCCGGCAGTGACACTC
sgRNA_01730,ATGTGAATAAAGGATTTCTG
sgRNA_01731,GCCGTCCGAAATGTATTTGG
sgRNA_01732,GTGCTTCCCAACTGGATCGG
sgRNA_01733,GAGGCTATGGAACAAAGTAC
sgRNA_01734,ACGACAAGACGCGCACCCAG
sgRNA_01735,GAAAACTCACATGTAAGGGA
sgRNA_01736,GATGTTGGAATTGTGCATGT
sgRNA_01737,TTGCCTTGGTGACAGCATCG
sgRNA_01738,GACGGCAAGAAACTGCGTAT
sgRNA_01739,AGCTCTGAGAATAAACAGTG
sgRNA_01740,GGGGTGCAGAGGCAGATGGG
sgRNA_01741,GATCAGCTGGGTAATCATGG
sgRNA_01742,GCCGAAGCGCACATGCATCG
sgRNA_01743,GTTGACGGAATGAACTGTAC
sgRNA_01744,ATGACTCGGACAGAACAAGA
sgRNA_01745,AGGAACCTCAACCCTGTGTG
sgRNA_01746,CCGTTCCGCACACAGGGTTG
sgRNA_01747,TGAGGTTCCTAGGGCATGCT
sgRNA_01748,CCTCAACCCTGTGTGCGGAA
sgRNA_01749,TTCATATCCGTTCCGCACAC
sgRNA_01750,GCAAGGAGAACATCCCACGC
sgRNA_01751,CGAAGCCTCAGTCAGCAACG
sgRNA_01752,TGGGGTCGTAGTACCAGCGT
sgRNA_01753,GAAGAAACAGTAGCCCAGGA
sgRNA_01754,GCTGGTAAAGCGGCTCAAGC
sgRNA_01755,GTATACCACCATAGCCACAA
sgRNA_01756,AGCCACAATGGTCAGTATGA
sgRNA_01757,CTGGTATTGATAATAGAGCC
sgRNA_01758,CAGCACAGCAGGTGATGATC
sgRNA_01759,GCTGTGCTGTCATGGAGCCT
sgRNA_01760,GACCTGGAACGGCACCACGA
sgRNA_01761,AGGGAGAGTGAGACCACAAA
sgRNA_01762,TGGGACATACGGTAGTGAGG
sgRNA_01763,TGTCGAAGTCGGATACAGAG
sgRNA_01764,CGGCAGGTTCACCATCAAGT
sgRNA_01765,AGACATGGGTAGCATCAGGC
sgRNA_01766,CAGGCTGATAAACTCTGTGG
sgRNA_01767,TGAGCGAGGCCCCACACAAG
sgRNA_01768,GGAGCGCTGATCCTGCAGAA
sgRNA_01769,GGGCCAGGGCCACTTGTGTG
sgRNA_01770,GTTCACGGGAAGTTACTAAC
sgRNA_01771,GCAGTTGTACAGCTTCGCAA
sgRNA_01772,AATATAGTGAAATTCTCTCC
sgRNA_01773,GCAAATAGACCAGTGCCAAG
sgRNA_01774,GTTAAAGAGTCGCTCACAGA
sgRNA_01775,GGAGCAGCTGACCAAGTAAG
sgRNA_01776,AAGAACCTGGTACAGCTGGA
sgRNA_01777,AGTCTCAGTGACAAGCTGTG
sgRNA_01778,GGGTCCCACAACTACCACTG
sgRNA_01779,AGGTCCAAAGAAAGCTGAGC
sgRNA_01780,GCTGATATCAGGCAGAAGGT
sgRNA_01781,TGACAATCCAAGAGGCTCAC
sgRNA_01782,GGTAGGGAGGCTGATCTTGG
sgRNA_01783,AACACACACCACCAGCACGG
sgRNA_01784,CGTCGCACAGAGAATGACAG
sgRNA_01785,GGGAGTTGTGAAACTTATAG
sgRNA_01786,TGGGAGCTTCAAGATGTCAT
sgRNA_01787,GCATCCAGAGACTGGTGAGT
sgRNA_01788,GGCCACAGGGGAACAGTGGA
sgRNA_01789,GCTCGCACGATGTGGAATCG
sgRNA_01790,TGAAAGAGAACACTCTCCAA
sgRNA_01791,GCCAAGCAGAACTTGAACTG
sgRNA_01792,GTTCTAGTAAAGCCTCAAGT
sgRNA_01793,GATTCAGCTGCAAATTCTTG
sgRNA_01794,TCCAGTGGAAGAGTAAAATG
sgRNA_01795,GGGGTTGCCGTACTGAACAG
sgRNA_01796,GACTTTGTGGAACTACTGGA
sgRNA_01797,TGATGGAGTAACCTCTGTGA
sgRNA_01798,AGAGCGACCTGGGCACACTG
sgRNA_01799,GGCAACCCCGGGATACACAA
sgRNA_01800,GAACACCCACGTACCCAGAG
sgRNA_01801,ATGGAAGCAGTACTGAGTGT
sgRNA_01802,TGCCCCAGCAGACTCACCCG
sgRNA_01803,AGCTGCCACTCTGGGTACGT
sgRNA_01804,GAGCCTGGCACACAGCTAAC
sgRNA_01805,GGGTAGCGAAGCCCAGACAT
sgRNA_01806,GTAATCCAGAACCTTCGAGC
sgRNA_01807,TGACGGACTCCACAGAACAG
sgRNA_01808,GTCGCACGGGAACAAACGTC
sgRNA_01809,TGTCCAGGCTGGCAATGAGC
sgRNA_01810,AGAGTGGACAGAGTGCCACG
sgRNA_01811,GAATGGCTTCCAATAAGTGA
sgRNA_01812,ATGGCTGGAGAACTACAGAG
sgRNA_01813,TGAGCGAGAAGGCAGTTTGT
sgRNA_01814,GCTCTGGGAAAACCACAGAA
sgRNA_01815,AAGCAGGAAAGAGTGCACGT
sgRNA_01816,GATTACGTGGAGATCTGGAG
sgRNA_01817,GACTGGTGATGAGACCACTT
sgRNA_01818,GAAACCCTGCAAGAATCCAG
sgRNA_01819,GATCACTTACTAATGTGATG
sgRNA_01820,TGGACGCTGAAGAAAATTGG
sgRNA_01821,GACCAGAAGGAACACCAGCG
sgRNA_01822,GCTCATCTATGCGCAGACCG
sgRNA_01823,TGTGGAGTCAGATCACGTGT
sgRNA_01824,GTAGAACCCATAGAATAGAG
sgRNA_01825,GAACTGCGGGAGATAAAGGA
sgRNA_01826,GTCGTGCAGGGACACAGCAT
sgRNA_01827,GGAGGCGCGGGATGATAACG
sgRNA_01828,AAAAACTGGAGCACTACCGT
sgRNA_01829,GATATCCCGGGCCCTCTCGT
sgRNA_01830,GGCGAATGGCGACTAGCCGT
sgRNA_01831,TGGCAGAGCAGGTGGAGCTA
sgRNA_01832,GCTGTTGTAGTGTTGCTCAG
sgRNA_01833,AAACAGAGCAAGGAGCGACG
sgRNA_01834,CAGAGCAGGTGGAGCTATGG
sgRNA_01835,TGGAGTAGGACATACCACGG
sgRNA_01836,GCAGAAGCGTAAGAACGTGA
sgRNA_01837,GACCGAGGCATTGTACACGA
sgRNA_01838,GAAGGCGTAACGCAGCGCGA
sgRNA_01839,AGATGGGCACAATGAACAGG
sgRNA_01840,ACAGCCAGGACGCCACAGGG
sgRNA_01841,ACTCCCAAAACAGTGCAACA
sgRNA_01842,CGATCATGATGAACCACCCG
sgRNA_01843,CAGTGCTCACCACACTCCAG
sgRNA_01844,GTACTCACAAGGACATGTGC
sgRNA_01845,TGAAGCCCTGAAGCACGCTG
sgRNA_01846,GTGTGTTACCACTACTATGC
sgRNA_01847,CGAGAGAAGCAAAGGTGAGC
sgRNA_01848,GAGCCCGAAATAGATGCCAA
sgRNA_01849,AGACTGAACATAAAGAAGGA
sgRNA_01850,GCAGCAGGGAGTGGATGTGC
sgRNA_01851,TCAAACATACCAGTAAACAA
sgRNA_01852,GTAAACAAGGGAGTAGTTGA
sgRNA_01853,GCTATGGCCGTATTCATTGA
sgRNA_01854,AGCAGCTGTCAGCATCTCTC
sgRNA_01855,GTACTACGTACCGAGCTACG
sgRNA_01856,AGTGGCGTACGTGCTGGTCG
sgRNA_01857,TGAAGCCACTCAAAGTTCGA
sgRNA_01858,AGACTTCAGGATCACCCTAC
sgRNA_01859,GCTCGGTACGTAGTACCGTG
sgRNA_01860,GTTCTATGGAAGTAGACACC
sgRNA_01861,GGCCGTCACAATCCACTCGG
sgRNA_01862,GCGCAAAGAAACCACCATGC
sgRNA_01863,TGTGACGGCCGCCCACTGTG
sgRNA_01864,TCTGAGATGAGTAAACCTGG
sgRNA_01865,AGATCATGAACGGGCCTACG
sgRNA_01866,ATGTTGTGGAGAAGATTCGT
sgRNA_01867,AGGAAGAGGACGATCATCCA
sgRNA_01868,AGATGGGCTGCAAGTCACAG
sgRNA_01869,GATGTTGTGGAGAAGATTCG
sgRNA_01870,AGACTGGAGGAAGAATGTGG
sgRNA_01871,ATGCCTCCACAACACCAGAG
sgRNA_01872,GGCACTGAGAGACAGACCGC
sgRNA_01873,AGGAGACTGGAGGAAGAATG
sgRNA_01874,GCATGGCATCGGCTGAGACA
sgRNA_01875,GCTTCGCTCAAAGAACACAT
sgRNA_01876,CGCGCTGTGCATCTGCACAG
sgRNA_01877,GGTAATGCTGTACACCATGT
sgRNA_01878,GGCAATCTGGTAGAACAGTC
sgRNA_01879,GCTGTGGCCCATTGCCACGA
sgRNA_01880,TGGATCAGATGACTCTCTGT
sgRNA_01881,CGGACTCTGGGATACCGCGG
sgRNA_01882,GCATGTGGCCCGTCCCACAG
sgRNA_01883,GCAGGGCAAAGGTCCCTCTA
sgRNA_01884,ATCTGATCCAGTCATCACGC
sgRNA_01885,GGTCTGGGAGTACACATCCA
sgRNA_01886,AGAGATAACAGATGCAGGTC
sgRNA_01887,GATGTTGTGCAGCTGCTCTC
sgRNA_01888,AGTGGCAAAAGGAGAAAGAC
sgRNA_01889,AGGACACCAAGACAACCAAC
sgRNA_01890,GGTGTGCGAAGAGACTCGGC
sgRNA_01891,CGTGGACTGGATCTTCCGTG
sgRNA_01892,AAGAGTGATAGACAACCCCA
sgRNA_01893,GAGCTGGCCCCACCACACCT
sgRNA_01894,GTTGTGGATGGTGCCCCACG
sgRNA_01895,CAGGAAGAAGATGAGCACAA
sgRNA_01896,CTACAGCCGAGAGAAATGTG
sgRNA_01897,GCTACAGCCGAGAGAAATGT
sgRNA_01898,GGGGTCGATTCCATGCAACC
sgRNA_01899,AAAGTCGTGAACACACAGTG
sgRNA_01900,GCTGAGGAAGAACCACAAAC
sgRNA_01901,GAACTGAAAGAATTAAACAA
sgRNA_01902,TCAGACTCTACTATACTCTG
sgRNA_01903,GGGAATAGACAGACAGTCAA
sgRNA_01904,GAAAGCAGAGAGAAATATGA
sgRNA_01905,GTAGTCGGCGGGGAGCATGT
sgRNA_01906,GAAGGCACCAACCCAGATAG
sgRNA_01907,TCAGCGTAGAAACTGGGTAC
sgRNA_01908,GTACTTAAGGATTCGATCGT
sgRNA_01909,GAACATTAAGAGATACAGGA
sgRNA_01910,GATGGCAAGCTGCAGCTATG
sgRNA_01911,GATTCAGACCCTCAAACTGG
sgRNA_01912,GGCGTAGCTGAGCCGCTCGT
sgRNA_01913,GCAGCTATGTGGCCCACGAG
sgRNA_01914,GTACCTGGCCGCCAGTTTGA
sgRNA_01915,GATGACCAGCTGCAGCTACG
sgRNA_01916,GGTGCCCAGACTGTCCACGG
sgRNA_01917,GAGGAAGTCTATGTACCTGG
sgRNA_01918,GCACGTTGGCCAGGATGCGC
sgRNA_01919,GAAGGCCTCGTTGAGCGACT
sgRNA_01920,GCCGCAAGCCAGGATCCTGA
sgRNA_01921,GAACACGTGTTCCCGAATCG
sgRNA_01922,GACCTGCTGCCAATCACTAG
sgRNA_01923,GATCCTGACGGCTTTGACTC
sgRNA_01924,GAGGCAATCACATTATCTCA
sgRNA_01925,GCAGCACAGAGTGTGCGCAC
sgRNA_01926,AGGTCATAGAACTTGCCCTG
sgRNA_01927,GGGGCACGGTGAGGACGACA
sgRNA_01928,GATGGGCAAGAGTGAGATGC
sgRNA_01929,GCACCGCCACCCCAGAACGG
sgRNA_01930,GTTACTAGACACCTGTCAGG
sgRNA_01931,GTACCTCCTGTACCTATGGC
sgRNA_01932,GCACTCACATGACTCCAGGG
sgRNA_01933,GAAGCACGTGTCTGCCACTG
sgRNA_01934,AGTGACCTGCACTACTGGAT
sgRNA_01935,GGAGAGGTTCAGCTCACAGG
sgRNA_01936,GAGCTGCAGTTACAAAACAT
sgRNA_01937,GAACCTGATGAGGCAGAATG
sgRNA_01938,AGAGATTGGTAAGAATGAGC
sgRNA_01939,CGTTGGTGTAGAAATCTGGT
sgRNA_01940,GAAGCAAGGCTACTACAACC
sgRNA_01941,CTTCACCTATGCCATCACGG
sgRNA_01942,TTCGGGCAAGAACTCCGAGT
sgRNA_01943,GAACCTTCACAACAATGAGG
sgRNA_01944,GCAAGGCTACTACAACCAGG
sgRNA_01945,GAAACTTGTCCTCAACAGCG
sgRNA_01946,TGGTCTGATTGAGAGCCACA
sgRNA_01947,GTTGTCACAGATGCTACAAT
sgRNA_01948,CGGAAATGGGAGAAACTCCC
sgRNA_01949,GTCACAGATGCTACAATGGG
sgRNA_01950,GGCGTTTCGAGTCCACAGGC
sgRNA_01951,AGGCATGTCAGAGCTCACCC
sgRNA_01952,AGCTCTGACATGCCTAGTGA
sgRNA_01953,GAACTTGCTGGGTTTAAGTG
sgRNA_01954,AGAGAAGCGATTTAAATGTA
sgRNA_01955,GAAGCGAATAGTCATCACAG
sgRNA_01956,GAAGGAGTGGAGATTATGTT
sgRNA_01957,ACGATATATCAACAGACCAC
sgRNA_01958,GTTCAAAGTAAGGGGCCGGG
sgRNA_01959,AGAGGCGCTTGGCAGCCCTA
sgRNA_01960,TGAATGCTAAGGCTGTATGG
sgRNA_01961,GTTTGTATCCATGAGAAATC
sgRNA_01962,GGTGGAGGCACATACACTGG
sgRNA_01963,TGTATGGAGGCATACTTCGG
sgRNA_01964,AGGTGGAGGCACATACACTG
sgRNA_01965,GATACCGAGGAAGCGTACAT
sgRNA_01966,GGGTCTATGAAAGTCCTAAG
sgRNA_01967,AGAAGGGTGCATCAAATGCA
sgRNA_01968,GTCGCCAAATAGGCTCCCTC
sgRNA_01969,GATGACACTGAGGAAATGCA
sgRNA_01970,GTATCGGCTGATGATAGTGA
sgRNA_01971,GGACTGAGGGTAGAGGACGA
sgRNA_01972,CAGGTGGCACGGTAACTCCA
sgRNA_01973,GGGAAACGTGGCAAACTCGC
sgRNA_01974,CGGAGATGGATACTTCTGGA
sgRNA_01975,GCCAGGGTGAGACACCACGC
sgRNA_01976,TGAGACACCACGCAGGTCAG
sgRNA_01977,AGAGGGCCAGGGCCTGACGT
sgRNA_01978,CCACTGACTACTGAGCACAG
sgRNA_01979,AAGTGACGGCAGCTGAGCGT
sgRNA_01980,GAAGGGTAACGTAGAATACG
sgRNA_01981,AACTGTTAAAGCAAGTAACG
sgRNA_01982,TGAAATACAAGACTCAACCA
sgRNA_01983,CTGGGGTTATAACGCACCCA
sgRNA_01984,TCAGACAATGTCAACACATG
sgRNA_01985,AAGCCTTCACCTATTTATGG
sgRNA_01986,TACGACTGCTATAGCTACTG
sgRNA_01987,AATTTATTTAGGGGGGATGT
sgRNA_01988,AGTATTGGGGGTGATTATAG
sgRNA_01989,CTTAATTATTATGATGAAGT
sgRNA_01990,TTACCTGGAAGATTACCACT
sgRNA_01991,TCCCCCAATAGAGCTCTCCT
sgRNA_01992,GAGAAAACATGCAGAAGACA
sgRNA_01993,TCACAGTCACACAGCAATAC
sgRNA_01994,AACCTGTTGCTTCTCTACCC
sgRNA_01995,TATACATGACAATTTCAACA
