sgRNA_00001,GCCAACGGTAACATCATATA,Abcb5
sgRNA_00002,GTACAACCAGAGCCTCACAT,Abcb5
sgRNA_00003,GTCTGAGCAGAACACAAGGT,Abcb5
sgRNA_00004,GAAACAGCAAACTCAGAAGG,Abcb5
sgRNA_00005,GAAACTCAGAAGGAGGTCCT,Abcb5
sgRNA_00006,GTGTTTCGGGAGCAGAACAG,Acta2
sgRNA_00007,GAATGCAGTGGAAGAGACCC,Acta2
sgRNA_00008,GCACTCTAACACAACCATAT,Acta2
sgRNA_00009,GCAAAACTCTCTAATCTGGG,Acta2
sgRNA_00010,GCATTTGAGCAGTTGTTCTG,Acta2
sgRNA_00011,GGTAACCGAGACATTGAATG,Actb
sgRNA_00012,GAACCACCCCAGGACCCTCT,Actb
sgRNA_00013,GTTACTAGGCCTGCATTCTG,Actb
sgRNA_00014,GCTGCACTGTGCGGCGAGGC,Actb
sgRNA_00015,GCGGAACGGCGGGCGCTGAT,Actb
sgRNA_00016,GGACAAAGACCACTTCAGAG,Afp
sgRNA_00017,GCCAATAATTAACAGAGCAG,Afp
sgRNA_00018,GGGTCTTTGTCCTTGAACAT,Afp
sgRNA_00019,GCACTTGTATCCTATGTTCA,Afp
sgRNA_00020,GTAACAGGCATCCCTTAAAC,Afp
sgRNA_00021,GCCGCCAAAGCAGGCAGGAG,Angptl2
sgRNA_00022,GCCTGTCTGGAGCTGAGGGG,Angptl2
sgRNA_00023,GCCGCCCAGGCCGCCAAAGC,Angptl2
sgRNA_00024,GCCAGCAACGTCAGCCTTCA,Angptl2
sgRNA_00025,GCCAGGCCGCCAAAGCAGGC,Angptl2
sgRNA_00026,GTGAGGGTGGGTGTTGTAAG,Ano3
sgRNA_00027,GTGGGAGGGCAGTCCGTGGC,Ano3
sgRNA_00028,GCGTGGCCGGCTCCCCTCAG,Ano3
sgRNA_00029,GAACGTGGGAGGGCAGTCCG,Ano3
sgRNA_00030,GGTGCCTGGGTTTGATAAGG,Ano3
sgRNA_00031,GTAGGTGGACACAGAGACAA,Apoc1
sgRNA_00032,GTCAGGAGGCCCATGGCGGT,Apoc1
sgRNA_00033,GGAGGCAGACGCACGGGTAG,Apoc1
sgRNA_00034,GAGGTTTAACCGGTTGGGGA,Apoc1
sgRNA_00035,GTAGGCCCAAGGCTCGTCAC,Apoc1
sgRNA_00036,GAGGCGGGTggagggagcaa,Aqp1
sgRNA_00037,GAGGAGGCTCGTGTGGTGTG,Aqp1
sgRNA_00038,GGCTGCGATGGATGCAGACA,Aqp1
sgRNA_00039,GCTGCCCAGCGTAAGGAGGC,Aqp1
sgRNA_00040,GgaggaaggaaAAAGTTGGC,Aqp1
sgRNA_00041,GTCTTTAGGTATGATCTCTG,Arhgef6
sgRNA_00042,GTCTGACAACAGAGGAACGT,Arhgef6
sgRNA_00043,GCATACCTAAAGATATGGAA,Arhgef6
sgRNA_00044,GAGAGCTCAAACAAAGACTT,Arhgef6
sgRNA_00045,GTGCAAGAAGCTGTAAGGAA,Arhgef6
sgRNA_00046,GCTAGATCTGGAGTCCCGGA,Asrgl1
sgRNA_00047,GAGGGTCCCGCGTGCTACTA,Asrgl1
sgRNA_00048,GAGGCTGGTGCGCAGCGCTA,Asrgl1
sgRNA_00049,GGCGCTGCGCACCAGCCTTC,Asrgl1
sgRNA_00050,GGTTCCGCGCTTGCGCACGA,Asrgl1
sgRNA_00051,GTCCCGGTACATGATCCCTC,B4galnt2
sgRNA_00052,GGCGCCAGGAGCCTATGTCC,B4galnt2
sgRNA_00053,GCACCGGAGGGATCATGTAC,B4galnt2
sgRNA_00054,GCTGGGCGTTGGTCACCGGA,B4galnt2
sgRNA_00055,GAGCCCCGACGACAGTTCTG,B4galnt2
sgRNA_00056,GGGCCTGCAGACAGAAGCTA,Bad
sgRNA_00057,GCCGAACGCGATGTGGATTT,Bad
sgRNA_00058,GCCGCACGCAGCAAGCACCT,Bad
sgRNA_00059,GCGTGTGCAGGAGCCAGCGA,Bad
sgRNA_00060,GCCGCCCGGGTGCGGAAGAA,Bad
sgRNA_00061,GTGGGTGCGCGCGTCCCCGG,Bai3
sgRNA_00062,GCTCCCGCGCGCGTGCTCGT,Bai3
sgRNA_00063,GGGGAGGCCGGACTCTGGTC,Bai3
sgRNA_00064,GCACCCACGAGCACGCGCGC,Bai3
sgRNA_00065,GCGGGAGGGTTGCCCAGCGG,Bai3
sgRNA_00066,GCCAATGGCCAGTGCGGGGC,Bcl11a
sgRNA_00067,GGTGGCCCGGAGAGAAGAAA,Bcl11a
sgRNA_00068,GGCCAGACGCGGCCCCTGGG,Bcl11a
sgRNA_00069,GACCAATGGACACACATCAG,Bcl11a
sgRNA_00070,GGGCGCCAGACGCGGCCCCT,Bcl11a
sgRNA_00071,GTACTCTTACATACTGGCAA,Bcl2l15
sgRNA_00072,GGTAACTGATGTAATTTCAA,Bcl2l15
sgRNA_00073,GCCAAATGAAACTGCTCAAA,Bcl2l15
sgRNA_00074,GGAACCTGGCAAACCAGTTG,Bcl2l15
sgRNA_00075,GTAGCTGAAATAAACTGAAG,Bcl2l15
sgRNA_00076,GAGGGAGCGAGCGCGACCCT,Bnc2
sgRNA_00077,Ggccgagcggcgagctgagg,Bnc2
sgRNA_00078,GAGGGGGGCTGCTGGCGAgg,Bnc2
sgRNA_00079,Gggggagggagcaggccgag,Bnc2
sgRNA_00080,GGGAACGGACTGTCCGGGAG,Bnc2
sgRNA_00081,GTGCTAGTGAAATGCACTGA,Brinp3
sgRNA_00082,GAGAGCAGCAGCACTGATTT,Brinp3
sgRNA_00083,GCCCTTGCAGAAACTGATCC,Brinp3
sgRNA_00084,GTGACCAAGAGGCTGATGAT,Brinp3
sgRNA_00085,GTATGCAAAAAAAATCGCTG,Brinp3
sgRNA_00086,GTTCCTGAGGGCAGCAGGAT,C1qb
sgRNA_00087,GCAACTCAGCACCTGTGGAT,C1qb
sgRNA_00088,GCACCACCAACCCCATCCAC,C1qb
sgRNA_00089,GTTCGCCAACTCAGCACCTG,C1qb
sgRNA_00090,GTCCCCTCCCAAGGCCCAAC,C1qb
sgRNA_00091,GAGGTGACGCAATCTGTCTG,Calca
sgRNA_00092,GGCTCCAGGCAGCCAATAGG,Calca
sgRNA_00093,GGTGAGTCGGGAGGGGTCTC,Calca
sgRNA_00094,GGACCCCTCCCGACTCACCA,Calca
sgRNA_00095,GAGGCAGCCAATAGGTGGAA,Calca
sgRNA_00096,GCTGAGGAACCGGGTAGGAG,Calcb
sgRNA_00097,GCGGTCAGAGCTCTGATTGG,Calcb
sgRNA_00098,GCATTGCTGAGGAACCGGGT,Calcb
sgRNA_00099,GAGCAATGACCTCAAAGACA,Calcb
sgRNA_00100,GGGGACCTGAACCTCGTAGC,Calcb
sgRNA_00101,GGAAAAGATAGGACTATCGT,Caln1
sgRNA_00102,GGAGGGGACCCTGATTAACT,Caln1
sgRNA_00103,GCCAGCCAACGGAGAGGTGG,Caln1
sgRNA_00104,GGCCAAGGGAGTTTGGGCAC,Caln1
sgRNA_00105,GTCAGCCACCACCTCTCCGT,Caln1
sgRNA_00106,GCACTGGGGCCTATACTTTG,Calr3
sgRNA_00107,GATGACCTGGGGACGCTAAT,Calr3
sgRNA_00108,GTACTGGTCCCGTGACGCCC,Calr3
sgRNA_00109,GCAACTCAGGTCACAATCCC,Calr3
sgRNA_00110,GTGATCAAGTGGGTTGGCAA,Calr3
sgRNA_00111,GGGGCCTGCGCTACGAGACG,Casp3
sgRNA_00112,GACGAGACGGGGCTCAGTCG,Casp3
sgRNA_00113,GCGGGGCCCTAGGCTTGCCC,Casp3
sgRNA_00114,GGAGCCCCGTCTCGTAGCGC,Casp3
sgRNA_00115,GGGCGCAAGTCGGCCGGAGG,Casp3
sgRNA_00116,GGCGAAGCAGCGCGGTCGTA,Casp9
sgRNA_00117,GTCCGTACGGCGAAGTGATG,Casp9
sgRNA_00118,GCCTGAGAGCGCGGCGTTGA,Casp9
sgRNA_00119,GgagcggagcCCAGTGGACC,Casp9
sgRNA_00120,GCGGGGCGAAGGAACTCGGT,Casp9
sgRNA_00121,GGCAAAGTGCCCCCCTGGGA,Cck
sgRNA_00122,GGGAAGCGTCCCAGTGAATG,Cck
sgRNA_00123,GAGGATAGCCCCTCCCAGGG,Cck
sgRNA_00124,GAGGGGCTATCCTCATTCAC,Cck
sgRNA_00125,GGGAGGGCCACATCAATCGG,Cck
sgRNA_00126,GCTGGCTCCAGGGACATGAC,Cdh12
sgRNA_00127,GTGCGTGCAGGCAAAGCATG,Cdh12
sgRNA_00128,GGCAGGCAAAGCATGCGGAG,Cdh12
sgRNA_00129,GGGAGCATTGCTTGCTAATC,Cdh12
sgRNA_00130,GAAAGCATGCGGAGAGGTTG,Cdh12
sgRNA_00131,GGAAGGGCGCAGGGCCGCGA,Cdkn2c
sgRNA_00132,GGCCCAGCGCGGGCAGAGAA,Cdkn2c
sgRNA_00133,GCCGCGGCGCCCTAACTCGG,Cdkn2c
sgRNA_00134,GTAACGGCAGAGTTTTAAGG,Cdkn2c
sgRNA_00135,GCAACGCCCTGGCGGCGCAG,Cdkn2c
sgRNA_00136,GGCAACAGTGGGGCTTCTGA,Cdo1
sgRNA_00137,GAGGAGGCAAGGGCAACAGT,Cdo1
sgRNA_00138,GCGGGGAGAGACCTGAGGAA,Cdo1
sgRNA_00139,GGGTGGGGTCGGAATGAGAT,Cdo1
sgRNA_00140,GTGAGGCGGGGAGAGACCTG,Cdo1
sgRNA_00141,Gagggcgcgcggtaggagga,Celf4
sgRNA_00142,GTCCCTGCCAGACcaggggt,Celf4
sgRNA_00143,Gccccagcgcgcccactccc,Celf4
sgRNA_00144,Gggcgagggcgcgcggtagg,Celf4
sgRNA_00145,GCTCGCGCCTCCCCCGTCGG,Celf4
sgRNA_00146,GGAGAAGCCACGCCAGACTA,Chd9
sgRNA_00147,GGCGTACTGAAAGCTGACGG,Chd9
sgRNA_00148,GAGGGTGGATCCCAGGTCAG,Chd9
sgRNA_00149,GGATAGGGATAGGCATCCCT,Chd9
sgRNA_00150,GCCCTGCCAGGAAAATCCCA,Chd9
sgRNA_00151,GAAACtgtggtagtgtggat,Chit1
sgRNA_00152,Gtggtagtgtggattggccc,Chit1
sgRNA_00153,Gggatctgacatcttcagac,Chit1
sgRNA_00154,GTGGTAACCGTGAGCTGGAT,Chit1
sgRNA_00155,GTGGATGGGGTGGCATACTC,Chit1
sgRNA_00156,GGAGGAGGGGAGCACGGCGA,Chst2
sgRNA_00157,GAGGAGGGCGGGTGTGGGAC,Chst2
sgRNA_00158,GGAGCCGGGGCGACAGACGG,Chst2
sgRNA_00159,GGCTGCGAGGAGGGCGGGTG,Chst2
sgRNA_00160,GGAGTCTGGAGCTGCGAGGA,Chst2
sgRNA_00161,GCACACTTGCTTGTATTCAg,Cnga3
sgRNA_00162,GAGTGAGGACAGTAAAGATC,Cnga3
sgRNA_00163,GGAGGACAGTAAAGATCGGG,Cnga3
sgRNA_00164,GCCTAGAAAGACAAAGAGTC,Cnga3
sgRNA_00165,GGGCTACTGGAAGTTGTCTG,Cnga3
sgRNA_00166,GCCACCCGAGGCACCCTATG,Col23a1
sgRNA_00167,GTCCGGGACCCGCTAGGCGA,Col23a1
sgRNA_00168,GAGGAGCGGCCGGACGGGGA,Col23a1
sgRNA_00169,GTGGCACCGGCGGGGTACAG,Col23a1
sgRNA_00170,GAGGGTGCCTCGGGTGGCAC,Col23a1
sgRNA_00171,GCGTCCAGGCGCTGCCCCCT,Coro2b
sgRNA_00172,GCACCTGCGGCCGGGGCCGT,Coro2b
sgRNA_00173,GGGGCAGCGCCTGGACGCGC,Coro2b
sgRNA_00174,GCCAACGCGGCACCGAAGGC,Coro2b
sgRNA_00175,GGGGTCCCCGCCCACGGCCC,Coro2b
sgRNA_00176,GAACGCGGAGGGATCGGAGG,Cpt1c
sgRNA_00177,GGGCGGGGAGAGAATGCGGA,Cpt1c
sgRNA_00178,GAGCAGGGACAGAACGCGGA,Cpt1c
sgRNA_00179,GGGACGCTAGGACTCCAAGG,Cpt1c
sgRNA_00180,GGAGGCGGGGATAAAACCTA,Cpt1c
sgRNA_00181,GGGCCCACCAGCAGCTGCTT,Cryab
sgRNA_00182,GCCAGCTCACCGCCAGTTCA,Cryab
sgRNA_00183,GCCACCCCATCCTTGTTCTC,Cryab
sgRNA_00184,GAGCAGCTGCTTGGGATTCC,Cryab
sgRNA_00185,GAGACTTGTGATCAGGGATT,Cryab
sgRNA_00186,GAGGCGCCGCGCTCTCTCGG,Ctnnd2
sgRNA_00187,GCCACCACCGAAACCTGCCC,Ctnnd2
sgRNA_00188,GCACCCGGGGCAGGTTTCGG,Ctnnd2
sgRNA_00189,GGGAGGAGGCGGCTCAGGTT,Ctnnd2
sgRNA_00190,GAGATGGGAGGAGGCGGCTC,Ctnnd2
sgRNA_00191,GCCCCCTGCTGGAACCCCCG,Dapk2
sgRNA_00192,GCCGCCCCGAGGTGAGGACT,Dapk2
sgRNA_00193,GGGCACAGCATGTGAGAGAC,Dapk2
sgRNA_00194,GGTGCGTGGGTGGGGACGAA,Dapk2
sgRNA_00195,GGTGAGAGACAGGGCGGGAA,Dapk2
sgRNA_00196,GGGCGTGGAGGGGACGGAAA,Dbx2
sgRNA_00197,GCGACCAAGTACATGTACCC,Dbx2
sgRNA_00198,GAGAGTCTGGGCTCCAGCGA,Dbx2
sgRNA_00199,GCTGAAGCGTGGTTGTCATC,Dbx2
sgRNA_00200,GGTACTTGGTCGCTGAAGCG,Dbx2
sgRNA_00201,GGGAATGTATAAAAGGCTTC,Dio2
sgRNA_00202,GCTATTGCAGCAATTAGCCA,Dio2
sgRNA_00203,GGCAAAGAGGGAAACGCCAG,Dio2
sgRNA_00204,GAGAGGCACTCTGCAGCCAG,Dio2
sgRNA_00205,GTGAGAAAGAGGGCTTACTT,Dio2
sgRNA_00206,GGGGTCGCCCGGTAGCTCTC,Dnah11
sgRNA_00207,GAGGGAGGAGCGAGAGTCTT,Dnah11
sgRNA_00208,GTCCTCCCCTGGGCATCTTG,Dnah11
sgRNA_00209,GCGTCCCGTTGCCAGGGAGA,Dnah11
sgRNA_00210,GGGGATCCCAGAAATGTTCC,Dnah11
sgRNA_00211,GAGGCTGGGGACCCACAAAG,Dnmt3l
sgRNA_00212,GGGGAATCAGAGCAGTCTGA,Dnmt3l
sgRNA_00213,GTGGGGACCCACAAAGCGGG,Dnmt3l
sgRNA_00214,GGGTAACCCACCCGCTTTGT,Dnmt3l
sgRNA_00215,GCCGAAGGTGCTCTGATCTC,Dnmt3l
sgRNA_00216,GGGGCACGAGAGGACACCGA,Edaradd
sgRNA_00217,GACTCTGGAGAGGATTCCGT,Edaradd
sgRNA_00218,GGTGCTCCTTGCACAGGCCC,Edaradd
sgRNA_00219,GCCTGTGCAAGGAGCACGCT,Edaradd
sgRNA_00220,GAGCAGGGCAAGTGCTCCGG,Edaradd
sgRNA_00221,GCTAGACTAACCAACTTCTC,Ednra
sgRNA_00222,GTAGGAGCCTGTGGAGTCTA,Ednra
sgRNA_00223,GAAGTTGGTTAGTCTAGGAT,Ednra
sgRNA_00224,GCAAACTCTCCCGTACTCAC,Ednra
sgRNA_00225,GCACTTGAGCCCGTGAGTAC,Ednra
sgRNA_00226,GGCAACGCCTCAGGTGAAAG,Efcab1
sgRNA_00227,GCTGGGCAGTCAGGACTGGC,Efcab1
sgRNA_00228,GGGCTGGGTGGGACACTGAT,Efcab1
sgRNA_00229,GCAGGCACAGTGTCTGTGCT,Efcab1
sgRNA_00230,GGAGCAGCCATGGCAACGGC,Efcab1
sgRNA_00231,GGAAGCGGAGAGATGCTCGT,Enox1
sgRNA_00232,GcgcgcgcgcCCAGGAGTGG,Enox1
sgRNA_00233,GCGTAAAGCGGTGAAAGGAT,Enox1
sgRNA_00234,GCGCTCCTCCGGCTCCAGAT,Enox1
sgRNA_00235,GGATCGCGCTATTCCCTCGG,Enox1
sgRNA_00236,GGGCACTCGCACACTTGTTT,Epgn
sgRNA_00237,GAAGTTCTCTCTTGAAACAC,Epgn
sgRNA_00238,GCAAGTGTGCGAGTGCCCGC,Epgn
sgRNA_00239,GGCAGACAAGATAATCTGGT,Epgn
sgRNA_00240,GAACAGCAGACAAGATAATC,Epgn
sgRNA_00241,GGTAGATTCAAAGAAAGCAT,Fabp2
sgRNA_00242,GCTGTAGTTGAAGGCAGAGT,Fabp2
sgRNA_00243,GCAAAGGGGCCTGGCATGTG,Fabp2
sgRNA_00244,GCATGGGAAGAGAAACCAAA,Fabp2
sgRNA_00245,Gaggcagccagttctaaggt,Fabp2
sgRNA_00246,GGGGTCTGAAGGTGCCACCC,Fabp5
sgRNA_00247,GCGTGGCGAGGGGCGGTACC,Fabp5
sgRNA_00248,GGAAACGTGACGTCCCAGTC,Fabp5
sgRNA_00249,GCCTCCCTTAGTGACAGCTG,Fabp5
sgRNA_00250,GAGCCCAAGGCGCACAAGTC,Fabp5
sgRNA_00251,Gagggcacagggtgggcgtg,Fam110b
sgRNA_00252,Ggaagagtgcgggtgcggag,Fam110b
sgRNA_00253,Ggtggggccaaggcgcaggt,Fam110b
sgRNA_00254,GCATCAAGGCTTAGGAGCAG,Fam110b
sgRNA_00255,GAGGCTCCGCAGGAGAGCGA,Fam110b
sgRNA_00256,GGGCACTTCCACCACTTGGA,Fam132a
sgRNA_00257,GTCACCCCTAAGGAGTTGGG,Fam132a
sgRNA_00258,GGAAAGAATCACTGGTCATA,Fam132a
sgRNA_00259,GTCCAAGGGGAGGACTCATT,Fam132a
sgRNA_00260,GTTAGGGTGGGGTCTGAAGG,Fam132a
sgRNA_00261,GcggggAAAGCCTCCAGCTC,Fam81a
sgRNA_00262,GTGACTCCCTGCAGCGAACT,Fam81a
sgRNA_00263,GcggcccggcccggggTTCG,Fam81a
sgRNA_00264,GTCCCTGCAGCGAACTGGGT,Fam81a
sgRNA_00265,GCAGGCAACGCGCCCGGAAG,Fam81a
sgRNA_00266,GCAGACGTCTAGTCCTGTGC,Fbxw9
sgRNA_00267,GAGTCCTGTGCGGGTGTGAA,Fbxw9
sgRNA_00268,GaaaCCATTCACACCCGCAC,Fbxw9
sgRNA_00269,GAAAGGCGTGCCCACTGCCC,Fbxw9
sgRNA_00270,GGTCTCTGACGTCATCTAAT,Fbxw9
sgRNA_00271,GAGGAGGGAGATGCGATCCC,Fgf5
sgRNA_00272,GGTCCCGGGGGCAGCTTCTG,Fgf5
sgRNA_00273,GCGGTCGCAGCCAGCGTCCC,Fgf5
sgRNA_00274,GGAGATGCGATCCCGGGAGT,Fgf5
sgRNA_00275,GGGGTGAGGGGAAGCTTCGC,Fgf5
sgRNA_00276,GCACGTGGGCAGCGGTGAAG,Fkbp5
sgRNA_00277,GGCGGAGATGCAAACGAACG,Fkbp5
sgRNA_00278,GCACGGCCACCAATCGGGAC,Fkbp5
sgRNA_00279,GCAGCCCGCGCGCCTTTTGG,Fkbp5
sgRNA_00280,GGGGCAAGGGCCAGACACGT,Fkbp5
sgRNA_00281,GCTCCCCGCTCTGACGTTTT,Foxe1
sgRNA_00282,GGGGAGGGCGCCTGGAGATT,Foxe1
sgRNA_00283,GTCTCCCGCTTGGCGCGCAG,Foxe1
sgRNA_00284,GGGCCAGCCCCCGAATCTCC,Foxe1
sgRNA_00285,GTGTGTCTCACGTGGAAAGA,Foxe1
sgRNA_00286,GAACACTCTTAAGTACTGTT,Foxp2
sgRNA_00287,GCCTATGAGGGGCGGGCAGG,Foxp2
sgRNA_00288,GTACTTAAGAGTGTTCTAGG,Foxp2
sgRNA_00289,GGGACCTGACGTCATCCAGG,Foxp2
sgRNA_00290,GCCCGACTCGCCGTCTgggg,Foxp2
sgRNA_00291,GGGAGCTGGAGCCAACTCAG,Gda
sgRNA_00292,GGAGGAAAGCCACACCCCAA,Gda
sgRNA_00293,GCAAAACCAACGCAGGGGTG,Gda
sgRNA_00294,GTGAGGGGATGAACGGTCCT,Gda
sgRNA_00295,GCAGAGGAGAAAAATCCTAT,Gda
sgRNA_00296,GGCTCGAGCACAGTCATGGT,Gdpd2
sgRNA_00297,GTCTGGAGCTGGCAGTCAGG,Gdpd2
sgRNA_00298,GCCTCCCAGTCACTGCCTGA,Gdpd2
sgRNA_00299,GAGGCCAGGACTGAGGGCAT,Gdpd2
sgRNA_00300,GCCAGGACTGAGGGCATAGG,Gdpd2
sgRNA_00301,GTCCACGCAGCGATTCCCGT,Gfra4
sgRNA_00302,GCAGCTGCGCTCTGAGTACG,Gfra4
sgRNA_00303,GCCTGGGCCGGGCAGCGCCC,Gfra4
sgRNA_00304,GGGGAATCGCTGCGTGGACG,Gfra4
sgRNA_00305,GAAGGGGTACCCAAACCCAA,Gfra4
sgRNA_00306,GGGCGGGAGGAGCTGTAGAC,Ggct
sgRNA_00307,GGCAGGGGGCCGTACATCCG,Ggct
sgRNA_00308,GGAAAAGCGACGTCAGTGGG,Ggct
sgRNA_00309,GCTAACGGACAGCCCGAGAG,Ggct
sgRNA_00310,GAATAGAAAAGCGACGTCAG,Ggct
sgRNA_00311,GGGAGAGAACTGAGCTACGG,Gins1
sgRNA_00312,GACTGAGCTTCAGGAAAATT,Gins1
sgRNA_00313,GGTGGGAGAGAACTGAGCTA,Gins1
sgRNA_00314,GTGAGCTACGGTGGCCGAGA,Gins1
sgRNA_00315,GCGCACCAGTGCACTTCTAT,Gins1
sgRNA_00316,Ggcggcggctacagaggacg,Gli2
sgRNA_00317,Gctacagaggacgcggagga,Gli2
sgRNA_00318,Ggcggctacagaggacgcgg,Gli2
sgRNA_00319,GGGGACTCGGGCAGTCCCTA,Gli2
sgRNA_00320,GCGGCGGGGCGGGCAAGCTA,Gli2
sgRNA_00321,GCCCGCGCGCAGGACGTGAC,Gng11
sgRNA_00322,GGCAGCTCCCAGCTCCCCGG,Gng11
sgRNA_00323,GGGGAAAGGCCATCGGGAGC,Gng11
sgRNA_00324,GAAGCCGCCCTGAAGTTGGT,Gng11
sgRNA_00325,GTGGAGAGGTGAAGGATCTA,Gng11
sgRNA_00326,GTGGAGGGAAATGATGTCCC,Gpihbp1
sgRNA_00327,GAGAACCTCCGGGGATAGAG,Gpihbp1
sgRNA_00328,GCAGGTGACCAGGACACCCA,Gpihbp1
sgRNA_00329,GGGACATAGGACATTCCTGG,Gpihbp1
sgRNA_00330,GAGCTGGTGGGGACTACAAA,Gpihbp1
sgRNA_00331,GAGCACGAGTTGTTAAGCGA,Gpnmb
sgRNA_00332,GCCAAACGAAACCTGGTCGT,Gpnmb
sgRNA_00333,GCTCATGAGTCACTTGCCCC,Gpnmb
sgRNA_00334,GAAGGGGGGAGGAGCAAATG,Gpnmb
sgRNA_00335,GTTCTGGGGGAAGAGAACGC,Gpnmb
sgRNA_00336,GAACTCAGGGCAATAAAGGA,Gpr128
sgRNA_00337,GCCTTCCTGGCTTCCTCTTT,Gpr128
sgRNA_00338,Ggactctaacacatgaacgt,Gpr128
sgRNA_00339,GGTCAAACACCCTCTTGGAT,Gpr128
sgRNA_00340,GTCCCTTAAGACCAAAGTAC,Gpr128
sgRNA_00341,GGTACCCTGGTCCCTAGGGG,Gpr45
sgRNA_00342,GGGGTGGCGGCCCCCGAGGA,Gpr45
sgRNA_00343,GCCCGAGGAGGGCTGGGGTT,Gpr45
sgRNA_00344,GGGGAGGTCTGCACCCCCGG,Gpr45
sgRNA_00345,GGGTACCGCCCCCCCTGGGG,Gpr45
sgRNA_00346,GGGCGGGCGCTGGGAAGGGT,Grm7
sgRNA_00347,GGCTGCGTGCTGAGGTAAGG,Grm7
sgRNA_00348,GAGGGAGGGGCTGCGTGCTG,Grm7
sgRNA_00349,GCGTGATGATGCAAACCGGT,Grm7
sgRNA_00350,GCCCTGAACAGGCAACCTCT,Grm7
sgRNA_00351,GAGCCGCCCCCGCCTTTAAA,Gsto1
sgRNA_00352,GTGGGCTCCCAGGTTCGCTG,Gsto1
sgRNA_00353,GTCGCTGCGGAGGTAGTGCA,Gsto1
sgRNA_00354,GCTGTGTGACGTTAACCGGT,Gsto1
sgRNA_00355,GCTACCTCCGCAGCGAACCT,Gsto1
sgRNA_00356,GTAGTGCCCAGGGAGAGGCC,Guca2a
sgRNA_00357,GGTGCCTGGGGTAAACAGTG,Guca2a
sgRNA_00358,GTAAGTGAGCCCAGAGAGGG,Guca2a
sgRNA_00359,GTGAGTCACAGTAGTGCCCA,Guca2a
sgRNA_00360,GTGTTGAGCCCCATCAGATA,Guca2a
sgRNA_00361,GGCAGGGCAACGCACACTTT,Hopx
sgRNA_00362,GGGGACTGAGGACACTCGCG,Hopx
sgRNA_00363,GTCCGCCGCGGGCTAGCACG,Hopx
sgRNA_00364,GAGGCGGAGTGTGGCGGCCC,Hopx
sgRNA_00365,GGGGCCTTGCCAGGGAGCGC,Hopx
sgRNA_00366,GGGCGCGGGACCACCTGTGA,Hoxa7
sgRNA_00367,GGGGAAGAGGCTCACAGACG,Hoxa7
sgRNA_00368,GGGCCGCCTGCCTCCTAGAA,Hoxa7
sgRNA_00369,GCCCTGCCTCCAGGCTTCGG,Hoxa7
sgRNA_00370,GGGGCGAGATCCCTGCCTCC,Hoxa7
sgRNA_00371,GAGCGGCTGCAGGAAAGGTG,Hoxd11
sgRNA_00372,GGGCCCTGGCACAGAGGACT,Hoxd11
sgRNA_00373,GACGGAGGGTGGCTGTGTCG,Hoxd11
sgRNA_00374,GGAGGGAGCGGCTGCAGGAA,Hoxd11
sgRNA_00375,GCCAGCCGGTGAGCTACGGA,Hoxd11
sgRNA_00376,GCAGCCAATGGCAGGGTCCC,Hoxd13
sgRNA_00377,GTGGCTGCGCCGGGACACGT,Hoxd13
sgRNA_00378,GGCGAGGTGGGCCTCCCAAA,Hoxd13
sgRNA_00379,GAGGGGGCCTGGGACGGTCA,Hoxd13
sgRNA_00380,GCGGCCGGGGACCCTGCCAT,Hoxd13
sgRNA_00381,GCGGGGCAAAGGCGTCTCCA,Hpgds
sgRNA_00382,GGCTACCCAGAGCTCTTTAC,Hpgds
sgRNA_00383,GGACGCGGGTGAGAAGGCAC,Hpgds
sgRNA_00384,GGGGGTGGACGCGGGTGAGA,Hpgds
sgRNA_00385,GTCTGTAAGAAAACGTGACA,Hpgds
sgRNA_00386,GAACCGGAGACCAGCTCAGG,Hs3st6
sgRNA_00387,GGCGCGGAGGGACACAAGAC,Hs3st6
sgRNA_00388,GCTCCTCCTGAGCTGGTCTC,Hs3st6
sgRNA_00389,GccgccccTCTCCGGCTCCA,Hs3st6
sgRNA_00390,GCAACCCTGGAGCCGGAGAg,Hs3st6
sgRNA_00391,GTCCCCTGGAAACTCCTCCG,Hs6st3
sgRNA_00392,GGCCCCGGAGGAGTTTCCAG,Hs6st3
sgRNA_00393,GAAAAAACCTGCCCTAGGTA,Hs6st3
sgRNA_00394,GGGCGCATGCTCCGTACCTA,Hs6st3
sgRNA_00395,GTTTCCAGGGGAGGAGTCCA,Hs6st3
sgRNA_00396,GACAGCTGAAGGGTGTGCAG,Hspb2
sgRNA_00397,GGGGCCTGGTAGGACAGCTG,Hspb2
sgRNA_00398,GGTGCAGAGGAGGGGACTTA,Hspb2
sgRNA_00399,GGGCCCCTGCGACAGCTGAA,Hspb2
sgRNA_00400,GCACCCTTCAGCTGTCGCAG,Hspb2
sgRNA_00401,GAGGAGGAGGGCTCTGTGTA,Igfbp5
sgRNA_00402,GGGGAGCCCCCGTGTCTAGA,Igfbp5
sgRNA_00403,GTACGGAAAGGGCTTTGGGG,Igfbp5
sgRNA_00404,GAACAGGTAAGAGGCGTCGG,Igfbp5
sgRNA_00405,GAGAGGCCTTCTAGACACGG,Igfbp5
sgRNA_00406,GGTACTGAGTCAGAGCTCAT,Il20ra
sgRNA_00407,GTCACCCTTCCAGCTTCTTC,Il20ra
sgRNA_00408,GGGGGAGGAAATCTCGACTA,Il20ra
sgRNA_00409,GGAGTCCACACAGGCTTCAG,Il20ra
sgRNA_00410,GCAGGGAGTCCACGCGAGGG,Il20ra
sgRNA_00411,GTGGGCCGCCCTCCTCCCAT,Insig1
sgRNA_00412,GTCCGCGCGCCTGTCCGCTC,Insig1
sgRNA_00413,GGGCCTCACCAGACCCCGAG,Insig1
sgRNA_00414,GTGAGGCCGCCGGAGCCAAT,Insig1
sgRNA_00415,GCAGCGCAATAGGGCAGCAT,Insig1
sgRNA_00416,GAGGCGGCGGCCGGGGACCC,Isl1
sgRNA_00417,GGCCCGCTCGGCGAGCCCGC,Isl1
sgRNA_00418,GAGGCTTAATCCTCTCCTGC,Isl1
sgRNA_00419,GCGGCGCCCAAGGAGCGACG,Isl1
sgRNA_00420,GGTGGTGGACAAGGAGGCGG,Isl1
sgRNA_00421,GCGCCCGCCAATCCACGCAT,Kcnab2
sgRNA_00422,GAGGCCCGGGCTCCACGCGT,Kcnab2
sgRNA_00423,GCTCCCGCCGATGCGTGGAT,Kcnab2
sgRNA_00424,GAGTCAGAATCCTTGGACTC,Kcnab2
sgRNA_00425,GGGGTCCAGTGCTGACCGAG,Kcnab2
sgRNA_00426,GGGTGAGGCTGGAACCGGAG,Kcnh1
sgRNA_00427,GAACCAAGAGCCACGGGGTG,Kcnh1
sgRNA_00428,GACTTCCCGCTGCACCCAGA,Kcnh1
sgRNA_00429,GCACCCAGAGGGTGCCGCTC,Kcnh1
sgRNA_00430,GGAGGGAGCCAGCCGGTCCA,Kcnh1
sgRNA_00431,GGTCTGACCCAGAGAGGGTA,Kcnj15
sgRNA_00432,GCAGGGAGAAAGACACTGGG,Kcnj15
sgRNA_00433,GTCTACAGACCGGCACAGGG,Kcnj15
sgRNA_00434,GTCTGGGTCAGACTCTACCC,Kcnj15
sgRNA_00435,GCCACAGCTCCCAGGGAAAG,Kcnj15
sgRNA_00436,GAGCGCCGCGCCCTGGGCCG,Kcns3
sgRNA_00437,GCGTGCGTGGGGCTCGCCGT,Kcns3
sgRNA_00438,GGGGCCGGGGGGAACCCTGG,Kcns3
sgRNA_00439,GGCAGGGCGGGACACTCCTG,Kcns3
sgRNA_00440,GGGCGAGCCCCACGCACGGA,Kcns3
sgRNA_00441,Ggcctccaatcagatatctg,Klhl23
sgRNA_00442,Gtgggggtagaaacccaagt,Klhl23
sgRNA_00443,Gggctgggaaagccgggggt,Klhl23
sgRNA_00444,Ggctaccccagatatctgat,Klhl23
sgRNA_00445,Gaccccagatatctgattgg,Klhl23
sgRNA_00446,GGGCCCCCACCCCCTCTGAA,Krt15
sgRNA_00447,GCCCACAAGCTGTCAGTGGG,Krt15
sgRNA_00448,GAGGCCCACAAGCTGTCAGT,Krt15
sgRNA_00449,GAGGAGTTGGCTCCGCTCAA,Krt15
sgRNA_00450,GTCCACAGAACTCACTTGTA,Krt15
sgRNA_00451,GggtctgtgGCATGCAAGTA,Krt4
sgRNA_00452,GTCAGCAGGTGCAAGAGAGA,Krt4
sgRNA_00453,GTGGGCTGGGCCTTTGGCAA,Krt4
sgRNA_00454,GCCTAGAAAAGTCACTGGGA,Krt4
sgRNA_00455,GCACACCTAGAAAAGTCACT,Krt4
sgRNA_00456,GGGGTGGGCGACATGATCCG,Krtdap
sgRNA_00457,GCAAGAGCTTGGGGAGTAAT,Krtdap
sgRNA_00458,GCCTCCCGGAGCCCCAGGGG,Krtdap
sgRNA_00459,GCACCCTAGTGACTCATCCC,Krtdap
sgRNA_00460,GGATCCGGGGATGAGTCACT,Krtdap
sgRNA_00461,GACAAAGTCCGAGTGCCCGG,Ldhd
sgRNA_00462,GTGCAGGCCGGCCTGAGCTC,Ldhd
sgRNA_00463,GTCCACCCAGGGCAGCTATT,Ldhd
sgRNA_00464,GGAGGCTTTCAAGTCCCACC,Ldhd
sgRNA_00465,GAAACAAACATCGTGTACGG,Ldhd
sgRNA_00466,GAGGCCTCTCCGCTCCAGTT,Lmo1
sgRNA_00467,GCCTCCCTGCCGGGTTAATG,Lmo1
sgRNA_00468,GGGGTACCAAGGTTTCTTCC,Lmo1
sgRNA_00469,GAAACAGAAACCAAGGTTGA,Lmo1
sgRNA_00470,GTCGCCGAACTGGAGCGGAG,Lmo1
sgRNA_00471,GAGCGCTCGAGGAGAAGTCA,Lrat
sgRNA_00472,GCGAGCGCTCTGCTTCACTA,Lrat
sgRNA_00473,GAGGCCGGAGAACACGGATT,Lrat
sgRNA_00474,GGAAAGATCCTGCACCTGCC,Lrat
sgRNA_00475,GGTGCCCAATCCGTGTTCTC,Lrat
sgRNA_00476,GGCTCCTCGGGCTCTCGGGG,Lrrc4
sgRNA_00477,GAAGGCCCGGCGGGCTATGC,Lrrc4
sgRNA_00478,GCTGGCGCGCCTCAACTCCG,Lrrc4
sgRNA_00479,GAAGCTGGTGCCAGGGTCCA,Lrrc4
sgRNA_00480,GGCTGGTGGCGCCGCTCCTC,Lrrc4
sgRNA_00481,GCAGGCTGCTTCAGCCAACC,Lrrn3
sgRNA_00482,GTCCTATGACAGTGCTGCTT,Lrrn3
sgRNA_00483,GGACTGATCACATTCCAAAT,Lrrn3
sgRNA_00484,GCTGAACTTCACAGACAGGG,Lrrn3
sgRNA_00485,GCTGCTTCAGCCAACCAGGC,Lrrn3
sgRNA_00486,GTCTCATTGAGGTCCGCCCA,Ly6k
sgRNA_00487,GGGAGCCGGAATGTTCCAGA,Ly6k
sgRNA_00488,GAGTGGGGCTGTCTGGTGTC,Ly6k
sgRNA_00489,GGGACCTCAATGAGACGCGG,Ly6k
sgRNA_00490,GGGACCAACGGCACCCTGTA,Ly6k
sgRNA_00491,GGGAGCTCGAACAGTCTGAG,Lypd2
sgRNA_00492,GATAACCTATGGGGAGGAGA,Lypd2
sgRNA_00493,GAGGGCTGGGTAGGGTCCGA,Lypd2
sgRNA_00494,GGTGGAACAGCAGCTTTGAG,Lypd2
sgRNA_00495,GAAAGACGACCCATAACCTA,Lypd2
sgRNA_00496,GAAGCCGCGGTGCCAAATTA,Lyrm7
sgRNA_00497,GCGGGGAAGGCGGGCTAGGA,Lyrm7
sgRNA_00498,GGCGGTGCCAAATTACGGAC,Lyrm7
sgRNA_00499,GCCCTCTTGGCAACCAATCA,Lyrm7
sgRNA_00500,GTTCCTCCTGCGGGGAAGGC,Lyrm7
sgRNA_00501,GGCGCCGCCCTGAAACCCGA,Mal
sgRNA_00502,GCTCAGGCAGGTGGCAACTA,Mal
sgRNA_00503,GGCAGGTGGCAACTAGGGTT,Mal
sgRNA_00504,GTGGCAACTAGGGTTAGGTC,Mal
sgRNA_00505,GTCTGAAGATCTGCAGGACT,Mal
sgRNA_00506,GTGGACCCCGCGGGGACCGA,Mapt
sgRNA_00507,GCCCTAGCGGTCGGAAGGGG,Mapt
sgRNA_00508,GGGAGCGCGAACCTCCCTAG,Mapt
sgRNA_00509,GAACCTCCCTAGGGGAGGGG,Mapt
sgRNA_00510,GCGGAGAGAGGAGGGTTGAG,Mapt
sgRNA_00511,Gggagtggaggcggggacta,Mdk
sgRNA_00512,GAGGCCTAGACCAGGGGAAG,Mdk
sgRNA_00513,GAGGTGAGAGGCACAGACGC,Mdk
sgRNA_00514,Ggtggaggcggggactaggg,Mdk
sgRNA_00515,GGGCACAGACGCGGGAGTCC,Mdk
sgRNA_00516,GCCGAAGCCGCTggaagagg,Mef2c
sgRNA_00517,GGCACCGAAGCCGCTggaag,Mef2c
sgRNA_00518,GaggagAAAGTGGTTGTCTG,Mef2c
sgRNA_00519,GGAAGTGACTGGAGACGAAT,Mef2c
sgRNA_00520,GACTGGAGACGAATGGGAAA,Mef2c
sgRNA_00521,GAGGAGCAGTGGGTGGACCT,Mid1
sgRNA_00522,GGTGGACCTGGGTGCAGGAG,Mid1
sgRNA_00523,GGCTGCCTTTACCAGGATTA,Mid1
sgRNA_00524,GGAACTCATCCTTTACTTTG,Mid1
sgRNA_00525,GCTCGCCAATCAGGAGCAGT,Mid1
sgRNA_00526,GTAACCAGAAATTATCGCCA,Mlip
sgRNA_00527,GGTCCTAGGCTCTTACAACG,Mlip
sgRNA_00528,GAAGCCCTGGCGATAATTTC,Mlip
sgRNA_00529,GTTGTCACGTGCATCTTTCT,Mlip
sgRNA_00530,GCAGCTATTGATGAAATCTG,Mlip
sgRNA_00531,GGATAAGGGTATCTATGAAT,Mme
sgRNA_00532,GCACTGAATGGGCAAAAAAG,Mme
sgRNA_00533,GTTGAAGATGGTCACTGAAT,Mme
sgRNA_00534,GAACTTGTAAAAGATACCAT,Mme
sgRNA_00535,GCATAGATACCCTTATCTGC,Mme
sgRNA_00536,GGTGGATTCAGCATGGTGGG,Mmp7
sgRNA_00537,Gtggctacatagccagatca,Mmp7
sgRNA_00538,GCTTGTGGATTCAGCATGGT,Mmp7
sgRNA_00539,GAAGTATTGTGTTTTTATAT,Mmp7
sgRNA_00540,GagatcatgggctgcatagG,Mmp7
sgRNA_00541,GCTGCCCTGCCCTGTGAGGC,Msln
sgRNA_00542,GAACCCGTAACAACCGGAGC,Msln
sgRNA_00543,GACCCAAAGGGACTGATCTA,Msln
sgRNA_00544,GAGTGCCCCTCCCTATAGGA,Msln
sgRNA_00545,GAGGCTGACCACGCTGTAGA,Msln
sgRNA_00546,GCCCAACCACTGGGGTCTAA,Ndn
sgRNA_00547,GTCTAAGGGAGGGTACCACT,Ndn
sgRNA_00548,GACCACTGGGGTCTAAGGGA,Ndn
sgRNA_00549,GCAGCAAAGCCCAACCACTG,Ndn
sgRNA_00550,GCACAGAACTAGATGATGGT,Ndn
sgRNA_00551,GCAGCAGGAAAGCCCGGATG,Ndufa4
sgRNA_00552,GTCCTCTAAGGTGCCTGAAT,Ndufa4
sgRNA_00553,GCGGATGCGGCTGTCCTCTA,Ndufa4
sgRNA_00554,GGAAGTGGTCGGGACATTTA,Ndufa4
sgRNA_00555,GCTCCAGCCGCCGGGGTCAA,Ndufa4
sgRNA_00556,GAACAGGCTGGAAGTTGTTG,Ndufa4l2
sgRNA_00557,GCCCGCCCCCCATCAGGGAG,Ndufa4l2
sgRNA_00558,GTGAAAGGGGATCCAGATGT,Ndufa4l2
sgRNA_00559,GCAGTAAGAGAGAGTTGGGA,Ndufa4l2
sgRNA_00560,GAAACCGCCCAGACCAAGAG,Ndufa4l2
sgRNA_00561,GCATGCGCAAAGCCCTCTCT,Ndufb6
sgRNA_00562,GGGAGGGGACCGGAAGAACA,Ndufb6
sgRNA_00563,GTCGGCCCGCCCCCAGAGGC,Ndufb6
sgRNA_00564,GACCTTGAGGCGCCTGGAAG,Ndufb6
sgRNA_00565,GGGGCGGGCCGACTCCTTCG,Ndufb6
sgRNA_00566,GCCTGGACCTAACGTCCGAG,negative_control
sgRNA_00567,GATCGGTTATGTTTAGGGTT,negative_control
sgRNA_00568,GGCACATCGGACGTAAGCGC,negative_control
sgRNA_00569,GCAGAGTCACCACCGGTCCG,negative_control
sgRNA_00570,GTACACAGGTATGCCAATTT,negative_control
sgRNA_00571,GCTGTTCGGTCGTCTCCCGG,negative_control
sgRNA_00572,GTCGCCTGGCGGATAAGGCG,negative_control
sgRNA_00573,GTACCTCCGGCGAGTCAAAT,negative_control
sgRNA_00574,GGCCCACGCAGCTTGCGTAT,negative_control
sgRNA_00575,GTCTCCGTGCGTTGTAATAT,negative_control
sgRNA_00576,GCGGGCTCCTCTTTCGGCCG,negative_control
sgRNA_00577,GTCGGCGCGTAAAACGCCAT,negative_control
sgRNA_00578,GACGTCGCCTGGTACGGTAT,negative_control
sgRNA_00579,GCCGGGTCCATCAAGCCGGG,negative_control
sgRNA_00580,GTGACCTGGCCACGGCACTA,negative_control
sgRNA_00581,GAGGACCGGCACGCGTGTCG,negative_control
sgRNA_00582,GCTTAGTGCTGTAACGGCCG,negative_control
sgRNA_00583,GTCCACATTCTAATGTGCGT,negative_control
sgRNA_00584,GTGCAAGGGGGCCGACGTGG,negative_control
sgRNA_00585,GCGAGCACGACCGTAGCTTG,negative_control
sgRNA_00586,GAGAGCGAGTAGTTTCCGAG,negative_control
sgRNA_00587,GTGGGCCCGTCGCAAGCCGT,negative_control
sgRNA_00588,GTTGAAAGGACTGGATCGGG,negative_control
sgRNA_00589,GGGATAAGAGAGCGGCTTGC,negative_control
sgRNA_00590,GGCGCGCGGATCAAATCAGC,negative_control
sgRNA_00591,GAGCCCCTACTAGGGTTTAA,negative_control
sgRNA_00592,GAACCATAATTGGGCCACAT,negative_control
sgRNA_00593,GTGGATAGAGGTCGCCACAA,negative_control
sgRNA_00594,GTACTAGAGGACGTAGGGGT,negative_control
sgRNA_00595,GTAGCGCAGCACAGGAGCGT,negative_control
sgRNA_00596,GGATCCAAGAGGAGACGCCT,negative_control
sgRNA_00597,GGTACGTGGTGGATGGACAG,negative_control
sgRNA_00598,GGCAGGGGGTGCGGCTACCT,negative_control
sgRNA_00599,GCTACTCGGAGACCACCAAA,negative_control
sgRNA_00600,GTGCACAATTTCTCCGATAT,negative_control
sgRNA_00601,GATGCCCTTGCGTCAGATTA,negative_control
sgRNA_00602,GTTTACCGACCATTTATTGC,negative_control
sgRNA_00603,GAAGGATACGACGGTCGCAA,negative_control
sgRNA_00604,GAAGGAGGCTACACCCGTTA,negative_control
sgRNA_00605,GTGGTGAACACCATGCGCAT,negative_control
sgRNA_00606,GTGAAGACAAAAGTCCCGTT,negative_control
sgRNA_00607,GCCGGCGTAGGAGAACCCAT,negative_control
sgRNA_00608,GCACGCAGCTTTATCGAGGT,negative_control
sgRNA_00609,GCCACCAGCACCCTTGAGAG,negative_control
sgRNA_00610,GCGGCGCACATCGGTGGTGC,negative_control
sgRNA_00611,GTGGCGCTGTCAATTCAAGG,negative_control
sgRNA_00612,GTGTTGGCCCGTCCTAGTTC,negative_control
sgRNA_00613,GGCCGCCAGCACAGATAGTG,negative_control
sgRNA_00614,GTCCAGCAAACGAAACCGGT,negative_control
sgRNA_00615,GGCCTGCGGAACAGGCCAGG,negative_control
sgRNA_00616,GGGTGTAGGGGCTAGCGCGG,negative_control
sgRNA_00617,GTAACGGTCAGAAGTTGATT,negative_control
sgRNA_00618,GTTGCACGCATCCACGCTGA,negative_control
sgRNA_00619,GAACATTATCGCAGTAATCC,negative_control
sgRNA_00620,GTGCGGAGTTTAGACCATAG,negative_control
sgRNA_00621,GAGGCCATCGATGTAATGTT,negative_control
sgRNA_00622,GGACGATAGTGTATACTATC,negative_control
sgRNA_00623,GGGGAGATAGGGGAACCGTG,negative_control
sgRNA_00624,GGTCCATTAGGTACACTGTT,negative_control
sgRNA_00625,GTGAGGGGGACAATGCAGGG,negative_control
sgRNA_00626,GGAAGCGTGCGATGACTGGT,negative_control
sgRNA_00627,GTTGCTTGAAAAGTGACCAG,negative_control
sgRNA_00628,GGCTGGCACTCCTTAAGCCA,negative_control
sgRNA_00629,GTCGGCGCCCGTGGCCTATC,negative_control
sgRNA_00630,GTAAGGAACGCTGCCCCCTG,negative_control
sgRNA_00631,GATCTCGCGGAGGACTGTAC,negative_control
sgRNA_00632,GCGAGGTGCTGATTAAAGCA,negative_control
sgRNA_00633,GACATTGTCGTGTAGTGTCT,negative_control
sgRNA_00634,GCGTACGTCGAAGGTATTGG,negative_control
sgRNA_00635,GCGTAGACCAGTCGAATTCA,negative_control
sgRNA_00636,GTTTCAACGGAGGCTTTTAT,negative_control
sgRNA_00637,GGGCGCGGCGCACGGCTCTA,negative_control
sgRNA_00638,GGGGTCTGGAGGTTAGGATT,negative_control
sgRNA_00639,GAGCGCACATTTCCCTTGAA,negative_control
sgRNA_00640,GAGGTCGGGCAGTATTGCAC,negative_control
sgRNA_00641,GCCAAGGGAGTCAAAATGAC,negative_control
sgRNA_00642,GCCTGTTAACAGGCGGCTTT,negative_control
sgRNA_00643,GGTCGACATCAGGTGTGCTT,negative_control
sgRNA_00644,GTTGACTCGTTTAACCTCCC,negative_control
sgRNA_00645,GCCCTGACGGACGTACCGAG,negative_control
sgRNA_00646,GAGTACCCAGAAGCCTAACC,negative_control
sgRNA_00647,GCCGTAATCAAGTTCATGGC,negative_control
sgRNA_00648,GTTGACCCGGGAGCGAGCAT,negative_control
sgRNA_00649,GTCCCCAGGATGACGATAGG,negative_control
sgRNA_00650,GAACCGTAGACGAACCGCGA,negative_control
sgRNA_00651,GCCGACTGGATCAGAGCGTG,negative_control
sgRNA_00652,GTGAGGGCGGCTTTCGATCT,negative_control
sgRNA_00653,GGGAGCCTAGCACGGACCCC,negative_control
sgRNA_00654,GGGGCGGCGCCTCTATCTTG,negative_control
sgRNA_00655,GCGACAGTGTGGGGTCGTAC,negative_control
sgRNA_00656,GAGACGGTAACGGATATAAG,negative_control
sgRNA_00657,GCTGAATGGGCGTCATCCTT,negative_control
sgRNA_00658,GAACCCGACACAGTAAGATG,negative_control
sgRNA_00659,GAGGTGGAGTCGCTTATTAT,negative_control
sgRNA_00660,GACGGTCTACCTAATTCACC,negative_control
sgRNA_00661,GGAGCCGGCGCGATCCCCTC,negative_control
sgRNA_00662,GGCGGTGCGTCGTTACACAA,negative_control
sgRNA_00663,GGGGGCGTTGTAGCTCCAAG,negative_control
sgRNA_00664,GGAGATTATGCGTCCACAGG,negative_control
sgRNA_00665,GGACGGAGCAGGTACTAATT,negative_control
sgRNA_00666,GCAGGGGCATGCTGACCAGC,negative_control
sgRNA_00667,GGCCTCCTAAATCTCCAGAC,negative_control
sgRNA_00668,GGCCGATTAAGGAGCACCCC,negative_control
sgRNA_00669,GCGGGTGTACCCGGATCCCA,negative_control
sgRNA_00670,GTGTCGGAAGGAACACGTAA,negative_control
sgRNA_00671,GGGGCCGTCTTGGCGTGCCG,negative_control
sgRNA_00672,GTTAGTTGAAGTGCCCAATT,negative_control
sgRNA_00673,GGGCCGTCCCGGCTCGTCGA,negative_control
sgRNA_00674,GATGCCGTAGCGAACTACAG,negative_control
sgRNA_00675,GCCCACCAGCACTGCATCGA,negative_control
sgRNA_00676,GACTATCGGTCATGTTATGC,negative_control
sgRNA_00677,GGCGCGTGTCCCGAACGCTC,negative_control
sgRNA_00678,GCCACGTGAGCACGGGTCGT,negative_control
sgRNA_00679,GCTCCGGACTTCGGCCCAGG,negative_control
sgRNA_00680,GCGCTACCGGCCTTAAGACG,negative_control
sgRNA_00681,GCCCACGTTGCACGGCTCGC,negative_control
sgRNA_00682,GTAGCCGTCACGACGCGGGT,negative_control
sgRNA_00683,GAGGGACGCTGATTGCGAAG,negative_control
sgRNA_00684,GAAAATCGGCTTGGCAGGGG,negative_control
sgRNA_00685,GGAACCATGGTCCCCGGCAT,negative_control
sgRNA_00686,GGAGAGGTTACGGACAGCGT,negative_control
sgRNA_00687,GCGCAGCTAAAGCGCGCCGT,negative_control
sgRNA_00688,GCGACCAAGGCAGGTGAGCT,negative_control
sgRNA_00689,GAGCATTGATCCGTACCCGA,negative_control
sgRNA_00690,GACGACATGACATTGAGGGT,negative_control
sgRNA_00691,GTGCTATGGGCCTCCGTAGG,negative_control
sgRNA_00692,GCCGTGAAGGACGAAGTAGC,negative_control
sgRNA_00693,GACCAGCGAGACTTGCTATA,negative_control
sgRNA_00694,GTTGCAATGGCGCGGGAGTA,negative_control
sgRNA_00695,GGCCGGCGACCGTAGTTTGA,negative_control
sgRNA_00696,GGCGAGGGCAGATACGGTTG,negative_control
sgRNA_00697,GAAAGCGATTGGGGCCTTCC,negative_control
sgRNA_00698,GGACCCTTAGACCACGTCAG,negative_control
sgRNA_00699,GGGAGCCCGAAGAATGTGGT,negative_control
sgRNA_00700,GCCGCTAGATTTCAAGTCAT,negative_control
sgRNA_00701,GCTCACGGAACGCGCGTATG,negative_control
sgRNA_00702,GCGCAGCAGGGCAGCCGTCT,negative_control
sgRNA_00703,GGGGACGACGAAGTCTAAAC,negative_control
sgRNA_00704,GGACCGCGAAGTACCTCTAC,negative_control
sgRNA_00705,GGGACCGATGCACGATGAAT,negative_control
sgRNA_00706,GATGCGGAGGGGCCGTACTC,negative_control
sgRNA_00707,GTACCCATGGCATGTGCATC,negative_control
sgRNA_00708,GACGGAAGCTGAAAGCTCCG,negative_control
sgRNA_00709,GCCACACCACACCGCGCGCA,negative_control
sgRNA_00710,GCGCCCTTGCAGGGACGCGT,negative_control
sgRNA_00711,GGCGCATCGGGAGCCAATCA,negative_control
sgRNA_00712,GGCAAACAGACTGACAGGTC,negative_control
sgRNA_00713,GTCGAGTTGGAGCTCTCAGG,negative_control
sgRNA_00714,GTTAACGATCGGGCTAACTA,negative_control
sgRNA_00715,GAGCAATCGGGTGTTTGCGT,negative_control
sgRNA_00716,GGGAGTCTATCGGCCTTCTA,negative_control
sgRNA_00717,GAATAGAAACCGAGGGACGG,negative_control
sgRNA_00718,GGCGCGGGTAATGCGGTCGA,negative_control
sgRNA_00719,GGATGTGCCCGCTCGTCGCG,negative_control
sgRNA_00720,GCACGGAGGGGAGCTGATAC,negative_control
sgRNA_00721,GGGAGCATGGAGGTTAGCGC,negative_control
sgRNA_00722,GGGATCTGGCGGTCGAACCA,negative_control
sgRNA_00723,GGTAAGCCACCGCGGAGCAA,negative_control
sgRNA_00724,GGACGAGGTCGAGTCAAAGG,negative_control
sgRNA_00725,GTCTATTAACAGCTCATTAC,negative_control
sgRNA_00726,GATCGTGGCTTAAGTATTAA,negative_control
sgRNA_00727,GGGCAGGTGCACTCACGCCT,negative_control
sgRNA_00728,GTACTGAATGGAATTTCTAC,negative_control
sgRNA_00729,GGCAGGGCTCGTAAAGGCCC,negative_control
sgRNA_00730,GAAGCAGGGTCACTAATCGA,negative_control
sgRNA_00731,GCAGCCGTAAGCCCGTCGTC,negative_control
sgRNA_00732,GTCAGGCATGACCTCTACAG,negative_control
sgRNA_00733,GGATGGGCACAGCACAGTAA,negative_control
sgRNA_00734,GATGCTCTGATCCCTCATAC,negative_control
sgRNA_00735,GTGTCAAGGAATGCCGGCCC,negative_control
sgRNA_00736,GTCACCGCATTTCCACTGGC,negative_control
sgRNA_00737,GGCCGGGGCCGCTGGATTTG,negative_control
sgRNA_00738,GGAACCCAGTGAATGAGACG,negative_control
sgRNA_00739,GTACGTCCAAGCTCGTAATG,negative_control
sgRNA_00740,GTCGGACCGGTAACGCCTGT,negative_control
sgRNA_00741,GCGAAGGGGCGGTCCACCCC,negative_control
sgRNA_00742,GCGTCGGCCTCTAGCGAGAT,negative_control
sgRNA_00743,GGCCAAGGGCGTGACGCGGC,negative_control
sgRNA_00744,GATACCCTTCGTAGACTTAG,negative_control
sgRNA_00745,GAAGACACTCACTACGTGGG,negative_control
sgRNA_00746,GGGGTCCGGCGGAACATACC,negative_control
sgRNA_00747,GGCGGCCGGCCCTCCTATGC,negative_control
sgRNA_00748,GGATTAGCCGTCCGTGGATG,negative_control
sgRNA_00749,GGCAAGATGGCACTCGTGCG,negative_control
sgRNA_00750,GTCAACGCGCAACGACCGGG,negative_control
sgRNA_00751,GCAAACATTAGGGCGCTGAA,negative_control
sgRNA_00752,GGACATGGCGGGAACGACGC,negative_control
sgRNA_00753,GCTCGGGTAACGGAGGATGT,negative_control
sgRNA_00754,GGGAGTAGTTGCGCTAGTGT,negative_control
sgRNA_00755,GCAAATCCGTAGCGTGTGAG,negative_control
sgRNA_00756,GCCGGAAGTTAGTAGGATTG,negative_control
sgRNA_00757,GCATCGTCCCGGCAGTACTC,negative_control
sgRNA_00758,GCCCGATCGCCTTGACTACT,negative_control
sgRNA_00759,GCTCAATCGTCCACGGAGTC,negative_control
sgRNA_00760,GGGGTGGTAATAATGCCGAC,negative_control
sgRNA_00761,GTACTTTCCGGAAGGACTAT,negative_control
sgRNA_00762,GCTCCGGTGGTGGACCGTTG,negative_control
sgRNA_00763,GGCCGCACCCACCGTAGTAG,negative_control
sgRNA_00764,GCCGCCCGGGGAAGAAGCAA,negative_control
sgRNA_00765,GTCCGTACGACGAACGTGTA,negative_control
sgRNA_00766,GTCTGAACGAGGACGTCGCG,negative_control
sgRNA_00767,GCCAACGCTCGCTGGACGGA,negative_control
sgRNA_00768,GTGGGGGTCCTAGCATGCTA,negative_control
sgRNA_00769,GTCCGCGTCCGCCTATCGCA,negative_control
sgRNA_00770,GGGCGCCGCCCAGCCATATC,negative_control
sgRNA_00771,GCGAGACACTCTTTTCAGAA,negative_control
sgRNA_00772,GGGTACGCGTCGGTACTGAG,negative_control
sgRNA_00773,GGACAAGCCGGGTGTCGTAG,negative_control
sgRNA_00774,GAGAACACGACGCTGGTAGA,negative_control
sgRNA_00775,GTCCTGTCGTGGAACGGTCG,negative_control
sgRNA_00776,GGGCGAGATGACGGAACGAT,negative_control
sgRNA_00777,GCGGGGAGGAGATTTCGGAA,Nhs
sgRNA_00778,GaggggcgcagcgCCCTGTG,Nhs
sgRNA_00779,GGAGACTATGAGCGTGGTGG,Nhs
sgRNA_00780,GGCTCCCCGGAGCGGCCGAG,Nhs
sgRNA_00781,Ggggggaggccagggcgaga,Nhs
sgRNA_00782,GATGGGGAAAACAGGGACCA,Nlrp10
sgRNA_00783,GTGGCTAGAGACGGAAAAGA,Nlrp10
sgRNA_00784,GTCCGTCTCTAGCCAGGGCA,Nlrp10
sgRNA_00785,GAAAGTGAGTTAAGAGATAT,Nlrp10
sgRNA_00786,GGAACTGAGTTTAATTGGAG,Nlrp10
sgRNA_00787,GTAGAGAAGGTCTGGCGCTA,Nme5
sgRNA_00788,GTCTGGCGCTAAGGCTAAAA,Nme5
sgRNA_00789,GGCCCTCTGCAGCCACCGTT,Nme5
sgRNA_00790,GCCGTGTTTCTGTGGTTTCC,Nme5
sgRNA_00791,GGCCCAGAAGGTGTTTGATG,Nme5
sgRNA_00792,GACACTGGCGCGGTCTGAAC,Nmral1
sgRNA_00793,GAGGACCTCAGGCGCCCCCC,Nmral1
sgRNA_00794,GAGGCCATGGAGCACGGGGG,Nmral1
sgRNA_00795,GGGCAGGTCACACACTGGCG,Nmral1
sgRNA_00796,GTGGAAGCGTGGCAACTGGC,Nmral1
sgRNA_00797,GCGAATCGACggcccggagg,Nppc
sgRNA_00798,GGAGCCGCCGGCTCCTTCGG,Nppc
sgRNA_00799,GCCGCCGGCTCCTTCGGAGG,Nppc
sgRNA_00800,GTGGGTGCGCTCTGAGTCCG,Nppc
sgRNA_00801,GCTCCTTCGGAGGTGGGATG,Nppc
sgRNA_00802,GTTACCCTCAAAAAATTCTT,Nr1h4
sgRNA_00803,GGACCTCCAGCCAGTCTTAG,Nr1h4
sgRNA_00804,GTGCCTAGTAAGCTGGAAAC,Nr1h4
sgRNA_00805,GCCAGCCAGTCTTAGAGGCA,Nr1h4
sgRNA_00806,GCAGCCTAAGAATTTTTTGA,Nr1h4
sgRNA_00807,GACGAGCAGGCCTGACGTGG,Nrn1
sgRNA_00808,GCCCACGAGCAGGCCTGACG,Nrn1
sgRNA_00809,GGGCCCCTGGAACGAGGAGG,Nrn1
sgRNA_00810,GCACCAGGACTCCCCGTCTC,Nrn1
sgRNA_00811,GCCCTCCCTGCGCAGAATCG,Nrn1
sgRNA_00812,GCCCGCCCGCAGTGACTTGC,Ntf3
sgRNA_00813,GAATGACTAGGTCTTCCCAT,Ntf3
sgRNA_00814,GTTCTCCTAGTCCACTTCAA,Ntf3
sgRNA_00815,GAGCGCGGAGCCATCTGGCC,Ntf3
sgRNA_00816,GCGGGCCTGCAAGTCACTGC,Ntf3
sgRNA_00817,GCACTCCCGGGGACCGTGGA,Ogfrl1
sgRNA_00818,GTGGCTGGGAGGAGCCCCAA,Ogfrl1
sgRNA_00819,GCTGACCCCTGGCCACTCCC,Ogfrl1
sgRNA_00820,GTCCCGGGGACCGTGGAGGG,Ogfrl1
sgRNA_00821,GGTGCCGCGCGCTCGGGAGT,Ogfrl1
sgRNA_00822,GCAAGCCCGGCGCCCGCTAA,Osr2
sgRNA_00823,GGCCCCGCCTCCCCTCGCGG,Osr2
sgRNA_00824,GGAGCAAGGCTGCAGCGCCC,Osr2
sgRNA_00825,GTGGACCATTAGCGGGCGCC,Osr2
sgRNA_00826,GGCCCCTGGCCCGGAGTCCA,Osr2
sgRNA_00827,GCCCAGGCAGGGGTGGCTAA,Padi4
sgRNA_00828,GGGGCACTCGGAAGCCTGTG,Padi4
sgRNA_00829,GAGCCACTGGGGCACCTGAG,Padi4
sgRNA_00830,GACTGTGGACACCCATGGGT,Padi4
sgRNA_00831,GGGCTCGCCTGGCACTATAA,Padi4
sgRNA_00832,GGGCAGGAAGCGCCCTagga,Pak3
sgRNA_00833,GAGGAAGCGCCCTaggaggg,Pak3
sgRNA_00834,GGGTCCCCAGTAGCCCACTC,Pak3
sgRNA_00835,GTGACGTCATAGCATAGCTA,Pak3
sgRNA_00836,GCGCCCTGAGTGGGCTACTG,Pak3
sgRNA_00837,GACCCGGGGCCTCTCGGTGG,Papln
sgRNA_00838,GGGTACCCGGGGCCTCTCGG,Papln
sgRNA_00839,GGGGCAATGCTGGGTACCCG,Papln
sgRNA_00840,GCCATCTTCCCCCACCCAGT,Papln
sgRNA_00841,GCTGGGTACCCGGGGCCTCT,Papln
sgRNA_00842,GAGGCGGGGTGCCAACTCAG,Pcsk9
sgRNA_00843,GGGAGTGGGGATTAAGAGGG,Pcsk9
sgRNA_00844,GTCAAATGACGCTCAGAGTG,Pcsk9
sgRNA_00845,GACGCCACCCCGAGCCCCAT,Pcsk9
sgRNA_00846,GTAAGAGGGGGGAATGTAAC,Pcsk9
sgRNA_00847,GTTGCTAAGTGTCAGTAGGT,Pglyrp1
sgRNA_00848,GCGGCCCCACCTCTGGTTAA,Pglyrp1
sgRNA_00849,GCCTCCTTTAACCAGAGGTG,Pglyrp1
sgRNA_00850,GGAGGCTCTCTCATCAGGAA,Pglyrp1
sgRNA_00851,GACCAGAGGTGGGGCCGTGA,Pglyrp1
sgRNA_00852,GaaggTGGCTGCGACGGGGA,Pitx1
sgRNA_00853,GGGCGCGGGCGAGGCCAgga,Pitx1
sgRNA_00854,GCCAGCGCCAGGGCAGTCAG,Pitx1
sgRNA_00855,GTCCCTGCGCCAGGGGTGGT,Pitx1
sgRNA_00856,GcgggaaggTGGCTGCGACG,Pitx1
sgRNA_00857,GAGGTGCAGGTCTGGGAGCG,Plk5
sgRNA_00858,GTCACCCATCCGGGAAACTG,Plk5
sgRNA_00859,GAGCGCGGCTGAACTAAGCC,Plk5
sgRNA_00860,GAACAAGTCCCAAGAGGTGC,Plk5
sgRNA_00861,GTCCCAAGAGGTGCAGGTCT,Plk5
sgRNA_00862,GCGAACCCAGGGTTAAGGGG,Pllp
sgRNA_00863,GCACCTGTGAGTTCTGTCTA,Pllp
sgRNA_00864,GTGCCTGGCTGTCTGTAGAT,Pllp
sgRNA_00865,GAACCCTGGGTTCGCCTGTT,Pllp
sgRNA_00866,GAAGGGGCGGGGCCTCAAGA,Pllp
sgRNA_00867,GTGGAGGGCGGGGCACTCAC,Plvap
sgRNA_00868,GGGCAGCTGTGATAGGTGGA,Plvap
sgRNA_00869,GACTCACTGGGTGACTGAAC,Plvap
sgRNA_00870,GCTGTTAGATAACACGTCCC,Plvap
sgRNA_00871,GTGGAGTGGGAGAGTGGCGG,Plvap
sgRNA_00872,GGGGCGAAGGTGCAATGTAT,Pmp22
sgRNA_00873,GCCCGAGTACCACAGATCTA,Pmp22
sgRNA_00874,GAGGGTCAGCGTGTGCGGGA,Pmp22
sgRNA_00875,GTGCAGAAGGGTGTGTCCCA,Pmp22
sgRNA_00876,GCAGAGATCTGGTTTTTCCG,Pmp22
sgRNA_00877,GAACTCGCGAGGCTCTAAGT,Popdc3
sgRNA_00878,GACTCATGGTAACCAGTCTT,Popdc3
sgRNA_00879,Gcgaaggtggcacatggggt,Popdc3
sgRNA_00880,GCAGCCAGCGGGTGCCAGCA,Popdc3
sgRNA_00881,GACAAGAAAAATCACCAGAG,Popdc3
sgRNA_00882,GTGAACCCCCGCAGGACCCC,Ppp1r14a
sgRNA_00883,GCAAGCCCGGGGTCCTGCGG,Ppp1r14a
sgRNA_00884,GGTCCTGCGGGGGTTCAGAT,Ppp1r14a
sgRNA_00885,GGGTCCCAGGACACGCTCTA,Ppp1r14a
sgRNA_00886,GCCCGGAGATGCCTGCCCTG,Ppp1r14a
sgRNA_00887,GAGACCCTAGAGGACGCAAC,Prom1
sgRNA_00888,GCGGGGCGGAGCAGTGGGAC,Prom1
sgRNA_00889,GCCACTGCTCCGCCCCGGGT,Prom1
sgRNA_00890,GAGTCCCGTGGTCCTGACTC,Prom1
sgRNA_00891,GCCTCTGCCAGAGACCCTAG,Prom1
sgRNA_00892,GTGAGAGATCAGATTGGAAT,Psca
sgRNA_00893,GTCTGTGGGTGCCTAAGAAA,Psca
sgRNA_00894,GGGAAGGCAGGAGCCGTTAT,Psca
sgRNA_00895,GACGGCTCCTGCCTTCCTCG,Psca
sgRNA_00896,GACCCACAGTCAACAGTGAC,Psca
sgRNA_00897,GGAAAAGCAGGCTACTCTGG,Ptn
sgRNA_00898,GCGAGCTATGGACCCATGGG,Ptn
sgRNA_00899,GGCAGGGTGTAGTTGAGTGA,Ptn
sgRNA_00900,GGCTATGGACCCATGGGAGG,Ptn
sgRNA_00901,GGAAGCAGGCTGTGCGAGGG,Ptn
sgRNA_00902,GCTGGAAAGGGCTGAAATTC,Rab17
sgRNA_00903,GCGGGGCCAGAGCCTGGGAT,Rab17
sgRNA_00904,GCTGGCATGCGGCCTCAAAC,Rab17
sgRNA_00905,GGGCCCCGGCCCTGCCCATC,Rab17
sgRNA_00906,GTTGAGGCCGCATGCCAGAT,Rab17
sgRNA_00907,GTAACGGTCAGGAGCGCTAA,Rad51ap2
sgRNA_00908,GTAAGGGCTTGGACACTCAC,Rad51ap2
sgRNA_00909,GAAACCTCGGTGTAACGGTC,Rad51ap2
sgRNA_00910,GCGTGGTGGAGGTGTGACAA,Rad51ap2
sgRNA_00911,GTGGTGGAGGTGGGACTACG,Rad51ap2
sgRNA_00912,GCCTCCCTGCACCCCTGTGA,Rag2
sgRNA_00913,GTGCACCCCTGTGATGGTTG,Rag2
sgRNA_00914,GTTGAGAGGAACACCCTGGT,Rag2
sgRNA_00915,GTGTCTCCCTCAACCATCAC,Rag2
sgRNA_00916,GCCAGCACACCAGTGCTCAC,Rag2
sgRNA_00917,GTTCTCTGGGAGATTTGCAT,Ralyl
sgRNA_00918,GACAGAGTAGTTACATGCAG,Ralyl
sgRNA_00919,GAACATAACTAACATTGGTT,Ralyl
sgRNA_00920,GAATCACACAGTGAAAGCCA,Ralyl
sgRNA_00921,GAGAAAATTCTATTTTTCTC,Ralyl
sgRNA_00922,GGTCGCGTTGGGATATAGAC,Ramp3
sgRNA_00923,GAGGCAACGGAGGGAGTCAG,Ramp3
sgRNA_00924,GAGACTGCAGGTTTGGTCTG,Ramp3
sgRNA_00925,GCTCTGGAGGGGCAGGTGGT,Ramp3
sgRNA_00926,GAAGGGGAAGTGCAGTCGGG,Ramp3
sgRNA_00927,GTCCCCTCTCACCGCGTCAT,Rarres1
sgRNA_00928,GTCCCCATGACGCGGTGAGA,Rarres1
sgRNA_00929,GAGAGGGGACATGGGACAGT,Rarres1
sgRNA_00930,GAGGAAGGGCGGCGACCCGG,Rarres1
sgRNA_00931,GGACGCGGTGAGAGGGGACA,Rarres1
sgRNA_00932,GCGTGGGGAGGAGACGAGAA,Rbm20
sgRNA_00933,GGGGAGGAGACGAGAAGGGT,Rbm20
sgRNA_00934,GTGTCCTTCTCGGTGGCGTG,Rbm20
sgRNA_00935,GCAAGCTGGAGAGGCTGCGG,Rbm20
sgRNA_00936,GCCTGGCTGGTCACCCCGAA,Rbm20
sgRNA_00937,GGCGCTGCCCAGCCCATGTT,Rcsd1
sgRNA_00938,GAATGGAGTCGTGGCGGCTC,Rcsd1
sgRNA_00939,GGGGCAGATTAATGGAGTCG,Rcsd1
sgRNA_00940,Gccgagggacgcaggaggag,Rcsd1
sgRNA_00941,GCAGATTAATGGAGTCGTGG,Rcsd1
sgRNA_00942,GGGGAGGCGCGCGTGTGCTC,Reln
sgRNA_00943,GCGCTCCGCCCGGAAGGGCA,Reln
sgRNA_00944,Ggggacacgtgtggcggcgg,Reln
sgRNA_00945,GGAGGTGCGGGCAAGCCCGA,Reln
sgRNA_00946,GggCGCCCGGGGCTTTAAGA,Reln
sgRNA_00947,GCAGGGAGTATGCTCCCAGA,Rem2
sgRNA_00948,GGGGCTGGAAACAACAGACA,Rem2
sgRNA_00949,GGAGGGGTGGGGAATATGAT,Rem2
sgRNA_00950,GGTGCTGCTGAGTGAGGAAC,Rem2
sgRNA_00951,GGGGAGCATACTCCCTGCAT,Rem2
sgRNA_00952,Gggcggggacggctgagggt,Rims2
sgRNA_00953,Gggagggcggtggagtaagg,Rims2
sgRNA_00954,Gtggagtaaggtggcgggga,Rims2
sgRNA_00955,GCCGACCCCTGGGGAGTCCC,Rims2
sgRNA_00956,GCCCGCGAGCCCGACCCCTG,Rims2
sgRNA_00957,GGAAGAGAGCAGGGTCGGGA,Ripply3
sgRNA_00958,GAGGGCAAGGGACCTCGGGA,Ripply3
sgRNA_00959,GCCGCCACCCGTCATCTCGG,Ripply3
sgRNA_00960,GGGACCTCGGGAAGGGACGG,Ripply3
sgRNA_00961,GGAGGGGTGTGTGTCCAGAG,Ripply3
sgRNA_00962,GTCCGCCCGCGCTTACATCA,Rnf32
sgRNA_00963,GGACGCTGACGATACGCGAG,Rnf32
sgRNA_00964,GGGAGCCATGATGTAAGCGC,Rnf32
sgRNA_00965,GGCTGACGATACGCGAGGGG,Rnf32
sgRNA_00966,GGGGATGTCTGGCCAGACTG,Rnf32
sgRNA_00967,GACGGAGACCGGTTCTGCCG,Rpl10a
sgRNA_00968,GCCGGGGACTGGAAGTCATG,Rpl10a
sgRNA_00969,GTGAAGCCGGGCCCTGGGAT,Rpl10a
sgRNA_00970,GGCTCCTAGAGCGGTTCTCA,Rpl10a
sgRNA_00971,GTCAGCCCTTGTCCCAATGC,Rpl10a
sgRNA_00972,GACAGAACACTAGTCCACTA,Rpl32
sgRNA_00973,GTATGATGGGACGGAGTCTT,Rpl32
sgRNA_00974,GCTACCTCCCAGCCTCAAGG,Rpl32
sgRNA_00975,GATACTGAAAAAAACCCTAG,Rpl32
sgRNA_00976,GAGGGTGCCTCCTTGAGGCT,Rpl32
sgRNA_00977,GTCCCAAGCCGAGGTCTCAC,Rpl36
sgRNA_00978,GCATCCCTTAGGTTAGGAGT,Rpl36
sgRNA_00979,GTACGGCACCCGTGAGACCT,Rpl36
sgRNA_00980,GTAGAGAGACAGGCGCGCTG,Rpl36
sgRNA_00981,GGCGCGCTGCGGGCGACCTC,Rpl36
sgRNA_00982,GGGGCCGTGGGAACCCAAAC,Rpl39
sgRNA_00983,GGGAACAGGCATGGACGCGG,Rpl39
sgRNA_00984,GTAGAGGCGGAGCTTAGGGG,Rpl39
sgRNA_00985,GACCATGGCCACCAAGGCTG,Rpl39
sgRNA_00986,GTCTCAAAGGCCACCTACCA,Rpl39
sgRNA_00987,GCCAAGAGAAGGGACTCGGG,Rps19
sgRNA_00988,GGGCGGGTCTGTAAGAGGAA,Rps19
sgRNA_00989,GGGACTCGGGAGGAGGATAA,Rps19
sgRNA_00990,GAAGCCAAGAGAAGGGACTC,Rps19
sgRNA_00991,GGGTGGAGAAGCCAAGAGAA,Rps19
sgRNA_00992,GTACGCGAGGCGGGTACAGA,S100a10
sgRNA_00993,GagagagCGCTGGTGGGGCG,S100a10
sgRNA_00994,GTCTGTTGGCAGAGTGGGAA,S100a10
sgRNA_00995,GAGGCGGGTACAGAGGGCGG,S100a10
sgRNA_00996,GGGGCCGTGCCCTTCCTCTC,S100a10
sgRNA_00997,GCATCCGTGAGGTCCGCCCA,S100a6
sgRNA_00998,GCTGGACAGTCCAGGCAACA,S100a6
sgRNA_00999,GAGTCCAGGCAACAGGGGCG,S100a6
sgRNA_01000,GTGGCAAGGTCCCCAAGTGA,S100a6
sgRNA_01001,Gaagggccgcagcattagtc,S100a6
sgRNA_01002,GTGGAGGGAAAATATTCTAA,S100g
sgRNA_01003,GGCAGTGGAATTGCAGATTT,S100g
sgRNA_01004,GCCACTGCATTTCGAAATGT,S100g
sgRNA_01005,GTACTTCAACAATTGCTTAA,S100g
sgRNA_01006,GGTCAAAATTCTATACTGGA,S100g
sgRNA_01007,GcggAGCCGCACCTGAGCGA,Sall3
sgRNA_01008,GCCCCAGGACCACAAGCGGT,Sall3
sgRNA_01009,GCGGCTCGCCCAGCCCGCTC,Sall3
sgRNA_01010,GCGGCCCGGCCGACCGCTTG,Sall3
sgRNA_01011,GGTGCGGCGCCCGAGCAGCC,Sall3
sgRNA_01012,GCCCGGAAGAGGGCAGTGTC,Sat1
sgRNA_01013,GAAACCCGGAGGGCGGGGTA,Sat1
sgRNA_01014,GCGGAGGGCGGGGTAGGGCG,Sat1
sgRNA_01015,GGGCGCCGCTAGAGGACATG,Sat1
sgRNA_01016,GGACACCCATGGCGCAAACC,Sat1
sgRNA_01017,GAGGAGAAGCGCGTCCCACC,Sbspon
sgRNA_01018,GGGGTCGCCCGGGTGCACAG,Sbspon
sgRNA_01019,GTGGGACGCGCTTCTCCTCC,Sbspon
sgRNA_01020,GAGAGCACCTGGGGTGGTCG,Sbspon
sgRNA_01021,GTGGCTGTGCGCCCGCTCGG,Sbspon
sgRNA_01022,GGCACCCAGCCCCACGCATC,Scara3
sgRNA_01023,GTGGGGCTGGGTGCGCGAGA,Scara3
sgRNA_01024,GGTAACCACGCTTTCCCCCG,Scara3
sgRNA_01025,GGCCCAAGCGGTGACGACGA,Scara3
sgRNA_01026,GGGGAGGAGCAAGAATTCTT,Scara3
sgRNA_01027,Ggcgcccggcagggtaggtg,Scn8a
sgRNA_01028,Gcgggcgcgcccggcagggt,Scn8a
sgRNA_01029,Gcccggcagggtaggtgcgg,Scn8a
sgRNA_01030,GctccggcgcgcATCCAGTC,Scn8a
sgRNA_01031,Gcgggcccggggacgctccc,Scn8a
sgRNA_01032,GTCAGCGGAGCGGAGATAAA,Sema3a
sgRNA_01033,GGAGGCGGGAATAATCTCTG,Sema3a
sgRNA_01034,GCCGCTCCGCTGATAGCCGG,Sema3a
sgRNA_01035,GGTCAGCCACCGGCTATCAG,Sema3a
sgRNA_01036,GGGGTGGCTGAACCCAAGGG,Sema3a
sgRNA_01037,GGGCGTCCTAAAGTCCCCTG,Serpine2
sgRNA_01038,GAGATGCCGCCCTCTCGCGG,Serpine2
sgRNA_01039,GCTGCGGTGCAGAGACGTTG,Serpine2
sgRNA_01040,GGGGCGGCATCTGGCGACCG,Serpine2
sgRNA_01041,GGAGCTGCACGTGGATCGTC,Serpine2
sgRNA_01042,GTCTCCAGCAGGCAGGTAAG,Sgpp2
sgRNA_01043,GCCGCCCGGTTGGCTAGGAA,Sgpp2
sgRNA_01044,GGCTCCCAGCGCAGGACGGG,Sgpp2
sgRNA_01045,GCCTACACGCGGGCAAGCCC,Sgpp2
sgRNA_01046,GGACGGTGACGTGTGCAAGG,Sgpp2
sgRNA_01047,GGGGAGCCAAGTAGCTGCAG,Sh3bgrl3
sgRNA_01048,GCAAGTAGCTGCAGAGGACA,Sh3bgrl3
sgRNA_01049,GTGCGCAGGCGGGTAAGGCG,Sh3bgrl3
sgRNA_01050,GATGACCCCGCCCTGCTCCG,Sh3bgrl3
sgRNA_01051,GTTAGCCGGTCCCCAGCATG,Sh3bgrl3
sgRNA_01052,GAGTGGCCAGGCAGCGGTGC,Shisa2
sgRNA_01053,GTTAACTGGCTTCCAAGGCG,Shisa2
sgRNA_01054,GAAGGGCTACGAGTGTCCCC,Shisa2
sgRNA_01055,GGGCGGAGGGAAAGCCCTCT,Shisa2
sgRNA_01056,GTTGGAAGCCAGTTAAAACA,Shisa2
sgRNA_01057,GCGTAAAGAGGTGACTCGGG,Shisa9
sgRNA_01058,GGCGGGCGGGGGCGAATAGG,Shisa9
sgRNA_01059,GCGGGCGGGCGGGGGCGAAT,Shisa9
sgRNA_01060,GAGGTGACTCGGGCGGGCGG,Shisa9
sgRNA_01061,GCCCTAGGGGGGGAAATCGA,Shisa9
sgRNA_01062,GGGAAATGTCCCGAAATCTA,Slc16a14
sgRNA_01063,GTCTAAGGTGTGTGTAGGGT,Slc16a14
sgRNA_01064,GTTGGCTGAGACTCATATGA,Slc16a14
sgRNA_01065,GGAAATCTAAGGTGTGTGTA,Slc16a14
sgRNA_01066,GTGAAATTGCACGGATTGGA,Slc16a14
sgRNA_01067,GGAGGTGATCCCAGGTTCTA,Slc22a18
sgRNA_01068,GCTGCCAAGGGGACCAACCC,Slc22a18
sgRNA_01069,GACAGGGAACCCTAGAACCT,Slc22a18
sgRNA_01070,GAGGGCATAGGGGTGAGCTC,Slc22a18
sgRNA_01071,GTGGGAGGCAGCTTCCCAGT,Slc22a18
sgRNA_01072,GAGGACGCGCCTGGGAGCTA,Slc35f3
sgRNA_01073,GGAAGGGCTCATGGAGAAGG,Slc35f3
sgRNA_01074,GGGAGCTAGGGCGCGACCGT,Slc35f3
sgRNA_01075,GATTCGCTGGCCTCATGGAA,Slc35f3
sgRNA_01076,GGCGCACAGCCTCCTACTCC,Slc35f3
sgRNA_01077,GGAGGGTCCCAAGCTCTTAC,Slc43a3
sgRNA_01078,GGGTCCCAAGCTCTTACTGG,Slc43a3
sgRNA_01079,GTCTCCTCCAGTAAGAGCTT,Slc43a3
sgRNA_01080,GTAGGAGGGGCCATGAGAGC,Slc43a3
sgRNA_01081,GGGCGGCCAACCTGAGGCAG,Slc43a3
sgRNA_01082,GGGAACGCTAGAGCTCGCGG,Slitrk1
sgRNA_01083,GTGCTACTGCAGATCAGCAG,Slitrk1
sgRNA_01084,Gggagcgagttgtctgaggg,Slitrk1
sgRNA_01085,GGCAAAAATCCATCTGGTGA,Slitrk1
sgRNA_01086,Gaggaagagagcgcgagaaa,Slitrk1
sgRNA_01087,GCTCCGGTGGAACGTTAGGG,Sox15
sgRNA_01088,GAGCCACTGGGAGGGGTCTG,Sox15
sgRNA_01089,GTGCCCTAGGGGGAGGTGTA,Sox15
sgRNA_01090,GTCCCAAGAAGGGGAACCAA,Sox15
sgRNA_01091,GCACCCCCCTAACGTTCCAC,Sox15
sgRNA_01092,GGTAGAGTAGCAGATGAACA,Sox6
sgRNA_01093,GGACCCAAGCTCCAGGTGAA,Sox6
sgRNA_01094,GTCAAAGTGTGACCTTCCAT,Sox6
sgRNA_01095,GTGAACTACTCCCTCCTCTG,Sox6
sgRNA_01096,GTCATCTGCTACTCTACTAT,Sox6
sgRNA_01097,GGGCGCCGGCGGGAGTGTGG,Sp8
sgRNA_01098,GgcgcgcgccgTGAGGTCAT,Sp8
sgRNA_01099,GAGAAAGCGGAGGGGTAACT,Sp8
sgRNA_01100,GGAGGGAGCTACAATTGTGG,Sp8
sgRNA_01101,GAAAAACCGTGACCTAGCAA,Sp8
sgRNA_01102,GTCAGAGTCACAAGCCCCAA,Sparcl1
sgRNA_01103,GGTATGATTGGGATCCCTTG,Sparcl1
sgRNA_01104,GTCTGAGAGATCGTATGATT,Sparcl1
sgRNA_01105,GTAGGGCGACTGCAAAGCCA,Sparcl1
sgRNA_01106,GTACAGCCCGGTGCCATCAT,Sparcl1
sgRNA_01107,GCTCCCCCAGAGAACGGAGA,Spink8
sgRNA_01108,GCCAGAGAACGGAGAGGGTA,Spink8
sgRNA_01109,GTGTGACTCGTGTCTGTTGC,Spink8
sgRNA_01110,Gtggatgggattgccatcat,Spink8
sgRNA_01111,GCAGTGTTAAAGACGTCAGA,Spink8
sgRNA_01112,GCCCGGGCGCGCAGTCTGAT,Sptb
sgRNA_01113,GGCGTCCCAGGTCCCAGCGG,Sptb
sgRNA_01114,GCGGCTAGGCAGGTGCCCCC,Sptb
sgRNA_01115,GCCCCCGCCGCGGGACTATC,Sptb
sgRNA_01116,GAGCCCCTTGCCACGGGAAG,Sptb
sgRNA_01117,GCTGCCCGGTGGCTGCCGGT,St3gal6
sgRNA_01118,GGGGCGGTAGCCGTGCTCTC,St3gal6
sgRNA_01119,GAGCACGGCTACCGCCCCGG,St3gal6
sgRNA_01120,GGGCTCAGAGACCCCCGGGG,St3gal6
sgRNA_01121,GGACTCCCAGCGAGAGCAAG,St3gal6
sgRNA_01122,GGGCGAGGTCTCGACGTCGA,St6galnac4
sgRNA_01123,GAGGTCTCGACGTCGAGGGC,St6galnac4
sgRNA_01124,GGGCGGGGCCTGCGCAGCGC,St6galnac4
sgRNA_01125,GCCGCTAGCCGGCGCTGCGC,St6galnac4
sgRNA_01126,GCCAGTAGCCATCACACGGG,St6galnac4
sgRNA_01127,GCCACCCGCTCGCCATCGTG,Syne4
sgRNA_01128,GGGGACGGGCCCTGAGACAC,Syne4
sgRNA_01129,GGCGAGCGGGTGGTATTGGA,Syne4
sgRNA_01130,GGGATCCAAGGTCTTGAGAT,Syne4
sgRNA_01131,GGATGGCGAGCGGGTGGTAT,Syne4
sgRNA_01132,GAGGTCCCTCAAGGTAGCAG,Sytl2
sgRNA_01133,GAGGATGAACAGGTCTCAGG,Sytl2
sgRNA_01134,GGTGACAGCAAGGTCCCTCA,Sytl2
sgRNA_01135,GGAGATACTGTGTCTAAGAC,Sytl2
sgRNA_01136,GAGGAGGCTGTTGCTCAAGA,Sytl2
sgRNA_01137,GAGGGCGGGCGGCCGTAGAG,Tenm2
sgRNA_01138,GCTAGAGCGCGCACAGGCCC,Tenm2
sgRNA_01139,GTCCCGCGCTGTCCCTCCGT,Tenm2
sgRNA_01140,GGAAACGCCCGGCTGGAAGA,Tenm2
sgRNA_01141,GAGCGCGCACAGGCCCGGGC,Tenm2
sgRNA_01142,GAGCCCAAGCAGGCACCCAC,Tenm4
sgRNA_01143,GTCCACGCTCCCCAGTGCCA,Tenm4
sgRNA_01144,GGGAGCAGAGTGCTGAGACT,Tenm4
sgRNA_01145,GTGACAACCAGCATCGGGTG,Tenm4
sgRNA_01146,GAACCAGCATCGGGTGGGGA,Tenm4
sgRNA_01147,GAAGGGTGCTTACTATGCTA,Tex15
sgRNA_01148,GCAGTCTTCATTACTTCCAA,Tex15
sgRNA_01149,GAAAACTTATCCCAAGCGTG,Tex15
sgRNA_01150,GGCAGTCAAGTTGCTAGACT,Tex15
sgRNA_01151,Ggaagtagaatggttagcct,Tex15
sgRNA_01152,GGGCTGAGAGTGCACTGATA,Tff1
sgRNA_01153,GTGGATGAAGGTCATGTCAA,Tff1
sgRNA_01154,GCATGTCAAGGGAGGTACTC,Tff1
sgRNA_01155,GCCCTCTCGTAAGATACACT,Tff1
sgRNA_01156,GGAGAGTGCACTGATAGGGA,Tff1
sgRNA_01157,GCCAGGCTGAGGTATCGTGA,Tinag
sgRNA_01158,GAGAAAACAACCCCTGGTAT,Tinag
sgRNA_01159,GAGAATGAGTCTCAAGGTCC,Tinag
sgRNA_01160,GTCCCAGCAGGTGACATTGG,Tinag
sgRNA_01161,GTCAGGACATTCCTATACCA,Tinag
sgRNA_01162,GGACTGAAGGGCCCCAGGAT,Tmed1
sgRNA_01163,GCCGCGGAATGCTGACTGAA,Tmed1
sgRNA_01164,GGTGCCCCCACCAAATGCAG,Tmed1
sgRNA_01165,GAGAGAGCGGGCGGTGCCAA,Tmed1
sgRNA_01166,GTCAACCACTGCATTTGGTG,Tmed1
sgRNA_01167,GTAACCCGAGTGGGTCTAGG,Tmeff2
sgRNA_01168,GGGGAGAAGCTCAGGCTTCA,Tmeff2
sgRNA_01169,GCAAGTGGGAGAAAGAACGT,Tmeff2
sgRNA_01170,GAGCCCGCCCGGGGTCACGT,Tmeff2
sgRNA_01171,GTCGGTGAGGAGGTGCAAGG,Tmeff2
sgRNA_01172,GGTGGGCGAGGTAAGAGCTG,Tmem176a
sgRNA_01173,GGGGACTGAGGGCCCCTTTA,Tmem176a
sgRNA_01174,GGGGTGGGAGCCAGAAGGGG,Tmem176a
sgRNA_01175,GCCTGCTGGAAAACCCCTAA,Tmem176a
sgRNA_01176,GCAGCAGGCAGCTCCTCACT,Tmem176a
sgRNA_01177,GGGAAAGGGCCCCACTTGAG,Tmem176b
sgRNA_01178,GCCTGCTGGAGCAGGGATAC,Tmem176b
sgRNA_01179,GCCATCAGGAGTAGATGATC,Tmem176b
sgRNA_01180,GGTGGGCGAGGTAAGAGCTG,Tmem176b
sgRNA_01181,GCACTTGAGGGGGGTCCATC,Tmem176b
sgRNA_01182,GCCCCCAGCCACAGTTACAG,Tmem213
sgRNA_01183,GCAATGGGAACTCTTGTCTC,Tmem213
sgRNA_01184,GAACAGCAAGTGCAGGTCTA,Tmem213
sgRNA_01185,GGCCTCTGTAACTGTGGCTG,Tmem213
sgRNA_01186,GGAGTTCCCATTGAGGAAGA,Tmem213
sgRNA_01187,GTTACTGTAACATCCTCCAG,Tmem252
sgRNA_01188,GCATAACATTGTGTCCTCgg,Tmem252
sgRNA_01189,GGTCTCTCAGCCCTCGCTGT,Tmem252
sgRNA_01190,GCTCCCAGGTATTGGAAGAG,Tmem252
sgRNA_01191,GAAACATAACATTGTGTCCT,Tmem252
sgRNA_01192,GGACAGTGGTACTTACAGGC,Tmprss11f
sgRNA_01193,GGATTACGAGTCAATCAAAA,Tmprss11f
sgRNA_01194,GTGGCTGAGTCAGAGGTAAA,Tmprss11f
sgRNA_01195,GTGTAGCCTGAACTTATGAT,Tmprss11f
sgRNA_01196,GTAATCCATGGCTGAGTCAG,Tmprss11f
sgRNA_01197,GCTGGTGAATGGGGATGTGG,Tmsb4x
sgRNA_01198,GTCTCCGGAAGGGCGTTCGG,Tmsb4x
sgRNA_01199,GGGCCTGAGTGGCACCTAAG,Tmsb4x
sgRNA_01200,GGCGCTGGTGAATGGGGATG,Tmsb4x
sgRNA_01201,GTCAAAGGCGCTGGTGAATG,Tmsb4x
sgRNA_01202,GCCTCCCTGAACCTTAGTCA,Tsc22d3
sgRNA_01203,GAGGCTGGCAAAACCCAAAC,Tsc22d3
sgRNA_01204,GGTAGGGGACGCAGGAAGGG,Tsc22d3
sgRNA_01205,GAGTCCCTGACTAAGGTTCA,Tsc22d3
sgRNA_01206,GTGAAGAGAAGTGACTCCAA,Tsc22d3
sgRNA_01207,GAGGTGGGCAGGGTCTGAGA,Tspear
sgRNA_01208,GGTGGTCCTAACTGGAGAGT,Tspear
sgRNA_01209,GCCCAGAAGTGCTACTGGAT,Tspear
sgRNA_01210,GAAGGACAGGCAAGGCCAAT,Tspear
sgRNA_01211,GCCAATGGGGTGAGACAAAT,Tspear
sgRNA_01212,GGGCTCGCCAGCACCGGCAC,Twist1
sgRNA_01213,GGGGCCAGGTCGGTTTTGAA,Twist1
sgRNA_01214,GAGGGCCCGGAGAACTCCGA,Twist1
sgRNA_01215,Gaggggagaggcgggcgcag,Twist1
sgRNA_01216,GGTGTCTGAGAGTTGGGCGC,Twist1
sgRNA_01217,GCCGCCGGGGCGCGTGGACA,Txnip
sgRNA_01218,GGGGAAAATGGTTGTTGTTC,Txnip
sgRNA_01219,GCCCCGGCGGCCTCGCTGAT,Txnip
sgRNA_01220,GGGACACGGTGTGCTCCTAG,Txnip
sgRNA_01221,GGACCCTGAACCTCATCCAG,Txnip
sgRNA_01222,GGTTACAGAGGCCACGCCAG,Ucn2
sgRNA_01223,GGAAGAGAACTgccaggtag,Ucn2
sgRNA_01224,GGAAGGAGCTAAGGACAGAC,Ucn2
sgRNA_01225,GTGTGTCTCTGCCCCTGGCG,Ucn2
sgRNA_01226,Gtccaagtttgaaaccagat,Ucn2
sgRNA_01227,GACCCTGCGCAAGTAGAGGA,Upk1b
sgRNA_01228,GGGGAGGAGGCATCTCACAT,Upk1b
sgRNA_01229,GGGGAAGGGTGGTCTGTGAG,Upk1b
sgRNA_01230,GAGCGTCAGAGGATACAGTG,Upk1b
sgRNA_01231,GGACGCTCCGGTCCGGGGAA,Upk1b
sgRNA_01232,GCGAAGGCGAGACAGCACTG,Uqcr10
sgRNA_01233,GCAAACGCAGGAAATGGTTG,Uqcr10
sgRNA_01234,GGGGAAGATGGGTAAGCTAA,Uqcr10
sgRNA_01235,GTCAACGCGCCCTGCTTTAT,Uqcr10
sgRNA_01236,GCCTTCCTAAGGTACCGAGA,Uqcr10
sgRNA_01237,GTGACCTCCAGGCAGTGGGT,Vnn1
sgRNA_01238,GTGAGCCCCCACCCACTGCC,Vnn1
sgRNA_01239,GAGTGGGTGGGGGCTCACTT,Vnn1
sgRNA_01240,GGGGTGGGGGCTCACTTAGG,Vnn1
sgRNA_01241,GTCACACGTGAGGTTATGAC,Vnn1
sgRNA_01242,GAAGCCCAGCAACTTTCCTA,Vsig2
sgRNA_01243,GAAGTTGCTGGGCTTGTGGT,Vsig2
sgRNA_01244,GAAGGGCTTCTGATACCGAT,Vsig2
sgRNA_01245,GTGGGAAGAGAATCTCTATA,Vsig2
sgRNA_01246,GCAGAGATTGCAGGGGGGTT,Vsig2
sgRNA_01247,GGAACCCTAAGGAGTAGGGG,Vwa1
sgRNA_01248,GCGCAAGTCCGGGACCGCTA,Vwa1
sgRNA_01249,GCACAAAGGCATATAGGTGT,Vwa1
sgRNA_01250,GGGGCCTGACTCACGGTAGG,Vwa1
sgRNA_01251,GCCGCCTGCAAAAGAGAGAT,Vwa1
sgRNA_01252,GAGGCCCCGGAGGCTCGTGT,Wbscr17
sgRNA_01253,GCGGGGCCTGCCGGACACAC,Wbscr17
sgRNA_01254,GGGACACACTGGCTTGTCTC,Wbscr17
sgRNA_01255,GTAGGGACTTGGAACGTGTC,Wbscr17
sgRNA_01256,GGCTGCGGAGCGCACAGCTA,Wbscr17
sgRNA_01257,GGGAGGGGTGGACAAGTGTC,Wfdc2
sgRNA_01258,GGCCGAGTGAGGGGTACAGG,Wfdc2
sgRNA_01259,GAGGCGGGTAGGAAGCACAG,Wfdc2
sgRNA_01260,GCTTGGCTCTGGTGGGAACC,Wfdc2
sgRNA_01261,GACCGAGACAGCTTCCAAGC,Wfdc2
sgRNA_01262,GGGAAACTTCAGTGTCTCAT,Wnt16
sgRNA_01263,GTCTAGTTAGACAGTCACGG,Wnt16
sgRNA_01264,GACCGCGCCTGGAGTCTGAT,Wnt16
sgRNA_01265,GAGACTCCAGGCGCGGTCAG,Wnt16
sgRNA_01266,GTAACAGTGGGCTCTGCGGG,Wnt16
sgRNA_01267,GCCCGCCCGGCCCACAACTC,Wnt3
sgRNA_01268,GCGGCCCACAACTCCGGCTC,Wnt3
sgRNA_01269,GACAACTCCGGCTCTGGGAA,Wnt3
sgRNA_01270,GAGCAGCCAATCAGCGCCCG,Wnt3
sgRNA_01271,GACACCCTGGAAGCGACCTG,Wnt3
sgRNA_01272,GggggcgggcggggcCCTGG,Wnt3a
sgRNA_01273,GGCGAGGCTCCAAACCCCCA,Wnt3a
sgRNA_01274,Ggggcggggcagcgccgcgg,Wnt3a
sgRNA_01275,GCGTGGGTGCGCGGGGTGAA,Wnt3a
sgRNA_01276,GGTGTGTCGGTGTTCGTAGA,Wnt3a
sgRNA_01277,GgggagagGTGTAATTAGTG,Zfhx4
sgRNA_01278,GGACGAGGCGACTAAGGAGA,Zfhx4
sgRNA_01279,GAGGAGCCCTGGAAGTCGCG,Zfhx4
sgRNA_01280,GGCCCTGGACGAGGCGACTA,Zfhx4
sgRNA_01281,GGGGAGCCTCGCGACTTCCA,Zfhx4
