sgRNA_00001,GCCAACGGTAACATCATATA
sgRNA_00002,GTACAACCAGAGCCTCACAT
sgRNA_00003,GTCTGAGCAGAACACAAGGT
sgRNA_00004,GAAACAGCAAACTCAGAAGG
sgRNA_00005,GAAACTCAGAAGGAGGTCCT
sgRNA_00006,GTGTTTCGGGAGCAGAACAG
sgRNA_00007,GAATGCAGTGGAAGAGACCC
sgRNA_00008,GCACTCTAACACAACCATAT
sgRNA_00009,GCAAAACTCTCTAATCTGGG
sgRNA_00010,GCATTTGAGCAGTTGTTCTG
sgRNA_00011,GGTAACCGAGACATTGAATG
sgRNA_00012,GAACCACCCCAGGACCCTCT
sgRNA_00013,GTTACTAGGCCTGCATTCTG
sgRNA_00014,GCTGCACTGTGCGGCGAGGC
sgRNA_00015,GCGGAACGGCGGGCGCTGAT
sgRNA_00016,GGACAAAGACCACTTCAGAG
sgRNA_00017,GCCAATAATTAACAGAGCAG
sgRNA_00018,GGGTCTTTGTCCTTGAACAT
sgRNA_00019,GCACTTGTATCCTATGTTCA
sgRNA_00020,GTAACAGGCATCCCTTAAAC
sgRNA_00021,GCCGCCAAAGCAGGCAGGAG
sgRNA_00022,GCCTGTCTGGAGCTGAGGGG
sgRNA_00023,GCCGCCCAGGCCGCCAAAGC
sgRNA_00024,GCCAGCAACGTCAGCCTTCA
sgRNA_00025,GCCAGGCCGCCAAAGCAGGC
sgRNA_00026,GTGAGGGTGGGTGTTGTAAG
sgRNA_00027,GTGGGAGGGCAGTCCGTGGC
sgRNA_00028,GCGTGGCCGGCTCCCCTCAG
sgRNA_00029,GAACGTGGGAGGGCAGTCCG
sgRNA_00030,GGTGCCTGGGTTTGATAAGG
sgRNA_00031,GTAGGTGGACACAGAGACAA
sgRNA_00032,GTCAGGAGGCCCATGGCGGT
sgRNA_00033,GGAGGCAGACGCACGGGTAG
sgRNA_00034,GAGGTTTAACCGGTTGGGGA
sgRNA_00035,GTAGGCCCAAGGCTCGTCAC
sgRNA_00036,GAGGCGGGTGGAGGGAGCAA
sgRNA_00037,GAGGAGGCTCGTGTGGTGTG
sgRNA_00038,GGCTGCGATGGATGCAGACA
sgRNA_00039,GCTGCCCAGCGTAAGGAGGC
sgRNA_00040,GGAGGAAGGAAAAAGTTGGC
sgRNA_00041,GTCTTTAGGTATGATCTCTG
sgRNA_00042,GTCTGACAACAGAGGAACGT
sgRNA_00043,GCATACCTAAAGATATGGAA
sgRNA_00044,GAGAGCTCAAACAAAGACTT
sgRNA_00045,GTGCAAGAAGCTGTAAGGAA
sgRNA_00046,GCTAGATCTGGAGTCCCGGA
sgRNA_00047,GAGGGTCCCGCGTGCTACTA
sgRNA_00048,GAGGCTGGTGCGCAGCGCTA
sgRNA_00049,GGCGCTGCGCACCAGCCTTC
sgRNA_00050,GGTTCCGCGCTTGCGCACGA
sgRNA_00051,GTCCCGGTACATGATCCCTC
sgRNA_00052,GGCGCCAGGAGCCTATGTCC
sgRNA_00053,GCACCGGAGGGATCATGTAC
sgRNA_00054,GCTGGGCGTTGGTCACCGGA
sgRNA_00055,GAGCCCCGACGACAGTTCTG
sgRNA_00056,GGGCCTGCAGACAGAAGCTA
sgRNA_00057,GCCGAACGCGATGTGGATTT
sgRNA_00058,GCCGCACGCAGCAAGCACCT
sgRNA_00059,GCGTGTGCAGGAGCCAGCGA
sgRNA_00060,GCCGCCCGGGTGCGGAAGAA
sgRNA_00061,GTGGGTGCGCGCGTCCCCGG
sgRNA_00062,GCTCCCGCGCGCGTGCTCGT
sgRNA_00063,GGGGAGGCCGGACTCTGGTC
sgRNA_00064,GCACCCACGAGCACGCGCGC
sgRNA_00065,GCGGGAGGGTTGCCCAGCGG
sgRNA_00066,GCCAATGGCCAGTGCGGGGC
sgRNA_00067,GGTGGCCCGGAGAGAAGAAA
sgRNA_00068,GGCCAGACGCGGCCCCTGGG
sgRNA_00069,GACCAATGGACACACATCAG
sgRNA_00070,GGGCGCCAGACGCGGCCCCT
sgRNA_00071,GTACTCTTACATACTGGCAA
sgRNA_00072,GGTAACTGATGTAATTTCAA
sgRNA_00073,GCCAAATGAAACTGCTCAAA
sgRNA_00074,GGAACCTGGCAAACCAGTTG
sgRNA_00075,GTAGCTGAAATAAACTGAAG
sgRNA_00076,GAGGGAGCGAGCGCGACCCT
sgRNA_00077,GGCCGAGCGGCGAGCTGAGG
sgRNA_00078,GAGGGGGGCTGCTGGCGAGG
sgRNA_00079,GGGGGAGGGAGCAGGCCGAG
sgRNA_00080,GGGAACGGACTGTCCGGGAG
sgRNA_00081,GTGCTAGTGAAATGCACTGA
sgRNA_00082,GAGAGCAGCAGCACTGATTT
sgRNA_00083,GCCCTTGCAGAAACTGATCC
sgRNA_00084,GTGACCAAGAGGCTGATGAT
sgRNA_00085,GTATGCAAAAAAAATCGCTG
sgRNA_00086,GTTCCTGAGGGCAGCAGGAT
sgRNA_00087,GCAACTCAGCACCTGTGGAT
sgRNA_00088,GCACCACCAACCCCATCCAC
sgRNA_00089,GTTCGCCAACTCAGCACCTG
sgRNA_00090,GTCCCCTCCCAAGGCCCAAC
sgRNA_00091,GAGGTGACGCAATCTGTCTG
sgRNA_00092,GGCTCCAGGCAGCCAATAGG
sgRNA_00093,GGTGAGTCGGGAGGGGTCTC
sgRNA_00094,GGACCCCTCCCGACTCACCA
sgRNA_00095,GAGGCAGCCAATAGGTGGAA
sgRNA_00096,GCTGAGGAACCGGGTAGGAG
sgRNA_00097,GCGGTCAGAGCTCTGATTGG
sgRNA_00098,GCATTGCTGAGGAACCGGGT
sgRNA_00099,GAGCAATGACCTCAAAGACA
sgRNA_00100,GGGGACCTGAACCTCGTAGC
sgRNA_00101,GGAAAAGATAGGACTATCGT
sgRNA_00102,GGAGGGGACCCTGATTAACT
sgRNA_00103,GCCAGCCAACGGAGAGGTGG
sgRNA_00104,GGCCAAGGGAGTTTGGGCAC
sgRNA_00105,GTCAGCCACCACCTCTCCGT
sgRNA_00106,GCACTGGGGCCTATACTTTG
sgRNA_00107,GATGACCTGGGGACGCTAAT
sgRNA_00108,GTACTGGTCCCGTGACGCCC
sgRNA_00109,GCAACTCAGGTCACAATCCC
sgRNA_00110,GTGATCAAGTGGGTTGGCAA
sgRNA_00111,GGGGCCTGCGCTACGAGACG
sgRNA_00112,GACGAGACGGGGCTCAGTCG
sgRNA_00113,GCGGGGCCCTAGGCTTGCCC
sgRNA_00114,GGAGCCCCGTCTCGTAGCGC
sgRNA_00115,GGGCGCAAGTCGGCCGGAGG
sgRNA_00116,GGCGAAGCAGCGCGGTCGTA
sgRNA_00117,GTCCGTACGGCGAAGTGATG
sgRNA_00118,GCCTGAGAGCGCGGCGTTGA
sgRNA_00119,GGAGCGGAGCCCAGTGGACC
sgRNA_00120,GCGGGGCGAAGGAACTCGGT
sgRNA_00121,GGCAAAGTGCCCCCCTGGGA
sgRNA_00122,GGGAAGCGTCCCAGTGAATG
sgRNA_00123,GAGGATAGCCCCTCCCAGGG
sgRNA_00124,GAGGGGCTATCCTCATTCAC
sgRNA_00125,GGGAGGGCCACATCAATCGG
sgRNA_00126,GCTGGCTCCAGGGACATGAC
sgRNA_00127,GTGCGTGCAGGCAAAGCATG
sgRNA_00128,GGCAGGCAAAGCATGCGGAG
sgRNA_00129,GGGAGCATTGCTTGCTAATC
sgRNA_00130,GAAAGCATGCGGAGAGGTTG
sgRNA_00131,GGAAGGGCGCAGGGCCGCGA
sgRNA_00132,GGCCCAGCGCGGGCAGAGAA
sgRNA_00133,GCCGCGGCGCCCTAACTCGG
sgRNA_00134,GTAACGGCAGAGTTTTAAGG
sgRNA_00135,GCAACGCCCTGGCGGCGCAG
sgRNA_00136,GGCAACAGTGGGGCTTCTGA
sgRNA_00137,GAGGAGGCAAGGGCAACAGT
sgRNA_00138,GCGGGGAGAGACCTGAGGAA
sgRNA_00139,GGGTGGGGTCGGAATGAGAT
sgRNA_00140,GTGAGGCGGGGAGAGACCTG
sgRNA_00141,GAGGGCGCGCGGTAGGAGGA
sgRNA_00142,GTCCCTGCCAGACCAGGGGT
sgRNA_00143,GCCCCAGCGCGCCCACTCCC
sgRNA_00144,GGGCGAGGGCGCGCGGTAGG
sgRNA_00145,GCTCGCGCCTCCCCCGTCGG
sgRNA_00146,GGAGAAGCCACGCCAGACTA
sgRNA_00147,GGCGTACTGAAAGCTGACGG
sgRNA_00148,GAGGGTGGATCCCAGGTCAG
sgRNA_00149,GGATAGGGATAGGCATCCCT
sgRNA_00150,GCCCTGCCAGGAAAATCCCA
sgRNA_00151,GAAACTGTGGTAGTGTGGAT
sgRNA_00152,GTGGTAGTGTGGATTGGCCC
sgRNA_00153,GGGATCTGACATCTTCAGAC
sgRNA_00154,GTGGTAACCGTGAGCTGGAT
sgRNA_00155,GTGGATGGGGTGGCATACTC
sgRNA_00156,GGAGGAGGGGAGCACGGCGA
sgRNA_00157,GAGGAGGGCGGGTGTGGGAC
sgRNA_00158,GGAGCCGGGGCGACAGACGG
sgRNA_00159,GGCTGCGAGGAGGGCGGGTG
sgRNA_00160,GGAGTCTGGAGCTGCGAGGA
sgRNA_00161,GCACACTTGCTTGTATTCAG
sgRNA_00162,GAGTGAGGACAGTAAAGATC
sgRNA_00163,GGAGGACAGTAAAGATCGGG
sgRNA_00164,GCCTAGAAAGACAAAGAGTC
sgRNA_00165,GGGCTACTGGAAGTTGTCTG
sgRNA_00166,GCCACCCGAGGCACCCTATG
sgRNA_00167,GTCCGGGACCCGCTAGGCGA
sgRNA_00168,GAGGAGCGGCCGGACGGGGA
sgRNA_00169,GTGGCACCGGCGGGGTACAG
sgRNA_00170,GAGGGTGCCTCGGGTGGCAC
sgRNA_00171,GCGTCCAGGCGCTGCCCCCT
sgRNA_00172,GCACCTGCGGCCGGGGCCGT
sgRNA_00173,GGGGCAGCGCCTGGACGCGC
sgRNA_00174,GCCAACGCGGCACCGAAGGC
sgRNA_00175,GGGGTCCCCGCCCACGGCCC
sgRNA_00176,GAACGCGGAGGGATCGGAGG
sgRNA_00177,GGGCGGGGAGAGAATGCGGA
sgRNA_00178,GAGCAGGGACAGAACGCGGA
sgRNA_00179,GGGACGCTAGGACTCCAAGG
sgRNA_00180,GGAGGCGGGGATAAAACCTA
sgRNA_00181,GGGCCCACCAGCAGCTGCTT
sgRNA_00182,GCCAGCTCACCGCCAGTTCA
sgRNA_00183,GCCACCCCATCCTTGTTCTC
sgRNA_00184,GAGCAGCTGCTTGGGATTCC
sgRNA_00185,GAGACTTGTGATCAGGGATT
sgRNA_00186,GAGGCGCCGCGCTCTCTCGG
sgRNA_00187,GCCACCACCGAAACCTGCCC
sgRNA_00188,GCACCCGGGGCAGGTTTCGG
sgRNA_00189,GGGAGGAGGCGGCTCAGGTT
sgRNA_00190,GAGATGGGAGGAGGCGGCTC
sgRNA_00191,GCCCCCTGCTGGAACCCCCG
sgRNA_00192,GCCGCCCCGAGGTGAGGACT
sgRNA_00193,GGGCACAGCATGTGAGAGAC
sgRNA_00194,GGTGCGTGGGTGGGGACGAA
sgRNA_00195,GGTGAGAGACAGGGCGGGAA
sgRNA_00196,GGGCGTGGAGGGGACGGAAA
sgRNA_00197,GCGACCAAGTACATGTACCC
sgRNA_00198,GAGAGTCTGGGCTCCAGCGA
sgRNA_00199,GCTGAAGCGTGGTTGTCATC
sgRNA_00200,GGTACTTGGTCGCTGAAGCG
sgRNA_00201,GGGAATGTATAAAAGGCTTC
sgRNA_00202,GCTATTGCAGCAATTAGCCA
sgRNA_00203,GGCAAAGAGGGAAACGCCAG
sgRNA_00204,GAGAGGCACTCTGCAGCCAG
sgRNA_00205,GTGAGAAAGAGGGCTTACTT
sgRNA_00206,GGGGTCGCCCGGTAGCTCTC
sgRNA_00207,GAGGGAGGAGCGAGAGTCTT
sgRNA_00208,GTCCTCCCCTGGGCATCTTG
sgRNA_00209,GCGTCCCGTTGCCAGGGAGA
sgRNA_00210,GGGGATCCCAGAAATGTTCC
sgRNA_00211,GAGGCTGGGGACCCACAAAG
sgRNA_00212,GGGGAATCAGAGCAGTCTGA
sgRNA_00213,GTGGGGACCCACAAAGCGGG
sgRNA_00214,GGGTAACCCACCCGCTTTGT
sgRNA_00215,GCCGAAGGTGCTCTGATCTC
sgRNA_00216,GGGGCACGAGAGGACACCGA
sgRNA_00217,GACTCTGGAGAGGATTCCGT
sgRNA_00218,GGTGCTCCTTGCACAGGCCC
sgRNA_00219,GCCTGTGCAAGGAGCACGCT
sgRNA_00220,GAGCAGGGCAAGTGCTCCGG
sgRNA_00221,GCTAGACTAACCAACTTCTC
sgRNA_00222,GTAGGAGCCTGTGGAGTCTA
sgRNA_00223,GAAGTTGGTTAGTCTAGGAT
sgRNA_00224,GCAAACTCTCCCGTACTCAC
sgRNA_00225,GCACTTGAGCCCGTGAGTAC
sgRNA_00226,GGCAACGCCTCAGGTGAAAG
sgRNA_00227,GCTGGGCAGTCAGGACTGGC
sgRNA_00228,GGGCTGGGTGGGACACTGAT
sgRNA_00229,GCAGGCACAGTGTCTGTGCT
sgRNA_00230,GGAGCAGCCATGGCAACGGC
sgRNA_00231,GGAAGCGGAGAGATGCTCGT
sgRNA_00232,GCGCGCGCGCCCAGGAGTGG
sgRNA_00233,GCGTAAAGCGGTGAAAGGAT
sgRNA_00234,GCGCTCCTCCGGCTCCAGAT
sgRNA_00235,GGATCGCGCTATTCCCTCGG
sgRNA_00236,GGGCACTCGCACACTTGTTT
sgRNA_00237,GAAGTTCTCTCTTGAAACAC
sgRNA_00238,GCAAGTGTGCGAGTGCCCGC
sgRNA_00239,GGCAGACAAGATAATCTGGT
sgRNA_00240,GAACAGCAGACAAGATAATC
sgRNA_00241,GGTAGATTCAAAGAAAGCAT
sgRNA_00242,GCTGTAGTTGAAGGCAGAGT
sgRNA_00243,GCAAAGGGGCCTGGCATGTG
sgRNA_00244,GCATGGGAAGAGAAACCAAA
sgRNA_00245,GAGGCAGCCAGTTCTAAGGT
sgRNA_00246,GGGGTCTGAAGGTGCCACCC
sgRNA_00247,GCGTGGCGAGGGGCGGTACC
sgRNA_00248,GGAAACGTGACGTCCCAGTC
sgRNA_00249,GCCTCCCTTAGTGACAGCTG
sgRNA_00250,GAGCCCAAGGCGCACAAGTC
sgRNA_00251,GAGGGCACAGGGTGGGCGTG
sgRNA_00252,GGAAGAGTGCGGGTGCGGAG
sgRNA_00253,GGTGGGGCCAAGGCGCAGGT
sgRNA_00254,GCATCAAGGCTTAGGAGCAG
sgRNA_00255,GAGGCTCCGCAGGAGAGCGA
sgRNA_00256,GGGCACTTCCACCACTTGGA
sgRNA_00257,GTCACCCCTAAGGAGTTGGG
sgRNA_00258,GGAAAGAATCACTGGTCATA
sgRNA_00259,GTCCAAGGGGAGGACTCATT
sgRNA_00260,GTTAGGGTGGGGTCTGAAGG
sgRNA_00261,GCGGGGAAAGCCTCCAGCTC
sgRNA_00262,GTGACTCCCTGCAGCGAACT
sgRNA_00263,GCGGCCCGGCCCGGGGTTCG
sgRNA_00264,GTCCCTGCAGCGAACTGGGT
sgRNA_00265,GCAGGCAACGCGCCCGGAAG
sgRNA_00266,GCAGACGTCTAGTCCTGTGC
sgRNA_00267,GAGTCCTGTGCGGGTGTGAA
sgRNA_00268,GAAACCATTCACACCCGCAC
sgRNA_00269,GAAAGGCGTGCCCACTGCCC
sgRNA_00270,GGTCTCTGACGTCATCTAAT
sgRNA_00271,GAGGAGGGAGATGCGATCCC
sgRNA_00272,GGTCCCGGGGGCAGCTTCTG
sgRNA_00273,GCGGTCGCAGCCAGCGTCCC
sgRNA_00274,GGAGATGCGATCCCGGGAGT
sgRNA_00275,GGGGTGAGGGGAAGCTTCGC
sgRNA_00276,GCACGTGGGCAGCGGTGAAG
sgRNA_00277,GGCGGAGATGCAAACGAACG
sgRNA_00278,GCACGGCCACCAATCGGGAC
sgRNA_00279,GCAGCCCGCGCGCCTTTTGG
sgRNA_00280,GGGGCAAGGGCCAGACACGT
sgRNA_00281,GCTCCCCGCTCTGACGTTTT
sgRNA_00282,GGGGAGGGCGCCTGGAGATT
sgRNA_00283,GTCTCCCGCTTGGCGCGCAG
sgRNA_00284,GGGCCAGCCCCCGAATCTCC
sgRNA_00285,GTGTGTCTCACGTGGAAAGA
sgRNA_00286,GAACACTCTTAAGTACTGTT
sgRNA_00287,GCCTATGAGGGGCGGGCAGG
sgRNA_00288,GTACTTAAGAGTGTTCTAGG
sgRNA_00289,GGGACCTGACGTCATCCAGG
sgRNA_00290,GCCCGACTCGCCGTCTGGGG
sgRNA_00291,GGGAGCTGGAGCCAACTCAG
sgRNA_00292,GGAGGAAAGCCACACCCCAA
sgRNA_00293,GCAAAACCAACGCAGGGGTG
sgRNA_00294,GTGAGGGGATGAACGGTCCT
sgRNA_00295,GCAGAGGAGAAAAATCCTAT
sgRNA_00296,GGCTCGAGCACAGTCATGGT
sgRNA_00297,GTCTGGAGCTGGCAGTCAGG
sgRNA_00298,GCCTCCCAGTCACTGCCTGA
sgRNA_00299,GAGGCCAGGACTGAGGGCAT
sgRNA_00300,GCCAGGACTGAGGGCATAGG
sgRNA_00301,GTCCACGCAGCGATTCCCGT
sgRNA_00302,GCAGCTGCGCTCTGAGTACG
sgRNA_00303,GCCTGGGCCGGGCAGCGCCC
sgRNA_00304,GGGGAATCGCTGCGTGGACG
sgRNA_00305,GAAGGGGTACCCAAACCCAA
sgRNA_00306,GGGCGGGAGGAGCTGTAGAC
sgRNA_00307,GGCAGGGGGCCGTACATCCG
sgRNA_00308,GGAAAAGCGACGTCAGTGGG
sgRNA_00309,GCTAACGGACAGCCCGAGAG
sgRNA_00310,GAATAGAAAAGCGACGTCAG
sgRNA_00311,GGGAGAGAACTGAGCTACGG
sgRNA_00312,GACTGAGCTTCAGGAAAATT
sgRNA_00313,GGTGGGAGAGAACTGAGCTA
sgRNA_00314,GTGAGCTACGGTGGCCGAGA
sgRNA_00315,GCGCACCAGTGCACTTCTAT
sgRNA_00316,GGCGGCGGCTACAGAGGACG
sgRNA_00317,GCTACAGAGGACGCGGAGGA
sgRNA_00318,GGCGGCTACAGAGGACGCGG
sgRNA_00319,GGGGACTCGGGCAGTCCCTA
sgRNA_00320,GCGGCGGGGCGGGCAAGCTA
sgRNA_00321,GCCCGCGCGCAGGACGTGAC
sgRNA_00322,GGCAGCTCCCAGCTCCCCGG
sgRNA_00323,GGGGAAAGGCCATCGGGAGC
sgRNA_00324,GAAGCCGCCCTGAAGTTGGT
sgRNA_00325,GTGGAGAGGTGAAGGATCTA
sgRNA_00326,GTGGAGGGAAATGATGTCCC
sgRNA_00327,GAGAACCTCCGGGGATAGAG
sgRNA_00328,GCAGGTGACCAGGACACCCA
sgRNA_00329,GGGACATAGGACATTCCTGG
sgRNA_00330,GAGCTGGTGGGGACTACAAA
sgRNA_00331,GAGCACGAGTTGTTAAGCGA
sgRNA_00332,GCCAAACGAAACCTGGTCGT
sgRNA_00333,GCTCATGAGTCACTTGCCCC
sgRNA_00334,GAAGGGGGGAGGAGCAAATG
sgRNA_00335,GTTCTGGGGGAAGAGAACGC
sgRNA_00336,GAACTCAGGGCAATAAAGGA
sgRNA_00337,GCCTTCCTGGCTTCCTCTTT
sgRNA_00338,GGACTCTAACACATGAACGT
sgRNA_00339,GGTCAAACACCCTCTTGGAT
sgRNA_00340,GTCCCTTAAGACCAAAGTAC
sgRNA_00341,GGTACCCTGGTCCCTAGGGG
sgRNA_00342,GGGGTGGCGGCCCCCGAGGA
sgRNA_00343,GCCCGAGGAGGGCTGGGGTT
sgRNA_00344,GGGGAGGTCTGCACCCCCGG
sgRNA_00345,GGGTACCGCCCCCCCTGGGG
sgRNA_00346,GGGCGGGCGCTGGGAAGGGT
sgRNA_00347,GGCTGCGTGCTGAGGTAAGG
sgRNA_00348,GAGGGAGGGGCTGCGTGCTG
sgRNA_00349,GCGTGATGATGCAAACCGGT
sgRNA_00350,GCCCTGAACAGGCAACCTCT
sgRNA_00351,GAGCCGCCCCCGCCTTTAAA
sgRNA_00352,GTGGGCTCCCAGGTTCGCTG
sgRNA_00353,GTCGCTGCGGAGGTAGTGCA
sgRNA_00354,GCTGTGTGACGTTAACCGGT
sgRNA_00355,GCTACCTCCGCAGCGAACCT
sgRNA_00356,GTAGTGCCCAGGGAGAGGCC
sgRNA_00357,GGTGCCTGGGGTAAACAGTG
sgRNA_00358,GTAAGTGAGCCCAGAGAGGG
sgRNA_00359,GTGAGTCACAGTAGTGCCCA
sgRNA_00360,GTGTTGAGCCCCATCAGATA
sgRNA_00361,GGCAGGGCAACGCACACTTT
sgRNA_00362,GGGGACTGAGGACACTCGCG
sgRNA_00363,GTCCGCCGCGGGCTAGCACG
sgRNA_00364,GAGGCGGAGTGTGGCGGCCC
sgRNA_00365,GGGGCCTTGCCAGGGAGCGC
sgRNA_00366,GGGCGCGGGACCACCTGTGA
sgRNA_00367,GGGGAAGAGGCTCACAGACG
sgRNA_00368,GGGCCGCCTGCCTCCTAGAA
sgRNA_00369,GCCCTGCCTCCAGGCTTCGG
sgRNA_00370,GGGGCGAGATCCCTGCCTCC
sgRNA_00371,GAGCGGCTGCAGGAAAGGTG
sgRNA_00372,GGGCCCTGGCACAGAGGACT
sgRNA_00373,GACGGAGGGTGGCTGTGTCG
sgRNA_00374,GGAGGGAGCGGCTGCAGGAA
sgRNA_00375,GCCAGCCGGTGAGCTACGGA
sgRNA_00376,GCAGCCAATGGCAGGGTCCC
sgRNA_00377,GTGGCTGCGCCGGGACACGT
sgRNA_00378,GGCGAGGTGGGCCTCCCAAA
sgRNA_00379,GAGGGGGCCTGGGACGGTCA
sgRNA_00380,GCGGCCGGGGACCCTGCCAT
sgRNA_00381,GCGGGGCAAAGGCGTCTCCA
sgRNA_00382,GGCTACCCAGAGCTCTTTAC
sgRNA_00383,GGACGCGGGTGAGAAGGCAC
sgRNA_00384,GGGGGTGGACGCGGGTGAGA
sgRNA_00385,GTCTGTAAGAAAACGTGACA
sgRNA_00386,GAACCGGAGACCAGCTCAGG
sgRNA_00387,GGCGCGGAGGGACACAAGAC
sgRNA_00388,GCTCCTCCTGAGCTGGTCTC
sgRNA_00389,GCCGCCCCTCTCCGGCTCCA
sgRNA_00390,GCAACCCTGGAGCCGGAGAG
sgRNA_00391,GTCCCCTGGAAACTCCTCCG
sgRNA_00392,GGCCCCGGAGGAGTTTCCAG
sgRNA_00393,GAAAAAACCTGCCCTAGGTA
sgRNA_00394,GGGCGCATGCTCCGTACCTA
sgRNA_00395,GTTTCCAGGGGAGGAGTCCA
sgRNA_00396,GACAGCTGAAGGGTGTGCAG
sgRNA_00397,GGGGCCTGGTAGGACAGCTG
sgRNA_00398,GGTGCAGAGGAGGGGACTTA
sgRNA_00399,GGGCCCCTGCGACAGCTGAA
sgRNA_00400,GCACCCTTCAGCTGTCGCAG
sgRNA_00401,GAGGAGGAGGGCTCTGTGTA
sgRNA_00402,GGGGAGCCCCCGTGTCTAGA
sgRNA_00403,GTACGGAAAGGGCTTTGGGG
sgRNA_00404,GAACAGGTAAGAGGCGTCGG
sgRNA_00405,GAGAGGCCTTCTAGACACGG
sgRNA_00406,GGTACTGAGTCAGAGCTCAT
sgRNA_00407,GTCACCCTTCCAGCTTCTTC
sgRNA_00408,GGGGGAGGAAATCTCGACTA
sgRNA_00409,GGAGTCCACACAGGCTTCAG
sgRNA_00410,GCAGGGAGTCCACGCGAGGG
sgRNA_00411,GTGGGCCGCCCTCCTCCCAT
sgRNA_00412,GTCCGCGCGCCTGTCCGCTC
sgRNA_00413,GGGCCTCACCAGACCCCGAG
sgRNA_00414,GTGAGGCCGCCGGAGCCAAT
sgRNA_00415,GCAGCGCAATAGGGCAGCAT
sgRNA_00416,GAGGCGGCGGCCGGGGACCC
sgRNA_00417,GGCCCGCTCGGCGAGCCCGC
sgRNA_00418,GAGGCTTAATCCTCTCCTGC
sgRNA_00419,GCGGCGCCCAAGGAGCGACG
sgRNA_00420,GGTGGTGGACAAGGAGGCGG
sgRNA_00421,GCGCCCGCCAATCCACGCAT
sgRNA_00422,GAGGCCCGGGCTCCACGCGT
sgRNA_00423,GCTCCCGCCGATGCGTGGAT
sgRNA_00424,GAGTCAGAATCCTTGGACTC
sgRNA_00425,GGGGTCCAGTGCTGACCGAG
sgRNA_00426,GGGTGAGGCTGGAACCGGAG
sgRNA_00427,GAACCAAGAGCCACGGGGTG
sgRNA_00428,GACTTCCCGCTGCACCCAGA
sgRNA_00429,GCACCCAGAGGGTGCCGCTC
sgRNA_00430,GGAGGGAGCCAGCCGGTCCA
sgRNA_00431,GGTCTGACCCAGAGAGGGTA
sgRNA_00432,GCAGGGAGAAAGACACTGGG
sgRNA_00433,GTCTACAGACCGGCACAGGG
sgRNA_00434,GTCTGGGTCAGACTCTACCC
sgRNA_00435,GCCACAGCTCCCAGGGAAAG
sgRNA_00436,GAGCGCCGCGCCCTGGGCCG
sgRNA_00437,GCGTGCGTGGGGCTCGCCGT
sgRNA_00438,GGGGCCGGGGGGAACCCTGG
sgRNA_00439,GGCAGGGCGGGACACTCCTG
sgRNA_00440,GGGCGAGCCCCACGCACGGA
sgRNA_00441,GGCCTCCAATCAGATATCTG
sgRNA_00442,GTGGGGGTAGAAACCCAAGT
sgRNA_00443,GGGCTGGGAAAGCCGGGGGT
sgRNA_00444,GGCTACCCCAGATATCTGAT
sgRNA_00445,GACCCCAGATATCTGATTGG
sgRNA_00446,GGGCCCCCACCCCCTCTGAA
sgRNA_00447,GCCCACAAGCTGTCAGTGGG
sgRNA_00448,GAGGCCCACAAGCTGTCAGT
sgRNA_00449,GAGGAGTTGGCTCCGCTCAA
sgRNA_00450,GTCCACAGAACTCACTTGTA
sgRNA_00451,GGGTCTGTGGCATGCAAGTA
sgRNA_00452,GTCAGCAGGTGCAAGAGAGA
sgRNA_00453,GTGGGCTGGGCCTTTGGCAA
sgRNA_00454,GCCTAGAAAAGTCACTGGGA
sgRNA_00455,GCACACCTAGAAAAGTCACT
sgRNA_00456,GGGGTGGGCGACATGATCCG
sgRNA_00457,GCAAGAGCTTGGGGAGTAAT
sgRNA_00458,GCCTCCCGGAGCCCCAGGGG
sgRNA_00459,GCACCCTAGTGACTCATCCC
sgRNA_00460,GGATCCGGGGATGAGTCACT
sgRNA_00461,GACAAAGTCCGAGTGCCCGG
sgRNA_00462,GTGCAGGCCGGCCTGAGCTC
sgRNA_00463,GTCCACCCAGGGCAGCTATT
sgRNA_00464,GGAGGCTTTCAAGTCCCACC
sgRNA_00465,GAAACAAACATCGTGTACGG
sgRNA_00466,GAGGCCTCTCCGCTCCAGTT
sgRNA_00467,GCCTCCCTGCCGGGTTAATG
sgRNA_00468,GGGGTACCAAGGTTTCTTCC
sgRNA_00469,GAAACAGAAACCAAGGTTGA
sgRNA_00470,GTCGCCGAACTGGAGCGGAG
sgRNA_00471,GAGCGCTCGAGGAGAAGTCA
sgRNA_00472,GCGAGCGCTCTGCTTCACTA
sgRNA_00473,GAGGCCGGAGAACACGGATT
sgRNA_00474,GGAAAGATCCTGCACCTGCC
sgRNA_00475,GGTGCCCAATCCGTGTTCTC
sgRNA_00476,GGCTCCTCGGGCTCTCGGGG
sgRNA_00477,GAAGGCCCGGCGGGCTATGC
sgRNA_00478,GCTGGCGCGCCTCAACTCCG
sgRNA_00479,GAAGCTGGTGCCAGGGTCCA
sgRNA_00480,GGCTGGTGGCGCCGCTCCTC
sgRNA_00481,GCAGGCTGCTTCAGCCAACC
sgRNA_00482,GTCCTATGACAGTGCTGCTT
sgRNA_00483,GGACTGATCACATTCCAAAT
sgRNA_00484,GCTGAACTTCACAGACAGGG
sgRNA_00485,GCTGCTTCAGCCAACCAGGC
sgRNA_00486,GTCTCATTGAGGTCCGCCCA
sgRNA_00487,GGGAGCCGGAATGTTCCAGA
sgRNA_00488,GAGTGGGGCTGTCTGGTGTC
sgRNA_00489,GGGACCTCAATGAGACGCGG
sgRNA_00490,GGGACCAACGGCACCCTGTA
sgRNA_00491,GGGAGCTCGAACAGTCTGAG
sgRNA_00492,GATAACCTATGGGGAGGAGA
sgRNA_00493,GAGGGCTGGGTAGGGTCCGA
sgRNA_00494,GGTGGAACAGCAGCTTTGAG
sgRNA_00495,GAAAGACGACCCATAACCTA
sgRNA_00496,GAAGCCGCGGTGCCAAATTA
sgRNA_00497,GCGGGGAAGGCGGGCTAGGA
sgRNA_00498,GGCGGTGCCAAATTACGGAC
sgRNA_00499,GCCCTCTTGGCAACCAATCA
sgRNA_00500,GTTCCTCCTGCGGGGAAGGC
sgRNA_00501,GGCGCCGCCCTGAAACCCGA
sgRNA_00502,GCTCAGGCAGGTGGCAACTA
sgRNA_00503,GGCAGGTGGCAACTAGGGTT
sgRNA_00504,GTGGCAACTAGGGTTAGGTC
sgRNA_00505,GTCTGAAGATCTGCAGGACT
sgRNA_00506,GTGGACCCCGCGGGGACCGA
sgRNA_00507,GCCCTAGCGGTCGGAAGGGG
sgRNA_00508,GGGAGCGCGAACCTCCCTAG
sgRNA_00509,GAACCTCCCTAGGGGAGGGG
sgRNA_00510,GCGGAGAGAGGAGGGTTGAG
sgRNA_00511,GGGAGTGGAGGCGGGGACTA
sgRNA_00512,GAGGCCTAGACCAGGGGAAG
sgRNA_00513,GAGGTGAGAGGCACAGACGC
sgRNA_00514,GGTGGAGGCGGGGACTAGGG
sgRNA_00515,GGGCACAGACGCGGGAGTCC
sgRNA_00516,GCCGAAGCCGCTGGAAGAGG
sgRNA_00517,GGCACCGAAGCCGCTGGAAG
sgRNA_00518,GAGGAGAAAGTGGTTGTCTG
sgRNA_00519,GGAAGTGACTGGAGACGAAT
sgRNA_00520,GACTGGAGACGAATGGGAAA
sgRNA_00521,GAGGAGCAGTGGGTGGACCT
sgRNA_00522,GGTGGACCTGGGTGCAGGAG
sgRNA_00523,GGCTGCCTTTACCAGGATTA
sgRNA_00524,GGAACTCATCCTTTACTTTG
sgRNA_00525,GCTCGCCAATCAGGAGCAGT
sgRNA_00526,GTAACCAGAAATTATCGCCA
sgRNA_00527,GGTCCTAGGCTCTTACAACG
sgRNA_00528,GAAGCCCTGGCGATAATTTC
sgRNA_00529,GTTGTCACGTGCATCTTTCT
sgRNA_00530,GCAGCTATTGATGAAATCTG
sgRNA_00531,GGATAAGGGTATCTATGAAT
sgRNA_00532,GCACTGAATGGGCAAAAAAG
sgRNA_00533,GTTGAAGATGGTCACTGAAT
sgRNA_00534,GAACTTGTAAAAGATACCAT
sgRNA_00535,GCATAGATACCCTTATCTGC
sgRNA_00536,GGTGGATTCAGCATGGTGGG
sgRNA_00537,GTGGCTACATAGCCAGATCA
sgRNA_00538,GCTTGTGGATTCAGCATGGT
sgRNA_00539,GAAGTATTGTGTTTTTATAT
sgRNA_00540,GAGATCATGGGCTGCATAGG
sgRNA_00541,GCTGCCCTGCCCTGTGAGGC
sgRNA_00542,GAACCCGTAACAACCGGAGC
sgRNA_00543,GACCCAAAGGGACTGATCTA
sgRNA_00544,GAGTGCCCCTCCCTATAGGA
sgRNA_00545,GAGGCTGACCACGCTGTAGA
sgRNA_00546,GCCCAACCACTGGGGTCTAA
sgRNA_00547,GTCTAAGGGAGGGTACCACT
sgRNA_00548,GACCACTGGGGTCTAAGGGA
sgRNA_00549,GCAGCAAAGCCCAACCACTG
sgRNA_00550,GCACAGAACTAGATGATGGT
sgRNA_00551,GCAGCAGGAAAGCCCGGATG
sgRNA_00552,GTCCTCTAAGGTGCCTGAAT
sgRNA_00553,GCGGATGCGGCTGTCCTCTA
sgRNA_00554,GGAAGTGGTCGGGACATTTA
sgRNA_00555,GCTCCAGCCGCCGGGGTCAA
sgRNA_00556,GAACAGGCTGGAAGTTGTTG
sgRNA_00557,GCCCGCCCCCCATCAGGGAG
sgRNA_00558,GTGAAAGGGGATCCAGATGT
sgRNA_00559,GCAGTAAGAGAGAGTTGGGA
sgRNA_00560,GAAACCGCCCAGACCAAGAG
sgRNA_00561,GCATGCGCAAAGCCCTCTCT
sgRNA_00562,GGGAGGGGACCGGAAGAACA
sgRNA_00563,GTCGGCCCGCCCCCAGAGGC
sgRNA_00564,GACCTTGAGGCGCCTGGAAG
sgRNA_00565,GGGGCGGGCCGACTCCTTCG
sgRNA_00566,GCCTGGACCTAACGTCCGAG
sgRNA_00567,GATCGGTTATGTTTAGGGTT
sgRNA_00568,GGCACATCGGACGTAAGCGC
sgRNA_00569,GCAGAGTCACCACCGGTCCG
sgRNA_00570,GTACACAGGTATGCCAATTT
sgRNA_00571,GCTGTTCGGTCGTCTCCCGG
sgRNA_00572,GTCGCCTGGCGGATAAGGCG
sgRNA_00573,GTACCTCCGGCGAGTCAAAT
sgRNA_00574,GGCCCACGCAGCTTGCGTAT
sgRNA_00575,GTCTCCGTGCGTTGTAATAT
sgRNA_00576,GCGGGCTCCTCTTTCGGCCG
sgRNA_00577,GTCGGCGCGTAAAACGCCAT
sgRNA_00578,GACGTCGCCTGGTACGGTAT
sgRNA_00579,GCCGGGTCCATCAAGCCGGG
sgRNA_00580,GTGACCTGGCCACGGCACTA
sgRNA_00581,GAGGACCGGCACGCGTGTCG
sgRNA_00582,GCTTAGTGCTGTAACGGCCG
sgRNA_00583,GTCCACATTCTAATGTGCGT
sgRNA_00584,GTGCAAGGGGGCCGACGTGG
sgRNA_00585,GCGAGCACGACCGTAGCTTG
sgRNA_00586,GAGAGCGAGTAGTTTCCGAG
sgRNA_00587,GTGGGCCCGTCGCAAGCCGT
sgRNA_00588,GTTGAAAGGACTGGATCGGG
sgRNA_00589,GGGATAAGAGAGCGGCTTGC
sgRNA_00590,GGCGCGCGGATCAAATCAGC
sgRNA_00591,GAGCCCCTACTAGGGTTTAA
sgRNA_00592,GAACCATAATTGGGCCACAT
sgRNA_00593,GTGGATAGAGGTCGCCACAA
sgRNA_00594,GTACTAGAGGACGTAGGGGT
sgRNA_00595,GTAGCGCAGCACAGGAGCGT
sgRNA_00596,GGATCCAAGAGGAGACGCCT
sgRNA_00597,GGTACGTGGTGGATGGACAG
sgRNA_00598,GGCAGGGGGTGCGGCTACCT
sgRNA_00599,GCTACTCGGAGACCACCAAA
sgRNA_00600,GTGCACAATTTCTCCGATAT
sgRNA_00601,GATGCCCTTGCGTCAGATTA
sgRNA_00602,GTTTACCGACCATTTATTGC
sgRNA_00603,GAAGGATACGACGGTCGCAA
sgRNA_00604,GAAGGAGGCTACACCCGTTA
sgRNA_00605,GTGGTGAACACCATGCGCAT
sgRNA_00606,GTGAAGACAAAAGTCCCGTT
sgRNA_00607,GCCGGCGTAGGAGAACCCAT
sgRNA_00608,GCACGCAGCTTTATCGAGGT
sgRNA_00609,GCCACCAGCACCCTTGAGAG
sgRNA_00610,GCGGCGCACATCGGTGGTGC
sgRNA_00611,GTGGCGCTGTCAATTCAAGG
sgRNA_00612,GTGTTGGCCCGTCCTAGTTC
sgRNA_00613,GGCCGCCAGCACAGATAGTG
sgRNA_00614,GTCCAGCAAACGAAACCGGT
sgRNA_00615,GGCCTGCGGAACAGGCCAGG
sgRNA_00616,GGGTGTAGGGGCTAGCGCGG
sgRNA_00617,GTAACGGTCAGAAGTTGATT
sgRNA_00618,GTTGCACGCATCCACGCTGA
sgRNA_00619,GAACATTATCGCAGTAATCC
sgRNA_00620,GTGCGGAGTTTAGACCATAG
sgRNA_00621,GAGGCCATCGATGTAATGTT
sgRNA_00622,GGACGATAGTGTATACTATC
sgRNA_00623,GGGGAGATAGGGGAACCGTG
sgRNA_00624,GGTCCATTAGGTACACTGTT
sgRNA_00625,GTGAGGGGGACAATGCAGGG
sgRNA_00626,GGAAGCGTGCGATGACTGGT
sgRNA_00627,GTTGCTTGAAAAGTGACCAG
sgRNA_00628,GGCTGGCACTCCTTAAGCCA
sgRNA_00629,GTCGGCGCCCGTGGCCTATC
sgRNA_00630,GTAAGGAACGCTGCCCCCTG
sgRNA_00631,GATCTCGCGGAGGACTGTAC
sgRNA_00632,GCGAGGTGCTGATTAAAGCA
sgRNA_00633,GACATTGTCGTGTAGTGTCT
sgRNA_00634,GCGTACGTCGAAGGTATTGG
sgRNA_00635,GCGTAGACCAGTCGAATTCA
sgRNA_00636,GTTTCAACGGAGGCTTTTAT
sgRNA_00637,GGGCGCGGCGCACGGCTCTA
sgRNA_00638,GGGGTCTGGAGGTTAGGATT
sgRNA_00639,GAGCGCACATTTCCCTTGAA
sgRNA_00640,GAGGTCGGGCAGTATTGCAC
sgRNA_00641,GCCAAGGGAGTCAAAATGAC
sgRNA_00642,GCCTGTTAACAGGCGGCTTT
sgRNA_00643,GGTCGACATCAGGTGTGCTT
sgRNA_00644,GTTGACTCGTTTAACCTCCC
sgRNA_00645,GCCCTGACGGACGTACCGAG
sgRNA_00646,GAGTACCCAGAAGCCTAACC
sgRNA_00647,GCCGTAATCAAGTTCATGGC
sgRNA_00648,GTTGACCCGGGAGCGAGCAT
sgRNA_00649,GTCCCCAGGATGACGATAGG
sgRNA_00650,GAACCGTAGACGAACCGCGA
sgRNA_00651,GCCGACTGGATCAGAGCGTG
sgRNA_00652,GTGAGGGCGGCTTTCGATCT
sgRNA_00653,GGGAGCCTAGCACGGACCCC
sgRNA_00654,GGGGCGGCGCCTCTATCTTG
sgRNA_00655,GCGACAGTGTGGGGTCGTAC
sgRNA_00656,GAGACGGTAACGGATATAAG
sgRNA_00657,GCTGAATGGGCGTCATCCTT
sgRNA_00658,GAACCCGACACAGTAAGATG
sgRNA_00659,GAGGTGGAGTCGCTTATTAT
sgRNA_00660,GACGGTCTACCTAATTCACC
sgRNA_00661,GGAGCCGGCGCGATCCCCTC
sgRNA_00662,GGCGGTGCGTCGTTACACAA
sgRNA_00663,GGGGGCGTTGTAGCTCCAAG
sgRNA_00664,GGAGATTATGCGTCCACAGG
sgRNA_00665,GGACGGAGCAGGTACTAATT
sgRNA_00666,GCAGGGGCATGCTGACCAGC
sgRNA_00667,GGCCTCCTAAATCTCCAGAC
sgRNA_00668,GGCCGATTAAGGAGCACCCC
sgRNA_00669,GCGGGTGTACCCGGATCCCA
sgRNA_00670,GTGTCGGAAGGAACACGTAA
sgRNA_00671,GGGGCCGTCTTGGCGTGCCG
sgRNA_00672,GTTAGTTGAAGTGCCCAATT
sgRNA_00673,GGGCCGTCCCGGCTCGTCGA
sgRNA_00674,GATGCCGTAGCGAACTACAG
sgRNA_00675,GCCCACCAGCACTGCATCGA
sgRNA_00676,GACTATCGGTCATGTTATGC
sgRNA_00677,GGCGCGTGTCCCGAACGCTC
sgRNA_00678,GCCACGTGAGCACGGGTCGT
sgRNA_00679,GCTCCGGACTTCGGCCCAGG
sgRNA_00680,GCGCTACCGGCCTTAAGACG
sgRNA_00681,GCCCACGTTGCACGGCTCGC
sgRNA_00682,GTAGCCGTCACGACGCGGGT
sgRNA_00683,GAGGGACGCTGATTGCGAAG
sgRNA_00684,GAAAATCGGCTTGGCAGGGG
sgRNA_00685,GGAACCATGGTCCCCGGCAT
sgRNA_00686,GGAGAGGTTACGGACAGCGT
sgRNA_00687,GCGCAGCTAAAGCGCGCCGT
sgRNA_00688,GCGACCAAGGCAGGTGAGCT
sgRNA_00689,GAGCATTGATCCGTACCCGA
sgRNA_00690,GACGACATGACATTGAGGGT
sgRNA_00691,GTGCTATGGGCCTCCGTAGG
sgRNA_00692,GCCGTGAAGGACGAAGTAGC
sgRNA_00693,GACCAGCGAGACTTGCTATA
sgRNA_00694,GTTGCAATGGCGCGGGAGTA
sgRNA_00695,GGCCGGCGACCGTAGTTTGA
sgRNA_00696,GGCGAGGGCAGATACGGTTG
sgRNA_00697,GAAAGCGATTGGGGCCTTCC
sgRNA_00698,GGACCCTTAGACCACGTCAG
sgRNA_00699,GGGAGCCCGAAGAATGTGGT
sgRNA_00700,GCCGCTAGATTTCAAGTCAT
sgRNA_00701,GCTCACGGAACGCGCGTATG
sgRNA_00702,GCGCAGCAGGGCAGCCGTCT
sgRNA_00703,GGGGACGACGAAGTCTAAAC
sgRNA_00704,GGACCGCGAAGTACCTCTAC
sgRNA_00705,GGGACCGATGCACGATGAAT
sgRNA_00706,GATGCGGAGGGGCCGTACTC
sgRNA_00707,GTACCCATGGCATGTGCATC
sgRNA_00708,GACGGAAGCTGAAAGCTCCG
sgRNA_00709,GCCACACCACACCGCGCGCA
sgRNA_00710,GCGCCCTTGCAGGGACGCGT
sgRNA_00711,GGCGCATCGGGAGCCAATCA
sgRNA_00712,GGCAAACAGACTGACAGGTC
sgRNA_00713,GTCGAGTTGGAGCTCTCAGG
sgRNA_00714,GTTAACGATCGGGCTAACTA
sgRNA_00715,GAGCAATCGGGTGTTTGCGT
sgRNA_00716,GGGAGTCTATCGGCCTTCTA
sgRNA_00717,GAATAGAAACCGAGGGACGG
sgRNA_00718,GGCGCGGGTAATGCGGTCGA
sgRNA_00719,GGATGTGCCCGCTCGTCGCG
sgRNA_00720,GCACGGAGGGGAGCTGATAC
sgRNA_00721,GGGAGCATGGAGGTTAGCGC
sgRNA_00722,GGGATCTGGCGGTCGAACCA
sgRNA_00723,GGTAAGCCACCGCGGAGCAA
sgRNA_00724,GGACGAGGTCGAGTCAAAGG
sgRNA_00725,GTCTATTAACAGCTCATTAC
sgRNA_00726,GATCGTGGCTTAAGTATTAA
sgRNA_00727,GGGCAGGTGCACTCACGCCT
sgRNA_00728,GTACTGAATGGAATTTCTAC
sgRNA_00729,GGCAGGGCTCGTAAAGGCCC
sgRNA_00730,GAAGCAGGGTCACTAATCGA
sgRNA_00731,GCAGCCGTAAGCCCGTCGTC
sgRNA_00732,GTCAGGCATGACCTCTACAG
sgRNA_00733,GGATGGGCACAGCACAGTAA
sgRNA_00734,GATGCTCTGATCCCTCATAC
sgRNA_00735,GTGTCAAGGAATGCCGGCCC
sgRNA_00736,GTCACCGCATTTCCACTGGC
sgRNA_00737,GGCCGGGGCCGCTGGATTTG
sgRNA_00738,GGAACCCAGTGAATGAGACG
sgRNA_00739,GTACGTCCAAGCTCGTAATG
sgRNA_00740,GTCGGACCGGTAACGCCTGT
sgRNA_00741,GCGAAGGGGCGGTCCACCCC
sgRNA_00742,GCGTCGGCCTCTAGCGAGAT
sgRNA_00743,GGCCAAGGGCGTGACGCGGC
sgRNA_00744,GATACCCTTCGTAGACTTAG
sgRNA_00745,GAAGACACTCACTACGTGGG
sgRNA_00746,GGGGTCCGGCGGAACATACC
sgRNA_00747,GGCGGCCGGCCCTCCTATGC
sgRNA_00748,GGATTAGCCGTCCGTGGATG
sgRNA_00749,GGCAAGATGGCACTCGTGCG
sgRNA_00750,GTCAACGCGCAACGACCGGG
sgRNA_00751,GCAAACATTAGGGCGCTGAA
sgRNA_00752,GGACATGGCGGGAACGACGC
sgRNA_00753,GCTCGGGTAACGGAGGATGT
sgRNA_00754,GGGAGTAGTTGCGCTAGTGT
sgRNA_00755,GCAAATCCGTAGCGTGTGAG
sgRNA_00756,GCCGGAAGTTAGTAGGATTG
sgRNA_00757,GCATCGTCCCGGCAGTACTC
sgRNA_00758,GCCCGATCGCCTTGACTACT
sgRNA_00759,GCTCAATCGTCCACGGAGTC
sgRNA_00760,GGGGTGGTAATAATGCCGAC
sgRNA_00761,GTACTTTCCGGAAGGACTAT
sgRNA_00762,GCTCCGGTGGTGGACCGTTG
sgRNA_00763,GGCCGCACCCACCGTAGTAG
sgRNA_00764,GCCGCCCGGGGAAGAAGCAA
sgRNA_00765,GTCCGTACGACGAACGTGTA
sgRNA_00766,GTCTGAACGAGGACGTCGCG
sgRNA_00767,GCCAACGCTCGCTGGACGGA
sgRNA_00768,GTGGGGGTCCTAGCATGCTA
sgRNA_00769,GTCCGCGTCCGCCTATCGCA
sgRNA_00770,GGGCGCCGCCCAGCCATATC
sgRNA_00771,GCGAGACACTCTTTTCAGAA
sgRNA_00772,GGGTACGCGTCGGTACTGAG
sgRNA_00773,GGACAAGCCGGGTGTCGTAG
sgRNA_00774,GAGAACACGACGCTGGTAGA
sgRNA_00775,GTCCTGTCGTGGAACGGTCG
sgRNA_00776,GGGCGAGATGACGGAACGAT
sgRNA_00777,GCGGGGAGGAGATTTCGGAA
sgRNA_00778,GAGGGGCGCAGCGCCCTGTG
sgRNA_00779,GGAGACTATGAGCGTGGTGG
sgRNA_00780,GGCTCCCCGGAGCGGCCGAG
sgRNA_00781,GGGGGGAGGCCAGGGCGAGA
sgRNA_00782,GATGGGGAAAACAGGGACCA
sgRNA_00783,GTGGCTAGAGACGGAAAAGA
sgRNA_00784,GTCCGTCTCTAGCCAGGGCA
sgRNA_00785,GAAAGTGAGTTAAGAGATAT
sgRNA_00786,GGAACTGAGTTTAATTGGAG
sgRNA_00787,GTAGAGAAGGTCTGGCGCTA
sgRNA_00788,GTCTGGCGCTAAGGCTAAAA
sgRNA_00789,GGCCCTCTGCAGCCACCGTT
sgRNA_00790,GCCGTGTTTCTGTGGTTTCC
sgRNA_00791,GGCCCAGAAGGTGTTTGATG
sgRNA_00792,GACACTGGCGCGGTCTGAAC
sgRNA_00793,GAGGACCTCAGGCGCCCCCC
sgRNA_00794,GAGGCCATGGAGCACGGGGG
sgRNA_00795,GGGCAGGTCACACACTGGCG
sgRNA_00796,GTGGAAGCGTGGCAACTGGC
sgRNA_00797,GCGAATCGACGGCCCGGAGG
sgRNA_00798,GGAGCCGCCGGCTCCTTCGG
sgRNA_00799,GCCGCCGGCTCCTTCGGAGG
sgRNA_00800,GTGGGTGCGCTCTGAGTCCG
sgRNA_00801,GCTCCTTCGGAGGTGGGATG
sgRNA_00802,GTTACCCTCAAAAAATTCTT
sgRNA_00803,GGACCTCCAGCCAGTCTTAG
sgRNA_00804,GTGCCTAGTAAGCTGGAAAC
sgRNA_00805,GCCAGCCAGTCTTAGAGGCA
sgRNA_00806,GCAGCCTAAGAATTTTTTGA
sgRNA_00807,GACGAGCAGGCCTGACGTGG
sgRNA_00808,GCCCACGAGCAGGCCTGACG
sgRNA_00809,GGGCCCCTGGAACGAGGAGG
sgRNA_00810,GCACCAGGACTCCCCGTCTC
sgRNA_00811,GCCCTCCCTGCGCAGAATCG
sgRNA_00812,GCCCGCCCGCAGTGACTTGC
sgRNA_00813,GAATGACTAGGTCTTCCCAT
sgRNA_00814,GTTCTCCTAGTCCACTTCAA
sgRNA_00815,GAGCGCGGAGCCATCTGGCC
sgRNA_00816,GCGGGCCTGCAAGTCACTGC
sgRNA_00817,GCACTCCCGGGGACCGTGGA
sgRNA_00818,GTGGCTGGGAGGAGCCCCAA
sgRNA_00819,GCTGACCCCTGGCCACTCCC
sgRNA_00820,GTCCCGGGGACCGTGGAGGG
sgRNA_00821,GGTGCCGCGCGCTCGGGAGT
sgRNA_00822,GCAAGCCCGGCGCCCGCTAA
sgRNA_00823,GGCCCCGCCTCCCCTCGCGG
sgRNA_00824,GGAGCAAGGCTGCAGCGCCC
sgRNA_00825,GTGGACCATTAGCGGGCGCC
sgRNA_00826,GGCCCCTGGCCCGGAGTCCA
sgRNA_00827,GCCCAGGCAGGGGTGGCTAA
sgRNA_00828,GGGGCACTCGGAAGCCTGTG
sgRNA_00829,GAGCCACTGGGGCACCTGAG
sgRNA_00830,GACTGTGGACACCCATGGGT
sgRNA_00831,GGGCTCGCCTGGCACTATAA
sgRNA_00832,GGGCAGGAAGCGCCCTAGGA
sgRNA_00833,GAGGAAGCGCCCTAGGAGGG
sgRNA_00834,GGGTCCCCAGTAGCCCACTC
sgRNA_00835,GTGACGTCATAGCATAGCTA
sgRNA_00836,GCGCCCTGAGTGGGCTACTG
sgRNA_00837,GACCCGGGGCCTCTCGGTGG
sgRNA_00838,GGGTACCCGGGGCCTCTCGG
sgRNA_00839,GGGGCAATGCTGGGTACCCG
sgRNA_00840,GCCATCTTCCCCCACCCAGT
sgRNA_00841,GCTGGGTACCCGGGGCCTCT
sgRNA_00842,GAGGCGGGGTGCCAACTCAG
sgRNA_00843,GGGAGTGGGGATTAAGAGGG
sgRNA_00844,GTCAAATGACGCTCAGAGTG
sgRNA_00845,GACGCCACCCCGAGCCCCAT
sgRNA_00846,GTAAGAGGGGGGAATGTAAC
sgRNA_00847,GTTGCTAAGTGTCAGTAGGT
sgRNA_00848,GCGGCCCCACCTCTGGTTAA
sgRNA_00849,GCCTCCTTTAACCAGAGGTG
sgRNA_00850,GGAGGCTCTCTCATCAGGAA
sgRNA_00851,GACCAGAGGTGGGGCCGTGA
sgRNA_00852,GAAGGTGGCTGCGACGGGGA
sgRNA_00853,GGGCGCGGGCGAGGCCAGGA
sgRNA_00854,GCCAGCGCCAGGGCAGTCAG
sgRNA_00855,GTCCCTGCGCCAGGGGTGGT
sgRNA_00856,GCGGGAAGGTGGCTGCGACG
sgRNA_00857,GAGGTGCAGGTCTGGGAGCG
sgRNA_00858,GTCACCCATCCGGGAAACTG
sgRNA_00859,GAGCGCGGCTGAACTAAGCC
sgRNA_00860,GAACAAGTCCCAAGAGGTGC
sgRNA_00861,GTCCCAAGAGGTGCAGGTCT
sgRNA_00862,GCGAACCCAGGGTTAAGGGG
sgRNA_00863,GCACCTGTGAGTTCTGTCTA
sgRNA_00864,GTGCCTGGCTGTCTGTAGAT
sgRNA_00865,GAACCCTGGGTTCGCCTGTT
sgRNA_00866,GAAGGGGCGGGGCCTCAAGA
sgRNA_00867,GTGGAGGGCGGGGCACTCAC
sgRNA_00868,GGGCAGCTGTGATAGGTGGA
sgRNA_00869,GACTCACTGGGTGACTGAAC
sgRNA_00870,GCTGTTAGATAACACGTCCC
sgRNA_00871,GTGGAGTGGGAGAGTGGCGG
sgRNA_00872,GGGGCGAAGGTGCAATGTAT
sgRNA_00873,GCCCGAGTACCACAGATCTA
sgRNA_00874,GAGGGTCAGCGTGTGCGGGA
sgRNA_00875,GTGCAGAAGGGTGTGTCCCA
sgRNA_00876,GCAGAGATCTGGTTTTTCCG
sgRNA_00877,GAACTCGCGAGGCTCTAAGT
sgRNA_00878,GACTCATGGTAACCAGTCTT
sgRNA_00879,GCGAAGGTGGCACATGGGGT
sgRNA_00880,GCAGCCAGCGGGTGCCAGCA
sgRNA_00881,GACAAGAAAAATCACCAGAG
sgRNA_00882,GTGAACCCCCGCAGGACCCC
sgRNA_00883,GCAAGCCCGGGGTCCTGCGG
sgRNA_00884,GGTCCTGCGGGGGTTCAGAT
sgRNA_00885,GGGTCCCAGGACACGCTCTA
sgRNA_00886,GCCCGGAGATGCCTGCCCTG
sgRNA_00887,GAGACCCTAGAGGACGCAAC
sgRNA_00888,GCGGGGCGGAGCAGTGGGAC
sgRNA_00889,GCCACTGCTCCGCCCCGGGT
sgRNA_00890,GAGTCCCGTGGTCCTGACTC
sgRNA_00891,GCCTCTGCCAGAGACCCTAG
sgRNA_00892,GTGAGAGATCAGATTGGAAT
sgRNA_00893,GTCTGTGGGTGCCTAAGAAA
sgRNA_00894,GGGAAGGCAGGAGCCGTTAT
sgRNA_00895,GACGGCTCCTGCCTTCCTCG
sgRNA_00896,GACCCACAGTCAACAGTGAC
sgRNA_00897,GGAAAAGCAGGCTACTCTGG
sgRNA_00898,GCGAGCTATGGACCCATGGG
sgRNA_00899,GGCAGGGTGTAGTTGAGTGA
sgRNA_00900,GGCTATGGACCCATGGGAGG
sgRNA_00901,GGAAGCAGGCTGTGCGAGGG
sgRNA_00902,GCTGGAAAGGGCTGAAATTC
sgRNA_00903,GCGGGGCCAGAGCCTGGGAT
sgRNA_00904,GCTGGCATGCGGCCTCAAAC
sgRNA_00905,GGGCCCCGGCCCTGCCCATC
sgRNA_00906,GTTGAGGCCGCATGCCAGAT
sgRNA_00907,GTAACGGTCAGGAGCGCTAA
sgRNA_00908,GTAAGGGCTTGGACACTCAC
sgRNA_00909,GAAACCTCGGTGTAACGGTC
sgRNA_00910,GCGTGGTGGAGGTGTGACAA
sgRNA_00911,GTGGTGGAGGTGGGACTACG
sgRNA_00912,GCCTCCCTGCACCCCTGTGA
sgRNA_00913,GTGCACCCCTGTGATGGTTG
sgRNA_00914,GTTGAGAGGAACACCCTGGT
sgRNA_00915,GTGTCTCCCTCAACCATCAC
sgRNA_00916,GCCAGCACACCAGTGCTCAC
sgRNA_00917,GTTCTCTGGGAGATTTGCAT
sgRNA_00918,GACAGAGTAGTTACATGCAG
sgRNA_00919,GAACATAACTAACATTGGTT
sgRNA_00920,GAATCACACAGTGAAAGCCA
sgRNA_00921,GAGAAAATTCTATTTTTCTC
sgRNA_00922,GGTCGCGTTGGGATATAGAC
sgRNA_00923,GAGGCAACGGAGGGAGTCAG
sgRNA_00924,GAGACTGCAGGTTTGGTCTG
sgRNA_00925,GCTCTGGAGGGGCAGGTGGT
sgRNA_00926,GAAGGGGAAGTGCAGTCGGG
sgRNA_00927,GTCCCCTCTCACCGCGTCAT
sgRNA_00928,GTCCCCATGACGCGGTGAGA
sgRNA_00929,GAGAGGGGACATGGGACAGT
sgRNA_00930,GAGGAAGGGCGGCGACCCGG
sgRNA_00931,GGACGCGGTGAGAGGGGACA
sgRNA_00932,GCGTGGGGAGGAGACGAGAA
sgRNA_00933,GGGGAGGAGACGAGAAGGGT
sgRNA_00934,GTGTCCTTCTCGGTGGCGTG
sgRNA_00935,GCAAGCTGGAGAGGCTGCGG
sgRNA_00936,GCCTGGCTGGTCACCCCGAA
sgRNA_00937,GGCGCTGCCCAGCCCATGTT
sgRNA_00938,GAATGGAGTCGTGGCGGCTC
sgRNA_00939,GGGGCAGATTAATGGAGTCG
sgRNA_00940,GCCGAGGGACGCAGGAGGAG
sgRNA_00941,GCAGATTAATGGAGTCGTGG
sgRNA_00942,GGGGAGGCGCGCGTGTGCTC
sgRNA_00943,GCGCTCCGCCCGGAAGGGCA
sgRNA_00944,GGGGACACGTGTGGCGGCGG
sgRNA_00945,GGAGGTGCGGGCAAGCCCGA
sgRNA_00946,GGGCGCCCGGGGCTTTAAGA
sgRNA_00947,GCAGGGAGTATGCTCCCAGA
sgRNA_00948,GGGGCTGGAAACAACAGACA
sgRNA_00949,GGAGGGGTGGGGAATATGAT
sgRNA_00950,GGTGCTGCTGAGTGAGGAAC
sgRNA_00951,GGGGAGCATACTCCCTGCAT
sgRNA_00952,GGGCGGGGACGGCTGAGGGT
sgRNA_00953,GGGAGGGCGGTGGAGTAAGG
sgRNA_00954,GTGGAGTAAGGTGGCGGGGA
sgRNA_00955,GCCGACCCCTGGGGAGTCCC
sgRNA_00956,GCCCGCGAGCCCGACCCCTG
sgRNA_00957,GGAAGAGAGCAGGGTCGGGA
sgRNA_00958,GAGGGCAAGGGACCTCGGGA
sgRNA_00959,GCCGCCACCCGTCATCTCGG
sgRNA_00960,GGGACCTCGGGAAGGGACGG
sgRNA_00961,GGAGGGGTGTGTGTCCAGAG
sgRNA_00962,GTCCGCCCGCGCTTACATCA
sgRNA_00963,GGACGCTGACGATACGCGAG
sgRNA_00964,GGGAGCCATGATGTAAGCGC
sgRNA_00965,GGCTGACGATACGCGAGGGG
sgRNA_00966,GGGGATGTCTGGCCAGACTG
sgRNA_00967,GACGGAGACCGGTTCTGCCG
sgRNA_00968,GCCGGGGACTGGAAGTCATG
sgRNA_00969,GTGAAGCCGGGCCCTGGGAT
sgRNA_00970,GGCTCCTAGAGCGGTTCTCA
sgRNA_00971,GTCAGCCCTTGTCCCAATGC
sgRNA_00972,GACAGAACACTAGTCCACTA
sgRNA_00973,GTATGATGGGACGGAGTCTT
sgRNA_00974,GCTACCTCCCAGCCTCAAGG
sgRNA_00975,GATACTGAAAAAAACCCTAG
sgRNA_00976,GAGGGTGCCTCCTTGAGGCT
sgRNA_00977,GTCCCAAGCCGAGGTCTCAC
sgRNA_00978,GCATCCCTTAGGTTAGGAGT
sgRNA_00979,GTACGGCACCCGTGAGACCT
sgRNA_00980,GTAGAGAGACAGGCGCGCTG
sgRNA_00981,GGCGCGCTGCGGGCGACCTC
sgRNA_00982,GGGGCCGTGGGAACCCAAAC
sgRNA_00983,GGGAACAGGCATGGACGCGG
sgRNA_00984,GTAGAGGCGGAGCTTAGGGG
sgRNA_00985,GACCATGGCCACCAAGGCTG
sgRNA_00986,GTCTCAAAGGCCACCTACCA
sgRNA_00987,GCCAAGAGAAGGGACTCGGG
sgRNA_00988,GGGCGGGTCTGTAAGAGGAA
sgRNA_00989,GGGACTCGGGAGGAGGATAA
sgRNA_00990,GAAGCCAAGAGAAGGGACTC
sgRNA_00991,GGGTGGAGAAGCCAAGAGAA
sgRNA_00992,GTACGCGAGGCGGGTACAGA
sgRNA_00993,GAGAGAGCGCTGGTGGGGCG
sgRNA_00994,GTCTGTTGGCAGAGTGGGAA
sgRNA_00995,GAGGCGGGTACAGAGGGCGG
sgRNA_00996,GGGGCCGTGCCCTTCCTCTC
sgRNA_00997,GCATCCGTGAGGTCCGCCCA
sgRNA_00998,GCTGGACAGTCCAGGCAACA
sgRNA_00999,GAGTCCAGGCAACAGGGGCG
sgRNA_01000,GTGGCAAGGTCCCCAAGTGA
sgRNA_01001,GAAGGGCCGCAGCATTAGTC
sgRNA_01002,GTGGAGGGAAAATATTCTAA
sgRNA_01003,GGCAGTGGAATTGCAGATTT
sgRNA_01004,GCCACTGCATTTCGAAATGT
sgRNA_01005,GTACTTCAACAATTGCTTAA
sgRNA_01006,GGTCAAAATTCTATACTGGA
sgRNA_01007,GCGGAGCCGCACCTGAGCGA
sgRNA_01008,GCCCCAGGACCACAAGCGGT
sgRNA_01009,GCGGCTCGCCCAGCCCGCTC
sgRNA_01010,GCGGCCCGGCCGACCGCTTG
sgRNA_01011,GGTGCGGCGCCCGAGCAGCC
sgRNA_01012,GCCCGGAAGAGGGCAGTGTC
sgRNA_01013,GAAACCCGGAGGGCGGGGTA
sgRNA_01014,GCGGAGGGCGGGGTAGGGCG
sgRNA_01015,GGGCGCCGCTAGAGGACATG
sgRNA_01016,GGACACCCATGGCGCAAACC
sgRNA_01017,GAGGAGAAGCGCGTCCCACC
sgRNA_01018,GGGGTCGCCCGGGTGCACAG
sgRNA_01019,GTGGGACGCGCTTCTCCTCC
sgRNA_01020,GAGAGCACCTGGGGTGGTCG
sgRNA_01021,GTGGCTGTGCGCCCGCTCGG
sgRNA_01022,GGCACCCAGCCCCACGCATC
sgRNA_01023,GTGGGGCTGGGTGCGCGAGA
sgRNA_01024,GGTAACCACGCTTTCCCCCG
sgRNA_01025,GGCCCAAGCGGTGACGACGA
sgRNA_01026,GGGGAGGAGCAAGAATTCTT
sgRNA_01027,GGCGCCCGGCAGGGTAGGTG
sgRNA_01028,GCGGGCGCGCCCGGCAGGGT
sgRNA_01029,GCCCGGCAGGGTAGGTGCGG
sgRNA_01030,GCTCCGGCGCGCATCCAGTC
sgRNA_01031,GCGGGCCCGGGGACGCTCCC
sgRNA_01032,GTCAGCGGAGCGGAGATAAA
sgRNA_01033,GGAGGCGGGAATAATCTCTG
sgRNA_01034,GCCGCTCCGCTGATAGCCGG
sgRNA_01035,GGTCAGCCACCGGCTATCAG
sgRNA_01036,GGGGTGGCTGAACCCAAGGG
sgRNA_01037,GGGCGTCCTAAAGTCCCCTG
sgRNA_01038,GAGATGCCGCCCTCTCGCGG
sgRNA_01039,GCTGCGGTGCAGAGACGTTG
sgRNA_01040,GGGGCGGCATCTGGCGACCG
sgRNA_01041,GGAGCTGCACGTGGATCGTC
sgRNA_01042,GTCTCCAGCAGGCAGGTAAG
sgRNA_01043,GCCGCCCGGTTGGCTAGGAA
sgRNA_01044,GGCTCCCAGCGCAGGACGGG
sgRNA_01045,GCCTACACGCGGGCAAGCCC
sgRNA_01046,GGACGGTGACGTGTGCAAGG
sgRNA_01047,GGGGAGCCAAGTAGCTGCAG
sgRNA_01048,GCAAGTAGCTGCAGAGGACA
sgRNA_01049,GTGCGCAGGCGGGTAAGGCG
sgRNA_01050,GATGACCCCGCCCTGCTCCG
sgRNA_01051,GTTAGCCGGTCCCCAGCATG
sgRNA_01052,GAGTGGCCAGGCAGCGGTGC
sgRNA_01053,GTTAACTGGCTTCCAAGGCG
sgRNA_01054,GAAGGGCTACGAGTGTCCCC
sgRNA_01055,GGGCGGAGGGAAAGCCCTCT
sgRNA_01056,GTTGGAAGCCAGTTAAAACA
sgRNA_01057,GCGTAAAGAGGTGACTCGGG
sgRNA_01058,GGCGGGCGGGGGCGAATAGG
sgRNA_01059,GCGGGCGGGCGGGGGCGAAT
sgRNA_01060,GAGGTGACTCGGGCGGGCGG
sgRNA_01061,GCCCTAGGGGGGGAAATCGA
sgRNA_01062,GGGAAATGTCCCGAAATCTA
sgRNA_01063,GTCTAAGGTGTGTGTAGGGT
sgRNA_01064,GTTGGCTGAGACTCATATGA
sgRNA_01065,GGAAATCTAAGGTGTGTGTA
sgRNA_01066,GTGAAATTGCACGGATTGGA
sgRNA_01067,GGAGGTGATCCCAGGTTCTA
sgRNA_01068,GCTGCCAAGGGGACCAACCC
sgRNA_01069,GACAGGGAACCCTAGAACCT
sgRNA_01070,GAGGGCATAGGGGTGAGCTC
sgRNA_01071,GTGGGAGGCAGCTTCCCAGT
sgRNA_01072,GAGGACGCGCCTGGGAGCTA
sgRNA_01073,GGAAGGGCTCATGGAGAAGG
sgRNA_01074,GGGAGCTAGGGCGCGACCGT
sgRNA_01075,GATTCGCTGGCCTCATGGAA
sgRNA_01076,GGCGCACAGCCTCCTACTCC
sgRNA_01077,GGAGGGTCCCAAGCTCTTAC
sgRNA_01078,GGGTCCCAAGCTCTTACTGG
sgRNA_01079,GTCTCCTCCAGTAAGAGCTT
sgRNA_01080,GTAGGAGGGGCCATGAGAGC
sgRNA_01081,GGGCGGCCAACCTGAGGCAG
sgRNA_01082,GGGAACGCTAGAGCTCGCGG
sgRNA_01083,GTGCTACTGCAGATCAGCAG
sgRNA_01084,GGGAGCGAGTTGTCTGAGGG
sgRNA_01085,GGCAAAAATCCATCTGGTGA
sgRNA_01086,GAGGAAGAGAGCGCGAGAAA
sgRNA_01087,GCTCCGGTGGAACGTTAGGG
sgRNA_01088,GAGCCACTGGGAGGGGTCTG
sgRNA_01089,GTGCCCTAGGGGGAGGTGTA
sgRNA_01090,GTCCCAAGAAGGGGAACCAA
sgRNA_01091,GCACCCCCCTAACGTTCCAC
sgRNA_01092,GGTAGAGTAGCAGATGAACA
sgRNA_01093,GGACCCAAGCTCCAGGTGAA
sgRNA_01094,GTCAAAGTGTGACCTTCCAT
sgRNA_01095,GTGAACTACTCCCTCCTCTG
sgRNA_01096,GTCATCTGCTACTCTACTAT
sgRNA_01097,GGGCGCCGGCGGGAGTGTGG
sgRNA_01098,GGCGCGCGCCGTGAGGTCAT
sgRNA_01099,GAGAAAGCGGAGGGGTAACT
sgRNA_01100,GGAGGGAGCTACAATTGTGG
sgRNA_01101,GAAAAACCGTGACCTAGCAA
sgRNA_01102,GTCAGAGTCACAAGCCCCAA
sgRNA_01103,GGTATGATTGGGATCCCTTG
sgRNA_01104,GTCTGAGAGATCGTATGATT
sgRNA_01105,GTAGGGCGACTGCAAAGCCA
sgRNA_01106,GTACAGCCCGGTGCCATCAT
sgRNA_01107,GCTCCCCCAGAGAACGGAGA
sgRNA_01108,GCCAGAGAACGGAGAGGGTA
sgRNA_01109,GTGTGACTCGTGTCTGTTGC
sgRNA_01110,GTGGATGGGATTGCCATCAT
sgRNA_01111,GCAGTGTTAAAGACGTCAGA
sgRNA_01112,GCCCGGGCGCGCAGTCTGAT
sgRNA_01113,GGCGTCCCAGGTCCCAGCGG
sgRNA_01114,GCGGCTAGGCAGGTGCCCCC
sgRNA_01115,GCCCCCGCCGCGGGACTATC
sgRNA_01116,GAGCCCCTTGCCACGGGAAG
sgRNA_01117,GCTGCCCGGTGGCTGCCGGT
sgRNA_01118,GGGGCGGTAGCCGTGCTCTC
sgRNA_01119,GAGCACGGCTACCGCCCCGG
sgRNA_01120,GGGCTCAGAGACCCCCGGGG
sgRNA_01121,GGACTCCCAGCGAGAGCAAG
sgRNA_01122,GGGCGAGGTCTCGACGTCGA
sgRNA_01123,GAGGTCTCGACGTCGAGGGC
sgRNA_01124,GGGCGGGGCCTGCGCAGCGC
sgRNA_01125,GCCGCTAGCCGGCGCTGCGC
sgRNA_01126,GCCAGTAGCCATCACACGGG
sgRNA_01127,GCCACCCGCTCGCCATCGTG
sgRNA_01128,GGGGACGGGCCCTGAGACAC
sgRNA_01129,GGCGAGCGGGTGGTATTGGA
sgRNA_01130,GGGATCCAAGGTCTTGAGAT
sgRNA_01131,GGATGGCGAGCGGGTGGTAT
sgRNA_01132,GAGGTCCCTCAAGGTAGCAG
sgRNA_01133,GAGGATGAACAGGTCTCAGG
sgRNA_01134,GGTGACAGCAAGGTCCCTCA
sgRNA_01135,GGAGATACTGTGTCTAAGAC
sgRNA_01136,GAGGAGGCTGTTGCTCAAGA
sgRNA_01137,GAGGGCGGGCGGCCGTAGAG
sgRNA_01138,GCTAGAGCGCGCACAGGCCC
sgRNA_01139,GTCCCGCGCTGTCCCTCCGT
sgRNA_01140,GGAAACGCCCGGCTGGAAGA
sgRNA_01141,GAGCGCGCACAGGCCCGGGC
sgRNA_01142,GAGCCCAAGCAGGCACCCAC
sgRNA_01143,GTCCACGCTCCCCAGTGCCA
sgRNA_01144,GGGAGCAGAGTGCTGAGACT
sgRNA_01145,GTGACAACCAGCATCGGGTG
sgRNA_01146,GAACCAGCATCGGGTGGGGA
sgRNA_01147,GAAGGGTGCTTACTATGCTA
sgRNA_01148,GCAGTCTTCATTACTTCCAA
sgRNA_01149,GAAAACTTATCCCAAGCGTG
sgRNA_01150,GGCAGTCAAGTTGCTAGACT
sgRNA_01151,GGAAGTAGAATGGTTAGCCT
sgRNA_01152,GGGCTGAGAGTGCACTGATA
sgRNA_01153,GTGGATGAAGGTCATGTCAA
sgRNA_01154,GCATGTCAAGGGAGGTACTC
sgRNA_01155,GCCCTCTCGTAAGATACACT
sgRNA_01156,GGAGAGTGCACTGATAGGGA
sgRNA_01157,GCCAGGCTGAGGTATCGTGA
sgRNA_01158,GAGAAAACAACCCCTGGTAT
sgRNA_01159,GAGAATGAGTCTCAAGGTCC
sgRNA_01160,GTCCCAGCAGGTGACATTGG
sgRNA_01161,GTCAGGACATTCCTATACCA
sgRNA_01162,GGACTGAAGGGCCCCAGGAT
sgRNA_01163,GCCGCGGAATGCTGACTGAA
sgRNA_01164,GGTGCCCCCACCAAATGCAG
sgRNA_01165,GAGAGAGCGGGCGGTGCCAA
sgRNA_01166,GTCAACCACTGCATTTGGTG
sgRNA_01167,GTAACCCGAGTGGGTCTAGG
sgRNA_01168,GGGGAGAAGCTCAGGCTTCA
sgRNA_01169,GCAAGTGGGAGAAAGAACGT
sgRNA_01170,GAGCCCGCCCGGGGTCACGT
sgRNA_01171,GTCGGTGAGGAGGTGCAAGG
sgRNA_01172,GGTGGGCGAGGTAAGAGCTG
sgRNA_01173,GGGGACTGAGGGCCCCTTTA
sgRNA_01174,GGGGTGGGAGCCAGAAGGGG
sgRNA_01175,GCCTGCTGGAAAACCCCTAA
sgRNA_01176,GCAGCAGGCAGCTCCTCACT
sgRNA_01177,GGGAAAGGGCCCCACTTGAG
sgRNA_01178,GCCTGCTGGAGCAGGGATAC
sgRNA_01179,GCCATCAGGAGTAGATGATC
sgRNA_01180,GGTGGGCGAGGTAAGAGCTG
sgRNA_01181,GCACTTGAGGGGGGTCCATC
sgRNA_01182,GCCCCCAGCCACAGTTACAG
sgRNA_01183,GCAATGGGAACTCTTGTCTC
sgRNA_01184,GAACAGCAAGTGCAGGTCTA
sgRNA_01185,GGCCTCTGTAACTGTGGCTG
sgRNA_01186,GGAGTTCCCATTGAGGAAGA
sgRNA_01187,GTTACTGTAACATCCTCCAG
sgRNA_01188,GCATAACATTGTGTCCTCGG
sgRNA_01189,GGTCTCTCAGCCCTCGCTGT
sgRNA_01190,GCTCCCAGGTATTGGAAGAG
sgRNA_01191,GAAACATAACATTGTGTCCT
sgRNA_01192,GGACAGTGGTACTTACAGGC
sgRNA_01193,GGATTACGAGTCAATCAAAA
sgRNA_01194,GTGGCTGAGTCAGAGGTAAA
sgRNA_01195,GTGTAGCCTGAACTTATGAT
sgRNA_01196,GTAATCCATGGCTGAGTCAG
sgRNA_01197,GCTGGTGAATGGGGATGTGG
sgRNA_01198,GTCTCCGGAAGGGCGTTCGG
sgRNA_01199,GGGCCTGAGTGGCACCTAAG
sgRNA_01200,GGCGCTGGTGAATGGGGATG
sgRNA_01201,GTCAAAGGCGCTGGTGAATG
sgRNA_01202,GCCTCCCTGAACCTTAGTCA
sgRNA_01203,GAGGCTGGCAAAACCCAAAC
sgRNA_01204,GGTAGGGGACGCAGGAAGGG
sgRNA_01205,GAGTCCCTGACTAAGGTTCA
sgRNA_01206,GTGAAGAGAAGTGACTCCAA
sgRNA_01207,GAGGTGGGCAGGGTCTGAGA
sgRNA_01208,GGTGGTCCTAACTGGAGAGT
sgRNA_01209,GCCCAGAAGTGCTACTGGAT
sgRNA_01210,GAAGGACAGGCAAGGCCAAT
sgRNA_01211,GCCAATGGGGTGAGACAAAT
sgRNA_01212,GGGCTCGCCAGCACCGGCAC
sgRNA_01213,GGGGCCAGGTCGGTTTTGAA
sgRNA_01214,GAGGGCCCGGAGAACTCCGA
sgRNA_01215,GAGGGGAGAGGCGGGCGCAG
sgRNA_01216,GGTGTCTGAGAGTTGGGCGC
sgRNA_01217,GCCGCCGGGGCGCGTGGACA
sgRNA_01218,GGGGAAAATGGTTGTTGTTC
sgRNA_01219,GCCCCGGCGGCCTCGCTGAT
sgRNA_01220,GGGACACGGTGTGCTCCTAG
sgRNA_01221,GGACCCTGAACCTCATCCAG
sgRNA_01222,GGTTACAGAGGCCACGCCAG
sgRNA_01223,GGAAGAGAACTGCCAGGTAG
sgRNA_01224,GGAAGGAGCTAAGGACAGAC
sgRNA_01225,GTGTGTCTCTGCCCCTGGCG
sgRNA_01226,GTCCAAGTTTGAAACCAGAT
sgRNA_01227,GACCCTGCGCAAGTAGAGGA
sgRNA_01228,GGGGAGGAGGCATCTCACAT
sgRNA_01229,GGGGAAGGGTGGTCTGTGAG
sgRNA_01230,GAGCGTCAGAGGATACAGTG
sgRNA_01231,GGACGCTCCGGTCCGGGGAA
sgRNA_01232,GCGAAGGCGAGACAGCACTG
sgRNA_01233,GCAAACGCAGGAAATGGTTG
sgRNA_01234,GGGGAAGATGGGTAAGCTAA
sgRNA_01235,GTCAACGCGCCCTGCTTTAT
sgRNA_01236,GCCTTCCTAAGGTACCGAGA
sgRNA_01237,GTGACCTCCAGGCAGTGGGT
sgRNA_01238,GTGAGCCCCCACCCACTGCC
sgRNA_01239,GAGTGGGTGGGGGCTCACTT
sgRNA_01240,GGGGTGGGGGCTCACTTAGG
sgRNA_01241,GTCACACGTGAGGTTATGAC
sgRNA_01242,GAAGCCCAGCAACTTTCCTA
sgRNA_01243,GAAGTTGCTGGGCTTGTGGT
sgRNA_01244,GAAGGGCTTCTGATACCGAT
sgRNA_01245,GTGGGAAGAGAATCTCTATA
sgRNA_01246,GCAGAGATTGCAGGGGGGTT
sgRNA_01247,GGAACCCTAAGGAGTAGGGG
sgRNA_01248,GCGCAAGTCCGGGACCGCTA
sgRNA_01249,GCACAAAGGCATATAGGTGT
sgRNA_01250,GGGGCCTGACTCACGGTAGG
sgRNA_01251,GCCGCCTGCAAAAGAGAGAT
sgRNA_01252,GAGGCCCCGGAGGCTCGTGT
sgRNA_01253,GCGGGGCCTGCCGGACACAC
sgRNA_01254,GGGACACACTGGCTTGTCTC
sgRNA_01255,GTAGGGACTTGGAACGTGTC
sgRNA_01256,GGCTGCGGAGCGCACAGCTA
sgRNA_01257,GGGAGGGGTGGACAAGTGTC
sgRNA_01258,GGCCGAGTGAGGGGTACAGG
sgRNA_01259,GAGGCGGGTAGGAAGCACAG
sgRNA_01260,GCTTGGCTCTGGTGGGAACC
sgRNA_01261,GACCGAGACAGCTTCCAAGC
sgRNA_01262,GGGAAACTTCAGTGTCTCAT
sgRNA_01263,GTCTAGTTAGACAGTCACGG
sgRNA_01264,GACCGCGCCTGGAGTCTGAT
sgRNA_01265,GAGACTCCAGGCGCGGTCAG
sgRNA_01266,GTAACAGTGGGCTCTGCGGG
sgRNA_01267,GCCCGCCCGGCCCACAACTC
sgRNA_01268,GCGGCCCACAACTCCGGCTC
sgRNA_01269,GACAACTCCGGCTCTGGGAA
sgRNA_01270,GAGCAGCCAATCAGCGCCCG
sgRNA_01271,GACACCCTGGAAGCGACCTG
sgRNA_01272,GGGGGCGGGCGGGGCCCTGG
sgRNA_01273,GGCGAGGCTCCAAACCCCCA
sgRNA_01274,GGGGCGGGGCAGCGCCGCGG
sgRNA_01275,GCGTGGGTGCGCGGGGTGAA
sgRNA_01276,GGTGTGTCGGTGTTCGTAGA
sgRNA_01277,GGGGAGAGGTGTAATTAGTG
sgRNA_01278,GGACGAGGCGACTAAGGAGA
sgRNA_01279,GAGGAGCCCTGGAAGTCGCG
sgRNA_01280,GGCCCTGGACGAGGCGACTA
sgRNA_01281,GGGGAGCCTCGCGACTTCCA
