"sgRNA_00001,GGTGTTGTAAGATGATACAA,0610040J01Rik"
"sgRNA_00002,TTGGAAGGGACCCAGATGGT,0610040J01Rik"
"sgRNA_00003,TGAAGTAAACAACTGCAAGT,0610040J01Rik"
"sgRNA_00004,CCAGAGCTGGGGATAATCTG,0610040J01Rik"
"sgRNA_00005,AGACCCCCACACCTACAACG,0610040J01Rik"
"sgRNA_00006,GTTGCAGGTATATTGCAAGT,4930550C14Rik"
"sgRNA_00007,GAAGCTTTGTGTAATCTCTA,4930550C14Rik"
"sgRNA_00008,GCCGTGTAGAGAACAACGGC,4930550C14Rik"
"sgRNA_00009,GTGTAGAGAACAACGGCTGG,4930550C14Rik"
"sgRNA_00010,GATGCCACTTGAAAGCGGAG,4930550C14Rik"
"sgRNA_00011,GAAGCACAGGAAGCCCACTA,a"
"sgRNA_00012,GTTGGGGTTGAGTACTCGAC,a"
"sgRNA_00013,GCACAGGAAGCCCACTAGGG,a"
"sgRNA_00014,TAGGGTGGCCAGGAGTAGGC,a"
"sgRNA_00015,GCAGAAAAGAAGCCGAGAAG,a"
"sgRNA_00016,GAAAACCATTGGCTCCCTGG,AA986860"
"sgRNA_00017,TGGAGGCTGAGGCTGACAGT,AA986860"
"sgRNA_00018,AGAACAGACACACACACCGC,AA986860"
"sgRNA_00019,GGGGTATGAGAACTGTGCTC,AA986860"
"sgRNA_00020,GAGAGGCTCTGGAAAAGCTA,AA986860"
"sgRNA_00021,GCTGACAGCCAAAATGACAA,Abcb1b"
"sgRNA_00022,GCTCCTGGGACACAATGCCA,Abcb1b"
"sgRNA_00023,TCGCTTGGTGAGGATCTCTC,Abcb1b"
"sgRNA_00024,GATAGGCATTGCCTACCTGT,Abcb1b"
"sgRNA_00025,GAAAATACTATGGCAAACAC,Abcb1b"
"sgRNA_00026,GTAGACACCGAGCCTTACGG,Abcc3"
"sgRNA_00027,GTCATCCAGCAAAAAAATGT,Abcc3"
"sgRNA_00028,GGAGCTCAGGAACATCAGTC,Abcc3"
"sgRNA_00029,GAACAAAGACAGGGACACAA,Abcc3"
"sgRNA_00030,GCTGTGGTGTGTCTCATGGG,Abcc3"
"sgRNA_00031,TGGACCACAAATCAGAACGT,Abcd3"
"sgRNA_00032,AGGAGAGAAACAAAGAATGG,Abcd3"
"sgRNA_00033,GAAGAGGGGGATCTCTGACC,Abcd3"
"sgRNA_00034,TAGCCCAGAAACAAGCAAGT,Abcd3"
"sgRNA_00035,AGTGTTCCCAGGGTCATATA,Abcd3"
"sgRNA_00036,AGAGAGCCAGAGTCCACCAG,Acer2"
"sgRNA_00037,TGTTGAAGCACGTTGCGTAC,Acer2"
"sgRNA_00038,CCTGCGGGCTGGCAGTTCGG,Acer2"
"sgRNA_00039,CAGGTAGGGGAAGTGAAAGG,Acer2"
"sgRNA_00040,AACAAGCACATGCAGATGGG,Acer2"
"sgRNA_00041,AGAGCCATTGTCGCACACCA,Acta2"
"sgRNA_00042,ATGTCTGGGACGTCCCACGA,Acta2"
"sgRNA_00043,AGCCTCACCAGTAGTCACGA,Acta2"
"sgRNA_00044,TGTACGTCCAGAGGCATAGA,Acta2"
"sgRNA_00045,GTCACGGACAATCTCACGCT,Acta2"
"sgRNA_00046,GTCCAGACCAGTCAGTAAGA,Adamts16"
"sgRNA_00047,GCCTATGAAGTAGACCACAG,Adamts16"
"sgRNA_00048,AGATCTCTTGTACAGAACAT,Adamts16"
"sgRNA_00049,GATTCATGGTGCAAACTCTG,Adamts16"
"sgRNA_00050,GGAGCACTCAGAGCGTACGA,Adamts16"
"sgRNA_00051,GATGCACACGTGGCGCATGT,Adgrf4"
"sgRNA_00052,AGTGATGACCGCGATCACAA,Adgrf4"
"sgRNA_00053,GGAGATGCTGAGTCCAATGA,Adgrf4"
"sgRNA_00054,GGAGGATCACAAGTGGTGTG,Adgrf4"
"sgRNA_00055,AGTGGGGCCAAGGATATGGT,Adgrf4"
"sgRNA_00056,GAACTGGGGACTCTCTGTCA,Adgrg6"
"sgRNA_00057,AGAATGTTCAGAAACAGTGG,Adgrg6"
"sgRNA_00058,GTAGCCGGCAGGGGCTCGGA,Adgrg6"
"sgRNA_00059,GAATGTCGCCATGTTCATTG,Adgrg6"
"sgRNA_00060,CGTTATCTGAATGATGTAGC,Adgrg6"
"sgRNA_00061,GAAACGGCCACGATGAGCGC,Adgrl3"
"sgRNA_00062,TGTGGTTTAAGACCAGACAG,Adgrl3"
"sgRNA_00063,GATTTGTGGGATTCTGTATG,Adgrl3"
"sgRNA_00064,CACAGTGTCAAGCAACATGG,Adgrl3"
"sgRNA_00065,AGGCCCAGGTCAATCCTAAC,Adgrl3"
"sgRNA_00066,GGATAACTGTGACAACACGC,Agbl3"
"sgRNA_00067,ACGGTGGCCATACCACTGTG,Agbl3"
"sgRNA_00068,CATCAGGAACAGCTTCACGC,Agbl3"
"sgRNA_00069,GGACAGGAAGGGTTGTAATG,Agbl3"
"sgRNA_00070,TAGGTTAATGGAGAAACGAG,Agbl3"
"sgRNA_00071,GCTTTGGAAACCCTTCCACG,Alcam"
"sgRNA_00072,GGTTCTGAGGTACATCGAGA,Alcam"
"sgRNA_00073,GTAGACGACACCAGCAACGA,Alcam"
"sgRNA_00074,GACCAGGCAAAACTGATTGT,Alcam"
"sgRNA_00075,TAAAACTATAATCTGCCACG,Alcam"
"sgRNA_00076,GAAGAGATCAGACAGAGTTG,Aldh1l2"
"sgRNA_00077,TGAACACTCCCACTACTCGG,Aldh1l2"
"sgRNA_00078,AGAACTGCATTGCAGCTGGG,Aldh1l2"
"sgRNA_00079,GTATGTGAGTGACAAGCTAG,Aldh1l2"
"sgRNA_00080,AGGCTGGTGTGACAAAATTC,Aldh1l2"
"sgRNA_00081,GACACCACATAGATAAGCAG,Als2cl"
"sgRNA_00082,GCAGTGGAGTGACCACCACG,Als2cl"
"sgRNA_00083,TGTCACATACCACAACCGCT,Als2cl"
"sgRNA_00084,GAGGACGACTCTCTGTACGA,Als2cl"
"sgRNA_00085,GGACAGCCAGGACATCCCCG,Als2cl"
"sgRNA_00086,GCTTACATCGCTGATCACCT,Ank2"
"sgRNA_00087,AAGAGAACTGGATTTCACTG,Ank2"
"sgRNA_00088,AGGGATGGGAAGCATGCCAC,Ank2"
"sgRNA_00089,TGATGAGAATGGACACACCG,Ank2"
"sgRNA_00090,GCCACGCACTGCTCAAGTAC,Ank2"
"sgRNA_00091,AGAGGGATTAGCCAGTAGGC,Ank3"
"sgRNA_00092,TGAGCGGACGGATATCAGGA,Ank3"
"sgRNA_00093,AAGGAGAGGGATTAGCCAGT,Ank3"
"sgRNA_00094,AGGAAAGACAGGCGGCCACA,Ank3"
"sgRNA_00095,GTTTATGTCTCTTTACCAGG,Ank3"
"sgRNA_00096,GCTTCGGAGGCAATACACAG,Ankrd24"
"sgRNA_00097,GGCACGATTCAAGAAAACAG,Ankrd24"
"sgRNA_00098,AGAGTTGCTTCAGACACTCT,Ankrd24"
"sgRNA_00099,GACTCACCTGAATGGCATAC,Ankrd24"
"sgRNA_00100,GGTTCCACTTAGCAGCCATG,Ankrd24"
"sgRNA_00101,TGGCCACATAGACTGTGTGA,Ankrd29"
"sgRNA_00102,AGGATGGAACCGCGCCACTG,Ankrd29"
"sgRNA_00103,GGAGGCGATCCACAGTGGCG,Ankrd29"
"sgRNA_00104,ATCTGGGAGGCGATCCACAG,Ankrd29"
"sgRNA_00105,GTCTATGTGGCCAGCATAGG,Ankrd29"
"sgRNA_00106,AGAGCGTACTGAGTACCTGG,Anpep"
"sgRNA_00107,GATGTAGGCCAGCAGGTATG,Anpep"
"sgRNA_00108,AGCACCCAGATATTCCACGT,Anpep"
"sgRNA_00109,TGGGGCCGTAGACCTCCGAG,Anpep"
"sgRNA_00110,GTAGACAGTAGACCGAAGGT,Anpep"
"sgRNA_00111,AGAGGCATTTGGCAAAGTGA,Apoc1"
"sgRNA_00112,GAAGGAGTTTGGGAACACTT,Apoc1"
"sgRNA_00113,TGTGGTCGTAGCCATGACCT,Apoc1"
"sgRNA_00114,GCTACGACCACAATCAGGAC,Apoc1"
"sgRNA_00115,CAATGTTCCGGACAAATCCG,Apoc1"
"sgRNA_00116,GTTGTTATAAGGGTCAACGA,Aqp3"
"sgRNA_00117,GGCCAGTACACACACAATAA,Aqp3"
"sgRNA_00118,CAGTACACACACAATAAGGG,Aqp3"
"sgRNA_00119,TAGATGGGCAGCTTGATCCA,Aqp3"
"sgRNA_00120,GCACATTGCGAAGGTCACAG,Aqp3"
"sgRNA_00121,TGGCAGTGAACTCTCCACAG,Areg"
"sgRNA_00122,GAGAAACAGAAGAAAGAAGG,Areg"
"sgRNA_00123,AGGGGACTACGACTACTCAG,Areg"
"sgRNA_00124,GGAGGCTTCGACAAGAAAAC,Areg"
"sgRNA_00125,GGTAGCAGCGGAGTTCTCAT,Areg"
"sgRNA_00126,TGCGCCGCAGCACCGAGCAC,Arhgap27"
"sgRNA_00127,ATTTGACAGGACCAGCCAGG,Arhgap27"
"sgRNA_00128,GAATACACAGTCGAACTGAA,Arhgap27"
"sgRNA_00129,GGTAACTGGCCAGTAATTCG,Arhgap27"
"sgRNA_00130,GCAATGCATCCGCACCGTCG,Arhgap27"
"sgRNA_00131,GCAGAGCGAAGGCAGCTACG,Arhgef10l"
"sgRNA_00132,GAAGGAGGAGGAGATTCACT,Arhgef10l"
"sgRNA_00133,CGGACCGAGTCACCCTCTAT,Arhgef10l"
"sgRNA_00134,ATACTCTATGCAGAGCACAG,Arhgef10l"
"sgRNA_00135,GCTGCCTTCGCTCTGCACGA,Arhgef10l"
"sgRNA_00136,GCAAGGTGGACACTCCACAC,Arhgef28"
"sgRNA_00137,GCAGCTGGACCACAGCACGG,Arhgef28"
"sgRNA_00138,TGTCCCGGGAACGTTCTCCG,Arhgef28"
"sgRNA_00139,GATCCGAAATAGCAACCTGT,Arhgef28"
"sgRNA_00140,TGATGCGCTGGGTAACTAGC,Arhgef28"
"sgRNA_00141,CGTGCTGGGAGCGTGCTCGG,Artn"
"sgRNA_00142,GGACCCGGGAGGCGACCGTA,Artn"
"sgRNA_00143,AGGGCTAGAACAGCTAGGGT,Artn"
"sgRNA_00144,GCGGAAACGTATCAGCTCGT,Artn"
"sgRNA_00145,GACTGGAGCGCGGGACCAGG,Artn"
"sgRNA_00146,GAACGAGGAACAGTACACCC,Asap2"
"sgRNA_00147,GACCAAGGAGATCATCTCGG,Asap2"
"sgRNA_00148,AGGTTGGTAGAGAGCCACGT,Asap2"
"sgRNA_00149,GAAAGAACTTACGTGATATG,Asap2"
"sgRNA_00150,GCAAGTCAGGATGCCCAGGT,Asap2"
"sgRNA_00151,GTTTGCAGATAAGCACCAAG,Atp8b1"
"sgRNA_00152,GACGACAGGTAGTAAGCACA,Atp8b1"
"sgRNA_00153,GCTGATAAAATCCTGTTACG,Atp8b1"
"sgRNA_00154,GAAATTCAGGAATCCCCGGT,Atp8b1"
"sgRNA_00155,GGACCCCAGAAGGTAGTATC,Atp8b1"
"sgRNA_00156,TGTATGTGGAGAGGGCAAAG,Atr"
"sgRNA_00157,AAAATCAAGTAACATCACAG,Atr"
"sgRNA_00158,ATGAAATGGTTGGAGAATGC,Atr"
"sgRNA_00159,AAAGCGGCCAACTAGCAGTG,Atr"
"sgRNA_00160,GCTACAGCCAGAGTATCCTG,Atr"
"sgRNA_00161,GAATGGCCTCTGGGCCACAG,Baalc"
"sgRNA_00162,AGACGGACTGTCCTCTAACG,Baalc"
"sgRNA_00163,GCAGATGGACAGAAGTAAAA,Baalc"
"sgRNA_00164,TGGGTTGGCTATTCCACCCG,Baalc"
"sgRNA_00165,CAGAGAAGAAGATGAACTGT,Baalc"
"sgRNA_00166,CGTGATGGAAGGCTTCTACG,Bace2"
"sgRNA_00167,GTCACTGTGAAGTACACACA,Bace2"
"sgRNA_00168,TGGTCTTTGACAGAGCTCAG,Bace2"
"sgRNA_00169,GTTTGTATAAAGGAGATATC,Bace2"
"sgRNA_00170,TGGAAGCAGTAACTTCGCTG,Bace2"
"sgRNA_00171,AGGGTGGAGCCACTCCACAG,Bcor"
"sgRNA_00172,GATGTTATAACACGGCAAGA,Bcor"
"sgRNA_00173,GATCACAGGCGACTACTATG,Bcor"
"sgRNA_00174,CAGCTGGATGAACAGCGAGA,Bcor"
"sgRNA_00175,GACACTTGGATGTTATAACA,Bcor"
"sgRNA_00176,AAGGGCCCGAACATACGATT,Bdnf"
"sgRNA_00177,GCTGCAGGGGCATAGACAAA,Bdnf"
"sgRNA_00178,TGTACACTGACCATTAAAAG,Bdnf"
"sgRNA_00179,GTGTGACAGTATTAGCGAGT,Bdnf"
"sgRNA_00180,GGGGCATAGACAAAAGGCAC,Bdnf"
"sgRNA_00181,AGCCTGGGAAGATTAACCTG,Bnc2"
"sgRNA_00182,AGAGATGCACGTCTGCACGG,Bnc2"
"sgRNA_00183,GAAGTGCTGCACATACTACA,Bnc2"
"sgRNA_00184,TCAGTGTAAACATGGCTGGG,Bnc2"
"sgRNA_00185,GCACAATCTCCACTTGAGTG,Bnc2"
"sgRNA_00186,AGGGAGACTGACACCCAAGG,Brsk1"
"sgRNA_00187,ATGGCCGCCGGGCAGACATG,Brsk1"
"sgRNA_00188,CGTGGAGCTTGAGCACGTGC,Brsk1"
"sgRNA_00189,GTTCTTGAGCACGTTTCTGG,Brsk1"
"sgRNA_00190,CGTGAACAGGGAGAAGCTGT,Brsk1"
"sgRNA_00191,GGTTATTGGCCACTGCCGTG,Calcrl"
"sgRNA_00192,TTGGTGTGTAACTTTCAACT,Calcrl"
"sgRNA_00193,GCAATGGCGTGGATGCAGGC,Calcrl"
"sgRNA_00194,GTAGGAGCCTAAGTTGCCAA,Calcrl"
"sgRNA_00195,AGTTAGGTAGAACAGATTCA,Calcrl"
"sgRNA_00196,GGTGGAAGGATACATCCATG,Capn1"
"sgRNA_00197,GTACCACTCAGTGACCCCAC,Capn1"
"sgRNA_00198,GCAGCTGAGGGTCAAGATGG,Capn1"
"sgRNA_00199,GCTCCATCCACGATGAACTG,Capn1"
"sgRNA_00200,GGGGCCTACCCAGTGCTCCC,Capn1"
"sgRNA_00201,GTTACAGGTGAGGTCCAAGG,Cblc"
"sgRNA_00202,AGGGACTGGAACTCAGCCCA,Cblc"
"sgRNA_00203,GTAGATGGCCAGAAAGTCAT,Cblc"
"sgRNA_00204,GGCCAAGCTGTACCCGCCTG,Cblc"
"sgRNA_00205,ATTCTGCCTCCAGAAGATGT,Cblc"
"sgRNA_00206,GCTCCGGAACTATGTCCCAG,Ccdc12"
"sgRNA_00207,CTTACGGATCAGCTCCGCGA,Ccdc12"
"sgRNA_00208,CAGGGATCTCAAGAGAGATG,Ccdc12"
"sgRNA_00209,GCGGACCCAGAGAGCCATCG,Ccdc12"
"sgRNA_00210,TGAGCGGCTAAAAGGCCAGG,Ccdc12"
"sgRNA_00211,GATGAAGAAGGTCAAGACCC,Ccdc62"
"sgRNA_00212,GCAGTCTGAAATGTGATTGA,Ccdc62"
"sgRNA_00213,GGAGCTGAAAGACCGCGATA,Ccdc62"
"sgRNA_00214,GCCGGTATAAGGTCGCCGAA,Ccdc62"
"sgRNA_00215,CGATAAGGAGCTCAATGACA,Ccdc62"
"sgRNA_00216,AAGGAAGATATATAGAGCGG,Ccser1"
"sgRNA_00217,GAGAAGGAAGATATATAGAG,Ccser1"
"sgRNA_00218,CTGTACAGGACATTACAGAG,Ccser1"
"sgRNA_00219,AGAATATCTAAAACGGTCCT,Ccser1"
"sgRNA_00220,GCTTGAGAAAGCACAGAACG,Ccser1"
"sgRNA_00221,GCTTGACTCACGCTTTACTG,Cd99l2"
"sgRNA_00222,GGGTGGCCAAGGAGAAAACG,Cd99l2"
"sgRNA_00223,CTGCTGGTAGGAGATGTAGC,Cd99l2"
"sgRNA_00224,GATGATCGAAATGATCTAGA,Cd99l2"
"sgRNA_00225,CCTCAATGCAGACTACGTGA,Cd99l2"
"sgRNA_00226,AGTGCAGAGCAGTCACCCAG,Cdc42bpg"
"sgRNA_00227,GGAGACTGAGAGCAACTGGG,Cdc42bpg"
"sgRNA_00228,AAGTGAAGCCAACAAATGGC,Cdc42bpg"
"sgRNA_00229,GTAGGGGATGGAAAACTCCG,Cdc42bpg"
"sgRNA_00230,GGTCTCAAGAGGCTACCTGC,Cdc42bpg"
"sgRNA_00231,GAAGCAGATGATGAGTACCA,Cdcp1"
"sgRNA_00232,AGGCTCCACCACCAACCCAG,Cdcp1"
"sgRNA_00233,GAAGTTGAGGAAGGAGACAC,Cdcp1"
"sgRNA_00234,AGCACCCAGGAACAAACCTG,Cdcp1"
"sgRNA_00235,GGCGTGTCAAGTCATCGCAC,Cdcp1"
"sgRNA_00236,GTTTCTACGGAGGAGAACGG,Cdh1"
"sgRNA_00237,GCAGGACGGGGACGATACTG,Cdh1"
"sgRNA_00238,GGAGCTGACAAACCCCCCGT,Cdh1"
"sgRNA_00239,GACGGTCAACAACTGCATGA,Cdh1"
"sgRNA_00240,TGAACCACCAGAGTGTATGT,Cdh1"
"sgRNA_00241,GTATGAGGGGAATGGCTCAG,Cdh12"
"sgRNA_00242,AGGCAGTGGACATAGAAACC,Cdh12"
"sgRNA_00243,TGAGCACGAAGAGTGTAGAA,Cdh12"
"sgRNA_00244,GCCCAGCAGAGTGAAAGCGG,Cdh12"
"sgRNA_00245,GTCTTTGACGAGATAAACAG,Cdh12"
"sgRNA_00246,AGAAGAAGTAGTTCACACAC,Cds1"
"sgRNA_00247,GACATGGCGGGATAATGGAC,Cds1"
"sgRNA_00248,GGGCGAAGGATATGAACCTG,Cds1"
"sgRNA_00249,GATCATCACCATCGGGTACC,Cds1"
"sgRNA_00250,CTGGTACTTGGACAACACAT,Cds1"
"sgRNA_00251,CGCCACTGTGATGAGCACAG,Celsr2"
"sgRNA_00252,AGTCACACAAGAGACAAGTG,Celsr2"
"sgRNA_00253,TGAGTAACAGAGGTCCACCT,Celsr2"
"sgRNA_00254,GGCGCTGATCAGCACCACTG,Celsr2"
"sgRNA_00255,ACAGGATGTACACTTCACGG,Celsr2"
"sgRNA_00256,AGTTACCTGTGACTTTAGGG,Cep112"
"sgRNA_00257,GAATATGAAACAAAATTCAA,Cep112"
"sgRNA_00258,AATATGAAACAAAATTCAAG,Cep112"
"sgRNA_00259,GTTACATCACAAAGAACTGG,Cep112"
"sgRNA_00260,GTCTCTAAGACAAGAACTTG,Cep112"
"sgRNA_00261,GCAGAGGGAGATACAGACGT,Chd1"
"sgRNA_00262,GTCTCACATCCACAACACAT,Chd1"
"sgRNA_00263,GGAAACGGCCGAAGAAACGT,Chd1"
"sgRNA_00264,GCAGACTTGGAAAAGTGAAG,Chd1"
"sgRNA_00265,ACTTAGATACAAAAATCCAC,Chd1"
"sgRNA_00266,AGATTAAGCAGCAACCCGCA,Cldn23"
"sgRNA_00267,GCTTAATCTTGTCAGTACAC,Cldn23"
"sgRNA_00268,TTGCCAACAGCGCACACCGA,Cldn23"
"sgRNA_00269,AGTGGTTATACCAGGAGACC,Cldn23"
"sgRNA_00270,TGGACGTGGTGCTGTACCAG,Cldn23"
"sgRNA_00271,TGGCAGATGAGCTCCTATGC,Cldn7"
"sgRNA_00272,CGAGCACTGCCATCCCTCAG,Cldn7"
"sgRNA_00273,GACAATCTGATGACCAATCC,Cldn7"
"sgRNA_00274,GAGCTGCAAAATGTACGACT,Cldn7"
"sgRNA_00275,TGTGCACTTCATGCCCATCG,Cldn7"
"sgRNA_00276,GCTGGACAACCAGATAACTG,Colec12"
"sgRNA_00277,AGTCTGTGAGGCCGATCCAA,Colec12"
"sgRNA_00278,TGGATAAAAAAGCATACCGT,Colec12"
"sgRNA_00279,GGGAGAGAAAGCCATTGGAT,Colec12"
"sgRNA_00280,GGATAAAAAAGCATACCGTG,Colec12"
"sgRNA_00281,GAAGGCCTTATCCAGAACTG,Cped1"
"sgRNA_00282,CGGGACTGAGTTCTAAACGG,Cped1"
"sgRNA_00283,GATTCTTAAGGCATATGTGT,Cped1"
"sgRNA_00284,GAATGAATGAAGGCCCGCAA,Cped1"
"sgRNA_00285,GCAGGATTTCAGCACAAACC,Cped1"
"sgRNA_00286,GAAGAGCATCAGAAGCAAGA,Cpq"
"sgRNA_00287,GCAGGTCAGAATACCCCACT,Cpq"
"sgRNA_00288,ATGTAGCTCATAATACTGGG,Cpq"
"sgRNA_00289,AGCATTGGGACTCCCCCAGG,Cpq"
"sgRNA_00290,AGCAGGTCAGAATACCCCAC,Cpq"
"sgRNA_00291,AGGCCTTGAAGAGAGTACGC,Creb3l1"
"sgRNA_00292,AGGGGCAGTGAGGAGCGGAG,Creb3l1"
"sgRNA_00293,GGAGAAGCGGACCTTGATCG,Creb3l1"
"sgRNA_00294,GGATCCCGGGAACAGCCTGT,Creb3l1"
"sgRNA_00295,GATCTCCAGACCGTACAAGA,Creb3l1"
"sgRNA_00296,GTAGAGATGATAGAGAGCCT,Creb5"
"sgRNA_00297,AGTGTCCATGTTGAAAAACG,Creb5"
"sgRNA_00298,GACGGCAGAAGATCCTGGCA,Creb5"
"sgRNA_00299,GTGAGTTGTAAGCTGACTGA,Creb5"
"sgRNA_00300,GAAATTTCTGGAAAGGAACC,Creb5"
"sgRNA_00301,GAACGTGGGAAGAACATGTG,Ctsh"
"sgRNA_00302,GGTACTTCCTCATTGAACGT,Ctsh"
"sgRNA_00303,CTGGACTTTCTCTACCACGG,Ctsh"
"sgRNA_00304,GCATCAAAAGACGTACAGCT,Ctsh"
"sgRNA_00305,TGGATTGTGAAAAACTCTTG,Ctsh"
"sgRNA_00306,GATGGCTGGGATCACCCAGT,Cyb5a"
"sgRNA_00307,GAAGTCCTAAGAGAGCAAGC,Cyb5a"
"sgRNA_00308,GGATGTGAAGTACTACACCC,Cyb5a"
"sgRNA_00309,GTCCAAAACATACATCATCG,Cyb5a"
"sgRNA_00310,TGAGGACGTCGGGCACTCTA,Cyb5a"
"sgRNA_00311,GCTGGACATCGGTGACGCTG,Dand5"
"sgRNA_00312,GGCTCGAAAGCGCTGGACAT,Dand5"
"sgRNA_00313,TCGGCGGGTGAGGATTTCCA,Dand5"
"sgRNA_00314,GGAAATCCTCACCCGCCGAG,Dand5"
"sgRNA_00315,AGCAGTCCCGGACTGAACAG,Dand5"
"sgRNA_00316,GAAGCCATTAAACTAGACTC,Dclk2"
"sgRNA_00317,GACAATGTGAACCTGCCCCA,Dclk2"
"sgRNA_00318,GCACCCCAACATCATCATGT,Dclk2"
"sgRNA_00319,TAGATGGTGCGGACGCCCTG,Dclk2"
"sgRNA_00320,TGAGAGAGATGGAAGCGCCA,Dclk2"
"sgRNA_00321,GGCACACACATACATCCCTG,Dennd2d"
"sgRNA_00322,GGAGGTAACAGCCTTACAGA,Dennd2d"
"sgRNA_00323,CTGTACCCCAACCATGAAGG,Dennd2d"
"sgRNA_00324,GACACTTACCGACAATAAGA,Dennd2d"
"sgRNA_00325,GTCATCTACCCATTCATGCA,Dennd2d"
"sgRNA_00326,GCAGAATGAAGAACAAGCTT,Dgka"
"sgRNA_00327,AGATGGGCCAGATCTATACC,Dgka"
"sgRNA_00328,CTGGGGTAGATGGAACACGG,Dgka"
"sgRNA_00329,ATCACTGAGACAGATCACAT,Dgka"
"sgRNA_00330,CAGTTCCGGATATTGGTGTG,Dgka"
"sgRNA_00331,AGGACAGTCCAACAGCCCCA,Dhrs3"
"sgRNA_00332,GGTCCACGGGAGCAAGAGAA,Dhrs3"
"sgRNA_00333,GGTCCATGGAAAAAGCTTGA,Dhrs3"
"sgRNA_00334,GCTCTGCGAACTCCCGAGCG,Dhrs3"
"sgRNA_00335,GCGGACTGAAAAATGCCTCA,Dhrs3"
"sgRNA_00336,TATCTTGTAAAACAATCCAG,Dmd"
"sgRNA_00337,AAGATCTGAATACCAGATGG,Dmd"
"sgRNA_00338,GAATGGAAAATGCAAAACTT,Dmd"
"sgRNA_00339,TGTTAAAGGATTCAACACAA,Dmd"
"sgRNA_00340,GTAGTGGTTGATGAATCCAG,Dmd"
"sgRNA_00341,GAAGTGCTCCAACAATGGAT,Dpt"
"sgRNA_00342,GCTTTGGGGTGTAGGCATGC,Dpt"
"sgRNA_00343,TGCTTCTTACCATTCCATGC,Dpt"
"sgRNA_00344,CTGGTGGGAGGAGATCAACA,Dpt"
"sgRNA_00345,TGGGAGGAGATCAACAGGGC,Dpt"
"sgRNA_00346,GACATCACTGAGTGGCACAA,Dpysl2"
"sgRNA_00347,GGTGTATGGTGAGCCCATCA,Dpysl2"
"sgRNA_00348,GGAGTGTCGCGGCTCCCCAC,Dpysl2"
"sgRNA_00349,TCACTTTGGTGACATACAGA,Dpysl2"
"sgRNA_00350,TGAGCCCGGGACGAGCCTAT,Dpysl2"
"sgRNA_00351,TGGGTACACGACGGGCATCG,Dtx3l"
"sgRNA_00352,AGAGACCCCGTCAAGGACGG,Dtx3l"
"sgRNA_00353,GTTTCCAGGACAATGGTCAC,Dtx3l"
"sgRNA_00354,CAGCGCCCCGGACACCTACG,Dtx3l"
"sgRNA_00355,CAGAAAGGGAACCAGCCAGA,Dtx3l"
"sgRNA_00356,GCAGTGACCAGGCAACAACG,Duox1"
"sgRNA_00357,GATGAGGCGATGGAAGTCCA,Duox1"
"sgRNA_00358,TGAGAGAGAGGACCACGTGG,Duox1"
"sgRNA_00359,TGTGAAAGGGTGATACTCGG,Duox1"
"sgRNA_00360,GAATGTAGAGAAAAATGTAG,Duox1"
"sgRNA_00361,TGGCATCGACAACATCACAT,Duoxa1"
"sgRNA_00362,TGAAACCATCAACTACAATG,Duoxa1"
"sgRNA_00363,GGTGACCAGCTTATTCATCG,Duoxa1"
"sgRNA_00364,GATGCAGCCTCACAGACTGA,Duoxa1"
"sgRNA_00365,GGACTGCAGATCGGGCTCGG,Duoxa1"
"sgRNA_00366,GTCTGAAGAGACATTCAGGA,Dusp4"
"sgRNA_00367,GCTGCAATACCATCGTGCGG,Dusp4"
"sgRNA_00368,GGAAAGGGAGGATTTCCACG,Dusp4"
"sgRNA_00369,AGACGATGACAGCCGAGTAG,Dusp4"
"sgRNA_00370,AGGAAAGGGAGGATTTCCAC,Dusp4"
"sgRNA_00371,GAGAGCACAGAGGTTCAAGA,Ednra"
"sgRNA_00372,GGAGCCGAGTTCAAGGAATC,Ednra"
"sgRNA_00373,GAGCATCTCACAGGTCATGA,Ednra"
"sgRNA_00374,CATACCTGAGCAGTTCACAC,Ednra"
"sgRNA_00375,GAAACACTCCAAAATCATTG,Ednra"
"sgRNA_00376,GACATGGTACACACACCCAG,Egr2"
"sgRNA_00377,GGACATGGTACACACACCCA,Egr2"
"sgRNA_00378,CAGCAGAAGGTTGTGATAGG,Egr2"
"sgRNA_00379,GAGTGCGGGCATCTTGCAAG,Egr2"
"sgRNA_00380,TGAGTGCGGGCATCTTGCAA,Egr2"
"sgRNA_00381,TGCGCTGGTACAGAGAGCGC,Ehd4"
"sgRNA_00382,GCAGCTGATGCGAGTCTATG,Ehd4"
"sgRNA_00383,AGACTGAGGGAAGCACCCCT,Ehd4"
"sgRNA_00384,AGACGAGGAGGAGTTCGCGC,Ehd4"
"sgRNA_00385,GATGATCCTGTCAACCCTCT,Ehd4"
"sgRNA_00386,GAGTCTGCAGGAGTTCACGA,Ehf"
"sgRNA_00387,GAAGCTGTGGCTCAGCTGTG,Ehf"
"sgRNA_00388,GAACCCAGGACTGATCAAAT,Ehf"
"sgRNA_00389,CTGGGCTCAAGAGAATGTCT,Ehf"
"sgRNA_00390,CTGGACCAAATACCAGGTGT,Ehf"
"sgRNA_00391,AGGGCGACCATGCAAAATCG,Eif5a2"
"sgRNA_00392,GAAGATCTTAAGCTGCCAGA,Eif5a2"
"sgRNA_00393,GAACTGGGCAAAGAAATAGA,Eif5a2"
"sgRNA_00394,TGAAAATGTCAATTCCAACA,Eif5a2"
"sgRNA_00395,GCACTGCATAGGATAAGTGC,Eif5a2"
"sgRNA_00396,GAGGCCGTGGCCCAACTCTG,Elf3"
"sgRNA_00397,AAGTGGGAGAACCGGCACGA,Elf3"
"sgRNA_00398,GAAGTGGGAGAACCGGCACG,Elf3"
"sgRNA_00399,GGCTCGGCTCAGCTTCTCAT,Elf3"
"sgRNA_00400,CAAACTTGTAGACGAGCCGT,Elf3"
"sgRNA_00401,GCTTTGATGGGATAACCCAG,Eln"
"sgRNA_00402,AGTTGGCATCCCGACATATG,Eln"
"sgRNA_00403,GCAGGGGTCGGACCCTTTGG,Eln"
"sgRNA_00404,CGAGATGGCGGGTCTGACAG,Eln"
"sgRNA_00405,AAACCCCCGAAGCCCTATGG,Eln"
"sgRNA_00406,AGGAGAATGACAGTCTCCGG,Enox1"
"sgRNA_00407,AGATGACAGCAAGTTCTCTG,Enox1"
"sgRNA_00408,GCTGTTGGCCGACTGAACCA,Enox1"
"sgRNA_00409,GCCACAGCTATGAATAACTT,Enox1"
"sgRNA_00410,AGCGCAAGAACATAGACATT,Enox1"
"sgRNA_00411,AGGGACATCGAGCATCTCAC,Enpp2"
"sgRNA_00412,GACATCAGGGCGAACACAGT,Enpp2"
"sgRNA_00413,AGGGAGATTGACAAGACCGT,Enpp2"
"sgRNA_00414,AGGGTACATTGGAACCATGT,Enpp2"
"sgRNA_00415,GAACTTTATAATGTTATGTG,Enpp2"
"sgRNA_00416,GAAGAACCTGTGGCACATGT,Entpd3"
"sgRNA_00417,GAAGGAGAATAACACAGGAG,Entpd3"
"sgRNA_00418,GAAATTTCCCATTATATAGT,Entpd3"
"sgRNA_00419,GGATCCACCCGCATTTACCT,Entpd3"
"sgRNA_00420,GAACGCCAGCGACACGGTGC,Entpd3"
"sgRNA_00421,GATCCCAGGATTCCACCAAG,Epdr1"
"sgRNA_00422,TTGGTGGGGTGAACACAGAG,Epdr1"
"sgRNA_00423,GAAGATCAGTACTCCATCGG,Epdr1"
"sgRNA_00424,CTTCATCAGGAACTACACTG,Epdr1"
"sgRNA_00425,AAGCTGCCTACCTCTTGCAG,Epdr1"
"sgRNA_00426,GTACACGGAACACTTCATGG,Epha2"
"sgRNA_00427,TGAGCTGGTAAATGGCTGAA,Epha2"
"sgRNA_00428,GGGGAAGAAGGAGATACCGG,Epha2"
"sgRNA_00429,GCTGACCGTGATCTCGTCAG,Epha2"
"sgRNA_00430,GCCAACATGGCGGTGATCGG,Epha2"
"sgRNA_00431,GATCCGTGAGGACATCCAAG,Eps8l1"
"sgRNA_00432,GCAAAAGGAAGAGTTGCGGG,Eps8l1"
"sgRNA_00433,TGGATGACAGGCGCAAATGG,Eps8l1"
"sgRNA_00434,TGCCATCGTACGCTGCGACG,Eps8l1"
"sgRNA_00435,TGGGGTGTCAGGATATTATA,Eps8l1"
"sgRNA_00436,GCTTCAGCCAGGATGTTGCA,Eps8l2"
"sgRNA_00437,AGAGTGCTCTGGCTGACTAC,Eps8l2"
"sgRNA_00438,GAACCATTCAATATCATCCA,Eps8l2"
"sgRNA_00439,TGGAAGCTACGAAATCGCAG,Eps8l2"
"sgRNA_00440,GACGCCGTGAGCTTCTTACG,Eps8l2"
"sgRNA_00441,GAAGGTCATCAACTCCCAAA,Erbb3"
"sgRNA_00442,AGAAGTGACAGGCTATGTAC,Erbb3"
"sgRNA_00443,TGGCACCTAGGATTCCATGG,Erbb3"
"sgRNA_00444,CATATCAAGTATCAGTACGG,Erbb3"
"sgRNA_00445,GGGGACACTCACTTGCAGGA,Erbb3"
"sgRNA_00446,AGTGCACTGGAAGATACCAA,Ermp1"
"sgRNA_00447,GATGTTGAGTAATAAAACCA,Ermp1"
"sgRNA_00448,GACTCCAGGCTTCTGCATGG,Ermp1"
"sgRNA_00449,AGGCCCTGAAAATCCTTGGT,Ermp1"
"sgRNA_00450,GATGGAGGCCAGCACAACGT,Ermp1"
"sgRNA_00451,AGAGGCACAAACATCACATG,Esrp1"
"sgRNA_00452,CATGGGGACCCGGTACATTG,Esrp1"
"sgRNA_00453,GTACCATAAAAAAACCATGA,Esrp1"
"sgRNA_00454,AGGAAGCACAAGGAGTTGCT,Esrp1"
"sgRNA_00455,AGTATGCTCAGAACGCCCTG,Esrp1"
"sgRNA_00456,AGACTGTAGTACGGGCCCGT,Esrp2"
"sgRNA_00457,TGATTGCCAGGGCAACCCAC,Esrp2"
"sgRNA_00458,GATGATGAAAGAACGCTATG,Esrp2"
"sgRNA_00459,AGGCTTGAAAGACACTGAGT,Esrp2"
"sgRNA_00460,GTCACCAACAGGCATCAGAG,Esrp2"
"sgRNA_00461,GCTTTGAGCGAATAATGCAA,Eya4"
"sgRNA_00462,CAGTTAAGGGCAGAGATCGA,Eya4"
"sgRNA_00463,TGCAAGAGCAGGAATCAGCT,Eya4"
"sgRNA_00464,AGTACTGCTGCGCCGACCTG,Eya4"
"sgRNA_00465,GTGTGAGAGGAGGAGTGGAC,Eya4"
"sgRNA_00466,AGGAGGCAGCCGAGAAACGT,F3"
"sgRNA_00467,TGGGCGCGAGAGCCGCTAGG,F3"
"sgRNA_00468,AGATGGTAGAAAACTGAACG,F3"
"sgRNA_00469,GTACAGTGTGCACCGAGCAA,F3"
"sgRNA_00470,TCGGTAAGGTAAAAACTTTG,F3"
"sgRNA_00471,TGCAGGAGAACTGTGTACGA,Fam102a"
"sgRNA_00472,TGTGGAGAGCCACCCAACCT,Fam102a"
"sgRNA_00473,AGGTGGGAAGGCGTATTCCA,Fam102a"
"sgRNA_00474,CAGACACTCGAAAGATGCAG,Fam102a"
"sgRNA_00475,GTCCGCTGCTGCCTATTGGA,Fam102a"
"sgRNA_00476,AGCGAGTAGGAACGGATCCA,Fam20a"
"sgRNA_00477,TGACTGTGTCACAGTAAAGG,Fam20a"
"sgRNA_00478,GCGAGTAGGAACGGATCCAG,Fam20a"
"sgRNA_00479,GTTGGGCACAGACAGTCTGG,Fam20a"
"sgRNA_00480,GACCGTGGAGGACTGCATAG,Fam20a"
"sgRNA_00481,AGATCTTAGCAACGCTGCAC,Fam216a"
"sgRNA_00482,GGAGGACTAGACCGTCAGGC,Fam216a"
"sgRNA_00483,GATGCCGAGCCGTTGGCCCG,Fam216a"
"sgRNA_00484,GGTGTCTCCATGCAGTACAG,Fam216a"
"sgRNA_00485,GAGAGCTCATATGGCCTCTG,Fam216a"
"sgRNA_00486,TGGGAACATCAGTTATTGTC,Fam229b"
"sgRNA_00487,ATTGTTGCATAGACAGTGAT,Fam229b"
"sgRNA_00488,TACAGGAAGCACTAGAGCTC,Fam229b"
"sgRNA_00489,GGCTGGGTCCCAAACCGAAA,Fam229b"
"sgRNA_00490,AGGCAACTCCGAAGATGCCC,Fam229b"
"sgRNA_00491,GGAGCTGTATGCCATCTCGG,Fam83f"
"sgRNA_00492,GGATGATGTATACAGGAACC,Fam83f"
"sgRNA_00493,TGGATGCTGCCTGTAAACGC,Fam83f"
"sgRNA_00494,GGTGGGTGAAGAGCGTGACT,Fam83f"
"sgRNA_00495,GGTTCCTGTATACATCATCC,Fam83f"
"sgRNA_00496,GAAGAAAGAATAGCCATATG,Fap"
"sgRNA_00497,GTCCAATTCAGTATCTATGC,Fap"
"sgRNA_00498,AGTGCCCCGACCATCTACCA,Fap"
"sgRNA_00499,ATGTCTCTACAGTCCTACGG,Fap"
"sgRNA_00500,GACCAGCATAGATACTGAAT,Fap"
"sgRNA_00501,AGCTCAAGGGCATAGTGACC,Fgf14"
"sgRNA_00502,TGTTTCACCAACATCATGCA,Fgf14"
"sgRNA_00503,GCCTTGCCTGCAATATAACC,Fgf14"
"sgRNA_00504,GCATCTGCAATAATGAATGG,Fgf14"
"sgRNA_00505,GGGTTGTACATAGCAATGAA,Fgf14"
"sgRNA_00506,GCTTGTACCAGCTCTATAGC,Fgf18"
"sgRNA_00507,GGGAGTCAAGTCCGGATCAA,Fgf18"
"sgRNA_00508,TGTCTGCCAAGTACTCTGGT,Fgf18"
"sgRNA_00509,CTAGTGGAGACAGATACCTT,Fgf18"
"sgRNA_00510,TAGTGGAGACAGATACCTTC,Fgf18"
"sgRNA_00511,CGGCAGCCTGTACTGCAGAG,Fgf5"
"sgRNA_00512,GGCAGCCTGTACTGCAGAGT,Fgf5"
"sgRNA_00513,GAGCAACTTACTTAACACAC,Fgf5"
"sgRNA_00514,CATCCGGGTAGATCTGCAGA,Fgf5"
"sgRNA_00515,CTGTACTGCAGAGTGGGCAT,Fgf5"
"sgRNA_00516,AGATTCCCCACAGAACTCCA,Fgfbp1"
"sgRNA_00517,GGAGCAGGGCATCAGCCTGA,Fgfbp1"
"sgRNA_00518,TTCCCCACAGAACTCCAGGG,Fgfbp1"
"sgRNA_00519,GAACGCACCACACAGCACAG,Fgfbp1"
"sgRNA_00520,AGACCAGATCTACTGGAAAC,Fgfbp1"
"sgRNA_00521,GGGACACATACACATCACTC,Fgfr3"
"sgRNA_00522,GTATAGTTGCCACGATCGGA,Fgfr3"
"sgRNA_00523,AGAATGGCAAAGAATTCCGA,Fgfr3"
"sgRNA_00524,AAGGAGTAGTCCATGCCTGG,Fgfr3"
"sgRNA_00525,GTACTCCACCAGCACATACA,Fgfr3"
"sgRNA_00526,GACACCAAGAACAAACCATT,Fkbp7"
"sgRNA_00527,GAACTTTATGCTGTGACCAA,Fkbp7"
"sgRNA_00528,GAGCATCGGAACAACACCAC,Fkbp7"
"sgRNA_00529,TTGCTAAATGCCCATTACGA,Fkbp7"
"sgRNA_00530,GTGTCGGACATGTCATAAAG,Fkbp7"
"sgRNA_00531,CGGGTCTGGAATACACACCT,Foxa1"
"sgRNA_00532,GGGACCCAGGCCGTTCATGG,Foxa1"
"sgRNA_00533,GCCACTGAGGCGCTGCCAAG,Foxa1"
"sgRNA_00534,GCCGGCCCCTAAGCCCGTGT,Foxa1"
"sgRNA_00535,GCCGAGTCACCCCTTCACCG,Foxa1"
"sgRNA_00536,GAAGGTCACAAAAGATAACA,Foxp2"
"sgRNA_00537,TGAGGGTCGCATGTGCAAGT,Foxp2"
"sgRNA_00538,GCGGAATGCCGCCACTTGGA,Foxp2"
"sgRNA_00539,AAAATGTTAAAGGAGCAGTG,Foxp2"
"sgRNA_00540,CAGCTCTGAAGTAAGCACAG,Foxp2"
"sgRNA_00541,GGGCCGTGGGCAGCCGTAGG,Foxq1"
"sgRNA_00542,CTGGGGGTGCAGCTACCCTG,Foxq1"
"sgRNA_00543,GGGCAGGGAGCGGCGCCCCA,Foxq1"
"sgRNA_00544,ATGGCCATCCGCGACTCCGC,Foxq1"
"sgRNA_00545,AGCGCGGGATAGGCGCGCAG,Foxq1"
"sgRNA_00546,GCTGCAAGAAATGTCCTTGT,Frk"
"sgRNA_00547,GTCTTGGACACTTCGCATGA,Frk"
"sgRNA_00548,AAGTGCAAACAGCATAGAGC,Frk"
"sgRNA_00549,GAACTATATTCACAGAGATC,Frk"
"sgRNA_00550,GAGGACCTGAGCTTCCGTGC,Frk"
"sgRNA_00551,AGCGACCTGCGACTATATGG,Frmpd4"
"sgRNA_00552,TGAAATATGACATTGCCTTG,Frmpd4"
"sgRNA_00553,TGAACAGGAGACACTCACTC,Frmpd4"
"sgRNA_00554,GCTGGAGCAGAGAATTGAAG,Frmpd4"
"sgRNA_00555,GGCAGGGAGCGAAAAGCCAG,Frmpd4"
"sgRNA_00556,TGAAACAGTAGACCACGTGA,Fut8"
"sgRNA_00557,GATGGAGGCTGTCTACAATG,Fut8"
"sgRNA_00558,GGTACACAGAAAATTCACTT,Fut8"
"sgRNA_00559,GTGGCTGGAAACCATTGGGA,Fut8"
"sgRNA_00560,TGGTTGTCAACTCCATCACG,Fut8"
"sgRNA_00561,GTTGGTGAGAATAACCAGGG,Galnt3"
"sgRNA_00562,GATGTTGGTGAGAATAACCA,Galnt3"
"sgRNA_00563,GATCACCGCGCGGTTGCTAG,Galnt3"
"sgRNA_00564,AGCTGCCCCTAGCAACCGCG,Galnt3"
"sgRNA_00565,AGAATAGAGCACACTGTGGA,Galnt3"
"sgRNA_00566,GTTGCGGATCGCAGAAGTGG,Galt"
"sgRNA_00567,ACTGTCCGGAAGTTCATGGT,Galt"
"sgRNA_00568,AGTTGCGGATCGCAGAAGTG,Galt"
"sgRNA_00569,TTGCGGATCGCAGAAGTGGG,Galt"
"sgRNA_00570,GGGGTTAGAACAGCCCATCA,Galt"
"sgRNA_00571,GAATCCTGATAATTACCTGG,Gas2"
"sgRNA_00572,AGAGAAGATCCTCTTCATCA,Gas2"
"sgRNA_00573,GGAGGCTGGGAGACCTTCGC,Gas2"
"sgRNA_00574,GATAACAGCAGAAACCTTCA,Gas2"
"sgRNA_00575,AAACAGAGACACACTTCTCG,Gas2"
"sgRNA_00576,GCCATCTCGTCGCCAGAGAG,Gata2"
"sgRNA_00577,GGCGTTCCGGCGCCATAAGG,Gata2"
"sgRNA_00578,GTTCCGGCGCCATAAGGTGG,Gata2"
"sgRNA_00579,GTTGGCGTTCCGGCGCCATA,Gata2"
"sgRNA_00580,ATCTCGTCGCCAGAGAGGGG,Gata2"
"sgRNA_00581,AGAGCCGGATGTGAGAGATG,Gjb2"
"sgRNA_00582,AGTGTTTGTTGACACCCCCG,Gjb2"
"sgRNA_00583,AGACACAGAAATCATAAACA,Gjb2"
"sgRNA_00584,TGTGAGAGATGGGGAAGTGG,Gjb2"
"sgRNA_00585,TCCGTATCGAAGGGTCCCTG,Gjb2"
"sgRNA_00586,AGCAGGGCTGAGGCCCCTGG,Gli2"
"sgRNA_00587,GATGGGGTGGGGAAAAGTGA,Gli2"
"sgRNA_00588,GATGTAAGCTACCAGCGAGT,Gli2"
"sgRNA_00589,GGCTGCTGTGCACAGACCGG,Gli2"
"sgRNA_00590,ATTGACATGAGACACCAGGA,Gli2"
"sgRNA_00591,ATGGCCCTGAAGAAGTACCA,Gltp"
"sgRNA_00592,CGGGACTCACCAAAGAAGGG,Gltp"
"sgRNA_00593,GGTGGAGAAGGGGATGTATG,Gltp"
"sgRNA_00594,GGGGCGGAGTGGCCTAAAGT,Gltp"
"sgRNA_00595,CTTGATGGGCGTGAATACCG,Gltp"
"sgRNA_00596,GTAAGAGCAATACCACATTC,Gpc3"
"sgRNA_00597,GAAAGAACGGACCTGGTGAC,Gpc3"
"sgRNA_00598,GATGATGAAGATGAATGCAT,Gpc3"
"sgRNA_00599,ATGATGGTTAAGCCTTGCGG,Gpc3"
"sgRNA_00600,CTGGAACGGACAAGAACTTG,Gpc3"
"sgRNA_00601,GAAGGAGGTGACAGATCACA,Gpr39"
"sgRNA_00602,GAACCTCTCCAACCGTTGGG,Gpr39"
"sgRNA_00603,GCTGAGAGGACACGTTGTAG,Gpr39"
"sgRNA_00604,TGAGTGGGTACGTTTACCAG,Gpr39"
"sgRNA_00605,TGGCATGCTGCAGAGTCAGG,Gpr39"
"sgRNA_00606,GATGTGCCTGGGGATGTAGA,Grem1"
"sgRNA_00607,GAAGCAGACCATCCACGAGG,Grem1"
"sgRNA_00608,GGTGCTTGAGTCCAGCCAAG,Grem1"
"sgRNA_00609,GAATCGCACCGCATACACTG,Grem1"
"sgRNA_00610,CCTGAAGCAGACCATCCACG,Grem1"
"sgRNA_00611,GTCAGCACACGGCCAAACAG,Grhl1"
"sgRNA_00612,GGGAGCTGAAAGGAAAATTC,Grhl1"
"sgRNA_00613,GAACAACTTTGAGTATACCC,Grhl1"
"sgRNA_00614,CGGACAGAAGAACCCAAGAG,Grhl1"
"sgRNA_00615,AGTACTTCCAGTGTCTCAGC,Grhl1"
"sgRNA_00616,GGGAGGAGAAATCTGTACTC,Grhl2"
"sgRNA_00617,GTCATAGAGCAGGCCCAGGG,Grhl2"
"sgRNA_00618,GTAGTCATAGAGCAGGCCCA,Grhl2"
"sgRNA_00619,GGGAGCAGAAAGAAAAATCC,Grhl2"
"sgRNA_00620,GAAAGCCGAGGATTTCACAC,Grhl2"
"sgRNA_00621,AGATTGGGGATAAACAACAC,Grhl3"
"sgRNA_00622,AGTGACTTTGAATACACCCT,Grhl3"
"sgRNA_00623,GTCGATGACGCGCTGCTTGG,Grhl3"
"sgRNA_00624,GCAATGAGACCACATACTTG,Grhl3"
"sgRNA_00625,GTATGTGAGGAGGGAGACAG,Grhl3"
"sgRNA_00626,ATGGTAGAGGAGTTCAACCA,Gsta3"
"sgRNA_00627,GTGCCCATGGTAGAGATCGA,Gsta3"
"sgRNA_00628,CATGGACAAGATTATCTCGT,Gsta3"
"sgRNA_00629,CATGGTAGAGGAGTTCAACC,Gsta3"
"sgRNA_00630,CGTTGGCAACAGGCTGAGCA,Gsta3"
"sgRNA_00631,GTTCTGCCCCTACTCGCACA,Gsto2"
"sgRNA_00632,GCCCAAAATCAAAGGCACAA,Gsto2"
"sgRNA_00633,GCTCAAACCAGGGCCAGACG,Gsto2"
"sgRNA_00634,ACGTCCAGGCGCTCAAACCA,Gsto2"
"sgRNA_00635,AGATTCGGATCACACCCTCA,Gsto2"
"sgRNA_00636,TGTATGCCAAGTCAAAAGCT,Gulp1"
"sgRNA_00637,GTTTCTTGGCAGTACCGAAG,Gulp1"
"sgRNA_00638,AATTCTCGAACCCAAAACAA,Gulp1"
"sgRNA_00639,AGACACATCAAAAAATCTGA,Gulp1"
"sgRNA_00640,AGAAAATTTCTAGAATCTGG,Gulp1"
"sgRNA_00641,GCAACTCACCGATCAGACAA,Hacd1"
"sgRNA_00642,ATGGAAAAAGGAACACACAG,Hacd1"
"sgRNA_00643,CAGGTAGTCCATTGTCTGAT,Hacd1"
"sgRNA_00644,TGACTTCTTTACGTAAGGCA,Hacd1"
"sgRNA_00645,AGGCGGTGGCCAGTAAGCCT,Hacd1"
"sgRNA_00646,GCATGTAGGAGCCAGCTCGC,Hap1"
"sgRNA_00647,GCTGAAGAAGGTCATCTCGC,Hap1"
"sgRNA_00648,GCTCCCATAATCCTGCATGT,Hap1"
"sgRNA_00649,AGGCCCCTGGAATACGTAGC,Hap1"
"sgRNA_00650,AGTCTGAGTAGAGCTGAAGA,Hap1"
"sgRNA_00651,GGAGGCTCACACCTGAACTG,Haus4"
"sgRNA_00652,GAAGGTGTGGACGCTGACAG,Haus4"
"sgRNA_00653,GAAGCCTCTGCAGCAAAGCG,Haus4"
"sgRNA_00654,TGTGCCTCTAGGATTTCGTG,Haus4"
"sgRNA_00655,AGACACACTGAAAGCAGCGA,Haus4"
"sgRNA_00656,GCGAGTGGTAAATCCAGGTG,Heph"
"sgRNA_00657,AGAAAGTCATGCCCCCACTG,Heph"
"sgRNA_00658,GTATTCAGGGAATACACTGA,Heph"
"sgRNA_00659,AGGATTGTCAGGCTGCATGA,Heph"
"sgRNA_00660,GTTAGATTCTAGAACTCCAT,Heph"
"sgRNA_00661,GTCAGCACCACACAGAGAGG,Htra4"
"sgRNA_00662,GATTGGTATAAACACTCTGA,Htra4"
"sgRNA_00663,TGCGCCCCAAGGCTGCGCTG,Htra4"
"sgRNA_00664,AGAGTGACTTACGTTAATGA,Htra4"
"sgRNA_00665,TGCGGAGCGCACATAGGCTG,Htra4"
"sgRNA_00666,GTAATCGACAGACCTCAAGT,Igsf10"
"sgRNA_00667,CGAAGGAGGAGAGAGTGTGT,Igsf10"
"sgRNA_00668,GTTGTGATCCAGGTGCAACC,Igsf10"
"sgRNA_00669,TGGGCACATAGCAGGCACAT,Igsf10"
"sgRNA_00670,AGGGTCAGCATTCAGGACCG,Igsf10"
"sgRNA_00671,AGGTGCAGAATGGAACACTG,Igsf9"
"sgRNA_00672,TGGCAGTGAGGACACCCCGG,Igsf9"
"sgRNA_00673,GATTAGCACGAACCGGACAC,Igsf9"
"sgRNA_00674,ATTGACTGTCAGGTGCACCC,Igsf9"
"sgRNA_00675,TGACCGAGCCCACCATGACT,Igsf9"
"sgRNA_00676,TGTGTGATGAAAATTCGTAG,Ikzf2"
"sgRNA_00677,GGGTAAAAGAAGCTCCGCAC,Ikzf2"
"sgRNA_00678,GTACATAAAAGGAGTCACAC,Ikzf2"
"sgRNA_00679,AGACACATAAAGTTACACTC,Ikzf2"
"sgRNA_00680,TGTGAATGGTGTACATGACA,Ikzf2"
"sgRNA_00681,GCCCTGCGCAAGCTGCACGC,Inhbb"
"sgRNA_00682,GAAGAAGTACAGGCGGACCC,Inhbb"
"sgRNA_00683,GGGATGCAGCAAGAGTTCAC,Inhbb"
"sgRNA_00684,TAGTTCCCGTAGTAGCCAGT,Inhbb"
"sgRNA_00685,AAGGTGGACCTGAAACGTAG,Inhbb"
"sgRNA_00686,TGTGTAGCCAGATGAGACCA,Irf6"
"sgRNA_00687,GGACAGGGGACTGATCCTGG,Irf6"
"sgRNA_00688,CTGACCAGTACACTTTGCAC,Irf6"
"sgRNA_00689,GCTTCAGCCGGACTCTTCGA,Irf6"
"sgRNA_00690,ATGACGGTGAGCAACCCCCA,Irf6"
"sgRNA_00691,AAGGCAGTGACACTTTCCCA,Itga1"
"sgRNA_00692,TGGCCGGTGTGATTGTACCG,Itga1"
"sgRNA_00693,AGAATACTGAACCACTGTCC,Itga1"
"sgRNA_00694,GATCCTTGGCCACTATAACA,Itga1"
"sgRNA_00695,GAAATGGAGATGTCTCAGAC,Itga1"
"sgRNA_00696,TGGGAGCACCAGGCGCAGTG,Itgb6"
"sgRNA_00697,TGAGGTAATACAGATCTACT,Itgb6"
"sgRNA_00698,GGAACCAATCCTCTGTACCG,Itgb6"
"sgRNA_00699,GTTGAGGTCGTCATCCATAG,Itgb6"
"sgRNA_00700,GACAGGAGAAGTTGTCACAC,Itgb6"
"sgRNA_00701,GAAATAATTCCACAAGCAAG,Kcnab1"
"sgRNA_00702,ATCACAACCAAACTCTACTG,Kcnab1"
"sgRNA_00703,AAGTTCTAGAGCTTCACTGA,Kcnab1"
"sgRNA_00704,GCACGTGATCAACCAAGGCA,Kcnab1"
"sgRNA_00705,GCTCCTGGGATCATCCACTC,Kcnab1"
"sgRNA_00706,TGTGGTGGAGAGCACGGTGC,Kcnk1"
"sgRNA_00707,GAAGTAGAGGACTGGTCTGC,Kcnk1"
"sgRNA_00708,CAGCTCGTGGAGTTCACAGA,Kcnk1"
"sgRNA_00709,GGTCTCCAGGACAACCAGCA,Kcnk1"
"sgRNA_00710,GGTGACAAATCCCAGCAGAA,Kcnk1"
"sgRNA_00711,GAATAAAAAGCCTTCAGACA,Kcnq5"
"sgRNA_00712,TGTCCATGCGCACCATACGC,Kcnq5"
"sgRNA_00713,GAACTCTTGAGCCGTAGTGA,Kcnq5"
"sgRNA_00714,GTTGTCTCTGCAAAAACTCA,Kcnq5"
"sgRNA_00715,CGTCAGCGCTCAGAAGTCTC,Kcnq5"
"sgRNA_00716,CAGGAAGAACAGGTAGTGAG,Kdelr3"
"sgRNA_00717,GAAAGGAAAGGCCAGTCACG,Kdelr3"
"sgRNA_00718,CGAGAAGAGGTCCAGGTACC,Kdelr3"
"sgRNA_00719,AGACCAAAGCGAAAAGAATC,Kdelr3"
"sgRNA_00720,GAAGAAGTCACAGTAAAAGA,Kdelr3"
"sgRNA_00721,GACCGGCTGGAAGAACCGTG,Kif17"
"sgRNA_00722,AGAAGGGAGTGTATGTCAAG,Kif17"
"sgRNA_00723,GAACACCAAGTTCTTAGTGC,Kif17"
"sgRNA_00724,TGAGCGGCAATCCAAGACTG,Kif17"
"sgRNA_00725,TGGGCGCTGACACCAAGCAG,Kif17"
"sgRNA_00726,GCCAACGGTGCAGATTACAG,Kremen1"
"sgRNA_00727,GAAGTCAGGGGAGTACACCA,Kremen1"
"sgRNA_00728,GGGGACCACACGCAGCCCTG,Kremen1"
"sgRNA_00729,GTACAACACAGCAAATCCCT,Kremen1"
"sgRNA_00730,AGAGTCCCTGATATCAAACA,Kremen1"
"sgRNA_00731,GGTGGACCTGACCCGCATGC,Krt15"
"sgRNA_00732,TGGAAATGGACGCAGCACCC,Krt15"
"sgRNA_00733,GAATTCAGCAGTCAACTGGC,Krt15"
"sgRNA_00734,AGACGTTTGCAAGAATGTGG,Krt15"
"sgRNA_00735,GGAAATGGACGCAGCACCCG,Krt15"
"sgRNA_00736,GCTGTGGAAGCTGATCTCCA,Krt20"
"sgRNA_00737,GCAGAACCTGAACGACAGAT,Krt20"
"sgRNA_00738,GCTTAGCATTGTCAATTCGC,Krt20"
"sgRNA_00739,AGGAAGTTGAGGTTCTTCGC,Krt20"
"sgRNA_00740,GTAGGAGCTATAGTCTCGGA,Krt20"
"sgRNA_00741,AGAGGAGATCAACCGACGCA,Krt7"
"sgRNA_00742,AGATGAACCGCTCTATCCAG,Krt7"
"sgRNA_00743,GTTAGAGTCCAGCATCGCAG,Krt7"
"sgRNA_00744,GCCGTGCGCTCCGCTTATGG,Krt7"
"sgRNA_00745,GCTGTTGTGAATTCCACTGG,Krt7"
"sgRNA_00746,CAGTGAGCGATACAGCCAGG,Krtcap3"
"sgRNA_00747,GGTGGCAATCAGCAATAAGA,Krtcap3"
"sgRNA_00748,GGCAATCAGCAATAAGACGG,Krtcap3"
"sgRNA_00749,AAGGATCCATCAGTCCTGGG,Krtcap3"
"sgRNA_00750,GCTGCAGACATGAACAGAGA,Krtcap3"
"sgRNA_00751,GTCCGCGATGGCCTTAACTT,Lacc1"
"sgRNA_00752,AGGCTGGAAAGGTACATTGT,Lacc1"
"sgRNA_00753,GGATTTACCACACGGACAGG,Lacc1"
"sgRNA_00754,AAGCAGCAAGAACCCACTGA,Lacc1"
"sgRNA_00755,GTTGTTCTGGGACCGTCAGT,Lacc1"
"sgRNA_00756,AGAGGCATCAGTCACCAAGA,Lad1"
"sgRNA_00757,TGACATCAAGACTTAACCTG,Lad1"
"sgRNA_00758,AGACTGAGTCGGGAGCAGAG,Lad1"
"sgRNA_00759,GTCACCAAGAGGGCTCAATG,Lad1"
"sgRNA_00760,TGTGACAAGGACTTCAGTAC,Lad1"
"sgRNA_00761,GAAGTCATAGAAGAGCACCA,Lama5"
"sgRNA_00762,TGGACCGCTCCAGCACCCAG,Lama5"
"sgRNA_00763,GTTGGGGAAACCCCAGTAGC,Lama5"
"sgRNA_00764,GGCAAACTTGATGAGCACAT,Lama5"
"sgRNA_00765,GATGTGACCAGTGTCGCGTG,Lama5"
"sgRNA_00766,AGTGGCAGGCCACACATACT,Lamb3"
"sgRNA_00767,TGTTGTAGAAAGGGGCACAG,Lamb3"
"sgRNA_00768,GGGGCCCGGTAAAGCCAGGG,Lamb3"
"sgRNA_00769,AGCGGGGCCCGGTAAAGCCA,Lamb3"
"sgRNA_00770,ATGGAGGGTGTACCAGTACC,Lamb3"
"sgRNA_00771,TGGAACTCCAGGAAAAGCGT,Ldhd"
"sgRNA_00772,GATGGGTACACACACGTCCG,Ldhd"
"sgRNA_00773,GCCTACCAACAGGAAACCAA,Ldhd"
"sgRNA_00774,TGTGCGCTATGGAACCATGC,Ldhd"
"sgRNA_00775,TGTGGACCAGGTCAGCCGAG,Ldhd"
"sgRNA_00776,TGGCATGAAGAACCCCACAC,Lhfp"
"sgRNA_00777,GCATCCCCAGCACCGAGTGG,Lhfp"
"sgRNA_00778,CGACACGCAGCAACCCATCA,Lhfp"
"sgRNA_00779,GTCCAGCCTGACTTGTACTG,Lhfp"
"sgRNA_00780,TATGGTACAGATCCTCCACT,Lhfp"
"sgRNA_00781,TGGCAGATGAAACAGTCTCG,Lix1l"
"sgRNA_00782,AGAGTGACATAGCAGACGTA,Lix1l"
"sgRNA_00783,GCACTGGAATGGCAGCCTTA,Lix1l"
"sgRNA_00784,TGACATAGCAGACGTAGGGA,Lix1l"
"sgRNA_00785,AAGCTGACAACCCAAATACG,Lix1l"
"sgRNA_00786,GAGCAGACGTAAGCACACAC,Llgl2"
"sgRNA_00787,GTTGAATCCACCAAACACCG,Llgl2"
"sgRNA_00788,GGACCACTGAGATGCAGTGG,Llgl2"
"sgRNA_00789,GAAGAGGCCGAAACCATGGC,Llgl2"
"sgRNA_00790,GTAGGTATCAGCGAAATAGA,Llgl2"
"sgRNA_00791,TGTGCCGGCGTGACTACCTG,Lmo1"
"sgRNA_00792,GAACAACATGATCTTGTGCC,Lmo1"
"sgRNA_00793,GCTGGCAGGCGAAGCAGTCA,Lmo1"
"sgRNA_00794,GCCAGGTGGACTATGAGGAG,Lmo1"
"sgRNA_00795,GGGCTCCACTCTCTACACCA,Lmo1"
"sgRNA_00796,AGGGAGGCCCACCTGCCTGT,Lpin3"
"sgRNA_00797,CTGGTGGTAAGGCAGCGGGA,Lpin3"
"sgRNA_00798,AGCCCGACAGGCCTCCCCAT,Lpin3"
"sgRNA_00799,GGGAAAGACTGGACACACCA,Lpin3"
"sgRNA_00800,CGGTGTCTAAACCTGAACGA,Lpin3"
"sgRNA_00801,GGGCACCTGAAGTTGCCAGG,Lrrk2"
"sgRNA_00802,GAGTCCAGGACAATCAACAG,Lrrk2"
"sgRNA_00803,GTCTCCAGAAGCATACTGTC,Lrrk2"
"sgRNA_00804,TGTACTTTGTGGAACCCAAG,Lrrk2"
"sgRNA_00805,AATCTTGACCAAAATCCCAT,Lrrk2"
"sgRNA_00806,GCACTGCTGTAGCTGAAAGA,Lypd3"
"sgRNA_00807,GCAGAGTGCTACAGCTGTGT,Lypd3"
"sgRNA_00808,AGAAGGCCAGGAGCCCGTGA,Lypd3"
"sgRNA_00809,GAAGGTCGGCGTTACAGCGG,Lypd3"
"sgRNA_00810,CGGGGTGGACGTCTGTACCG,Lypd3"
"sgRNA_00811,GGATGGTGACAGCTAGAATG,Lypd6b"
"sgRNA_00812,GCACCAGGAGGTAAGGACTG,Lypd6b"
"sgRNA_00813,GACTTTGACCTGCCCAATCA,Lypd6b"
"sgRNA_00814,GAACTGCATCATCATAGCAA,Lypd6b"
"sgRNA_00815,TAATTATAACTGCAATCGAT,Lypd6b"
"sgRNA_00816,AAAGTGAAAGAATGGTACGT,Macc1"
"sgRNA_00817,AAAACCCTGTCACTAAACGG,Macc1"
"sgRNA_00818,GCATATGAAATTCCTCACCG,Macc1"
"sgRNA_00819,CGAGTCCGATCTTACCTCGG,Macc1"
"sgRNA_00820,GCATAGAGAAAATCATAGGC,Macc1"
"sgRNA_00821,GCCTTTCAAGGAATGCCCGA,Map6"
"sgRNA_00822,CGTGCGAGTCACCATCCACG,Map6"
"sgRNA_00823,GAAGGCTGGACCCGCGTGGA,Map6"
"sgRNA_00824,TGCCCTCAACAGGCAAATCC,Map6"
"sgRNA_00825,GCATCAGCAGAAAGTTGCAT,Map6"
"sgRNA_00826,GCTGTAAAGCGACTCCATGT,Map7"
"sgRNA_00827,CTGGCCAGGAACGAATGTGT,Map7"
"sgRNA_00828,GCCATGAAGCTGTTGTCCGA,Map7"
"sgRNA_00829,CCGACCCAGAGGAGGCTACG,Map7"
"sgRNA_00830,GTGCAGACACAACAGACCGC,Map7"
"sgRNA_00831,GACAACTCAGGAGAGAACCG,Masp1"
"sgRNA_00832,GTCGTATTCACAAAGATAGG,Masp1"
"sgRNA_00833,AGAGAGAGACCAATGGTACC,Masp1"
"sgRNA_00834,AAGATGCAGAGAGAGACCAA,Masp1"
"sgRNA_00835,CAGGAGAGAACCGAGGCTGG,Masp1"
"sgRNA_00836,GCTGCTGCAGTATTCCACAC,Matn2"
"sgRNA_00837,TGTTAAGAGCAAATCCCTCG,Matn2"
"sgRNA_00838,AGAATGAGGCATCTATCCAC,Matn2"
"sgRNA_00839,TTGGATGGCAAGCCCTGTCA,Matn2"
"sgRNA_00840,GCACATGACCCTCAGGACAT,Matn2"
"sgRNA_00841,GTAGAGTTCAAAATTCCAGA,Mctp2"
"sgRNA_00842,GAAGGAAGGCCGCAACCTCG,Mctp2"
"sgRNA_00843,AGAGCAGAGGTACAAAAGCA,Mctp2"
"sgRNA_00844,CGGTATATCATTCTACTCTG,Mctp2"
"sgRNA_00845,GTAAGAGTGCAAATCCGCAG,Mctp2"
"sgRNA_00846,ATTGTCTGAGCGCTGCACAC,Mertk"
"sgRNA_00847,GCTGAGTAATGGCTCAGTCA,Mertk"
"sgRNA_00848,TCGATGGCGATCCACTTCAC,Mertk"
"sgRNA_00849,TAATCGGGAATATAACAGGA,Mertk"
"sgRNA_00850,CGGCAGGATGGGGAACTGGT,Mertk"
"sgRNA_00851,GAAACGGCAGAGAGGCACAT,Milr1"
"sgRNA_00852,TGTACCCCAGAAGAGCGAAT,Milr1"
"sgRNA_00853,TGCTGCAGTGGATTGTACGA,Milr1"
"sgRNA_00854,CATTCAAGGGAATAAGATGC,Milr1"
"sgRNA_00855,GAGCTGTGGATTTCCACCTG,Milr1"
"sgRNA_00856,GGTTCGCTAATGCTAGACGT,Mkx"
"sgRNA_00857,ATGTTCAGGGCAACGCTGAA,Mkx"
"sgRNA_00858,GTCGGCTGAAGAACACTGTC,Mkx"
"sgRNA_00859,GGTGGCCATGACATGTCTCA,Mkx"
"sgRNA_00860,GAAGGTAAGGCATAAGCGAC,Mkx"
"sgRNA_00861,GATCGGAAATCAGTGTACCG,Mlph"
"sgRNA_00862,TGAAGCGAGCCCTCACGTGC,Mlph"
"sgRNA_00863,GTGGTACTACCAGCACGTGA,Mlph"
"sgRNA_00864,ACAGAGAGACCGGATCACTT,Mlph"
"sgRNA_00865,TGAAGATCGGTTCTCTGGAG,Mlph"
"sgRNA_00866,GGAATATGGAGAATGCTGTG,Mme"
"sgRNA_00867,TGCTGGAGAGAGCAAGCACG,Mme"
"sgRNA_00868,ATGGAGACCTCGTTGACTGG,Mme"
"sgRNA_00869,CTGGAAGGGAGGCCAAGTCG,Mme"
"sgRNA_00870,GTCCAGAAATGCTTTCCGCA,Mme"
"sgRNA_00871,GATCCCACTGAACTTCAAGA,Mmp7"
"sgRNA_00872,AGTGACTCAGACCCAGAGAG,Mmp7"
"sgRNA_00873,GATGGGCCAGGGAACACTCT,Mmp7"
"sgRNA_00874,AAGGATGAGTACTGGACTGA,Mmp7"
"sgRNA_00875,ACTTCAAGAGGGTTAGTTGG,Mmp7"
"sgRNA_00876,GGGGACAGGAGGCAGATCTG,Mpp2"
"sgRNA_00877,ATTGCCCGCATTCTGCATGG,Mpp2"
"sgRNA_00878,CGTGCTGGATGTCAACCCGC,Mpp2"
"sgRNA_00879,CATGCCCCCATGCAGAATGC,Mpp2"
"sgRNA_00880,TTGGCCAGGGATCTGACTAT,Mpp2"
"sgRNA_00881,TGACCGTGAGCTCTGTTAGG,Mpzl3"
"sgRNA_00882,AGTGCCGATGCTCACGTCCG,Mpzl3"
"sgRNA_00883,AGGGCGGTATGTCCAGTCTA,Mpzl3"
"sgRNA_00884,GCTCACGTCCGAGGCTATGT,Mpzl3"
"sgRNA_00885,GGCCGGAAATGTCTACAAAG,Mpzl3"
"sgRNA_00886,TGAGTGACATGGTACTGTAG,Msrb3"
"sgRNA_00887,GCAACCTGAGGGGAGCCCGC,Msrb3"
"sgRNA_00888,GGTGGAAACCAGCTGTTCTC,Msrb3"
"sgRNA_00889,TTCCTACGGGATGCACAGGG,Msrb3"
"sgRNA_00890,AGAGCCTGCGGGCTCCCCTC,Msrb3"
"sgRNA_00891,GCAAGAACTAGAAAGCCTGA,Mtus1"
"sgRNA_00892,CTTCTGTGGAAACTGCACAA,Mtus1"
"sgRNA_00893,CAGGAGGTGCTGGATCACAA,Mtus1"
"sgRNA_00894,GGTGCAGGATGAATCCACTT,Mtus1"
"sgRNA_00895,GAAGGAACCAGAATTCCTGG,Mtus1"
"sgRNA_00896,GCTGCCCATAGCTCTTTCGG,Muc1"
"sgRNA_00897,AGAACTGGTAGGTAGCACCG,Muc1"
"sgRNA_00898,CGTGGTGGTAGAATCGACTG,Muc1"
"sgRNA_00899,AGGCACTAAAAGTACCCTCC,Muc1"
"sgRNA_00900,GCTTATACAGCATAAGAAGG,Muc1"
"sgRNA_00901,GAAGAAAAACAAATTCCGAG,Murc"
"sgRNA_00902,AGAGAGGCTGAGGCAGTCGG,Murc"
"sgRNA_00903,TCTGTCCAGCACGGTCACAA,Murc"
"sgRNA_00904,CAGCACGGTCACAATGGTGA,Murc"
"sgRNA_00905,CTAGGATAGTCACTCCTGAG,Murc"
"sgRNA_00906,AGTGCGTGCGCAGAGCATCG,Nbeal2"
"sgRNA_00907,CGTCACTGAGAATAGCACGT,Nbeal2"
"sgRNA_00908,GATATGTAGAGAGCACTGAG,Nbeal2"
"sgRNA_00909,CGGAATGAGCTCCTTCACGT,Nbeal2"
"sgRNA_00910,TGAGTGCCAGCTCGTCACGG,Nbeal2"
"sgRNA_00911,AGAGGACGGGAACTCCATCA,Ncam1"
"sgRNA_00912,GACTCTGGATGGGCACATGG,Ncam1"
"sgRNA_00913,AAAGACCTTGAGGTGGATGG,Ncam1"
"sgRNA_00914,GAAGATCTTCACGTTGACAG,Ncam1"
"sgRNA_00915,TGCCGGCATATACAAGTGTG,Ncam1"
"sgRNA_00916,GCCATCTGCCATCCTCACTG,Necab2"
"sgRNA_00917,GTGGACACCAAGGAACTGTG,Necab2"
"sgRNA_00918,GTCAACGAGAGCCGCTACGG,Necab2"
"sgRNA_00919,GTGGTTCAAAGTCTCCAGGG,Necab2"
"sgRNA_00920,GACTACTTTGTGGAGCACAT,Necab2"
"sgRNA_00921,AGTAGCCAAGGAGAGCATGT,Nek10"
"sgRNA_00922,AGTGTGGAAATCCGAATCTG,Nek10"
"sgRNA_00923,TGAGAAACAGACTTATATGC,Nek10"
"sgRNA_00924,AGTAAGCTTACATCTATGGT,Nek10"
"sgRNA_00925,TGGAGAGAAGGCCGATGTCT,Nek10"
"sgRNA_00926,CCAAGCCGGAAATTACATGG,Nexn"
"sgRNA_00927,GTTTGAAGGAGAAATACTGC,Nexn"
"sgRNA_00928,GGAAGGTTTCCGGTAAATAC,Nexn"
"sgRNA_00929,AGAAGCAGAAAACTTCCATG,Nexn"
"sgRNA_00930,TGGAGGAGAGTACATGTGTA,Nexn"
"sgRNA_00931,CATCGGGAGGAAGAACACCA,Nfatc1"
"sgRNA_00932,GGACAGGATGATCTCGTGGC,Nfatc1"
"sgRNA_00933,GCTACTTACAACACTCGATA,Nfatc1"
"sgRNA_00934,CAGGAAGGTACGTGAAACGC,Nfatc1"
"sgRNA_00935,TGGAGGACACCCCATTGTGC,Nfatc1"
"sgRNA_00936,CTGGGTGCTGAACAGCACAC,Ngf"
"sgRNA_00937,TGGGTGCTGAACAGCACACG,Ngf"
"sgRNA_00938,AGTGTTTGGAGTCGATGCCC,Ngf"
"sgRNA_00939,GATCAGAGTGTAGAACAACA,Ngf"
"sgRNA_00940,GTGTGACAGTGTCAGTGTGT,Ngf"
"sgRNA_00941,GTATGGTGTAGGTACCCTCG,Nim1k"
"sgRNA_00942,GGGATTCACTCCCTAACCAA,Nim1k"
"sgRNA_00943,TTTCGAGACCAACACTACGT,Nim1k"
"sgRNA_00944,TGCTCGGAGCTCTATCACGG,Nim1k"
"sgRNA_00945,CGGTTCAGAAAGCTTCCCCT,Nim1k"
"sgRNA_00946,GTGATGGTGTACATCCATGG,Nlgn1"
"sgRNA_00947,AAGTTATTAGTGAACCACAC,Nlgn1"
"sgRNA_00948,AGGCTGCCAAAGGAAACTAC,Nlgn1"
"sgRNA_00949,AATAATGGGATAAAGTCAGC,Nlgn1"
"sgRNA_00950,TGGGGGTCCCAAACCAGTGA,Nlgn1"
"sgRNA_00951,GACTTACTGAAGGTGTGTGA,Nlrc3"
"sgRNA_00952,GCTTACAGGAGAATGCCATA,Nlrc3"
"sgRNA_00953,TCTCCAGGGGAATCCCATTG,Nlrc3"
"sgRNA_00954,TAACAGAAGCCTCATCACAC,Nlrc3"
"sgRNA_00955,TACCAATGGAGGCCACCTGT,Nlrc3"
"sgRNA_00956,AGTAGCCAAGGAGACACACC,Nme5"
"sgRNA_00957,AGCTCAGGAACGCACTTCAT,Nme5"
"sgRNA_00958,GCTAATATCATAGCAACAAG,Nme5"
"sgRNA_00959,GAACCTGATCTCTCGCTCTG,Nme5"
"sgRNA_00960,TATGATATTAGCTAGACATA,Nme5"
"sgRNA_00961,GAAGGAGGCCAGCATAAGTG,Notch3"
"sgRNA_00962,GGATATCAGCAGCAACCAGG,Notch3"
"sgRNA_00963,GGCGTTCAGTGCCTACACAA,Notch3"
"sgRNA_00964,GCCCAGCCTTGCCAGCACGG,Notch3"
"sgRNA_00965,AGGGCAGGCACAGTAGAAAG,Notch3"
"sgRNA_00966,TGTGTGCATACGATGAACTC,Npas2"
"sgRNA_00967,GTTACCGGTTTCTAACCAAA,Npas2"
"sgRNA_00968,AAGGAGAGGTGTGATACTGT,Npas2"
"sgRNA_00969,GCTGCCCTTTGGTTAGAAAC,Npas2"
"sgRNA_00970,GTGGTAGGTGATGTAGTAGT,Npas2"
"sgRNA_00971,GATGCCGCACGAGTCAACGG,Nt5c2"
"sgRNA_00972,AATTAGTAAAAAAATCTACG,Nt5c2"
"sgRNA_00973,AGGTCAAAGTAGGACTGCCA,Nt5c2"
"sgRNA_00974,AGTGGACTGGGTCCATTACA,Nt5c2"
"sgRNA_00975,GCACGGCATTGTCTACTCAG,Nt5c2"
"sgRNA_00976,AGGATCCGGATCACCCCTGG,Ocln"
"sgRNA_00977,TTGCTTGGGACAGAGGCTAT,Ocln"
"sgRNA_00978,TGTTGATCTGAAGTGATAGG,Ocln"
"sgRNA_00979,CAGGATCCGGATCACCCCTG,Ocln"
"sgRNA_00980,CAAATGGACGTCGCCCCCAG,Ocln"
"sgRNA_00981,TATCAGTGGGTTCAGCACTG,Olfr109"
"sgRNA_00982,TGATAGCAGTGTAGCGAAGT,Olfr109"
"sgRNA_00983,GGCCATCACAGCCAGCAAGA,Olfr109"
"sgRNA_00984,GATGCAGCCTAGGAATGATA,Olfr109"
"sgRNA_00985,CACAGGCAGTATATCCATGG,Olfr109"
"sgRNA_00986,GACTGGCAGTAGAACACACT,Olfr11"
"sgRNA_00987,AGGATACAGCCGCCAACTGA,Olfr11"
"sgRNA_00988,TGAGAGAGAGAGGTGTTAGG,Olfr11"
"sgRNA_00989,GAAAGTGGTCTATGACATAG,Olfr11"
"sgRNA_00990,GCAATAATTCCATAGAAAAG,Olfr11"
"sgRNA_00991,TTAGCAGCTTCATGCTGGAC,Olfr110"
"sgRNA_00992,ATCCTGTAATTTATACGCTA,Olfr110"
"sgRNA_00993,TCTCAACTCAGTGTTGCACA,Olfr110"
"sgRNA_00994,AATTTATACGCTAAGGAATA,Olfr110"
"sgRNA_00995,TTCCTTAGCGTATAAATTAC,Olfr110"
"sgRNA_00996,GGGCAGGTGGAAGGTCAGAA,Olfr111"
"sgRNA_00997,AGGCTGCTAACCAGCTGCAC,Olfr111"
"sgRNA_00998,TTCCTCAGTGCATAAATTAT,Olfr111"
"sgRNA_00999,GAAAGGATGATGCACAGGAA,Olfr111"
"sgRNA_01000,GCTGGTTAGCAGCCTCATGC,Olfr111"
"sgRNA_01001,AGAATGCAGACGTTGGTCCA,Olfr125"
"sgRNA_01002,ACATGGGAGAATGCAGACGT,Olfr125"
"sgRNA_01003,AGCAGAGATCCAAAAAAGAG,Olfr125"
"sgRNA_01004,AACATGACTACAAACAAATG,Olfr125"
"sgRNA_01005,AAACAAATGTGGTAGACAGG,Olfr125"
"sgRNA_01006,GTAAGGGTAAAAGTAACACG,Olfr13"
"sgRNA_01007,TGATGGCAGAGTAACGGAGT,Olfr13"
"sgRNA_01008,AGGACATCACCACTAGGAGA,Olfr13"
"sgRNA_01009,TGGGGAATGGAACCATCGTG,Olfr13"
"sgRNA_01010,TGCATAAGAGACCACAATTG,Olfr13"
"sgRNA_01011,GCCACACAGGGGTACCCAGA,Olfr137"
"sgRNA_01012,ATGTGAGAGGGGCAATAAGG,Olfr137"
"sgRNA_01013,AGAGAGAAACAACAGTAAGA,Olfr137"
"sgRNA_01014,GCCAGCAGTTGGCAAAAACG,Olfr137"
"sgRNA_01015,AGAGGTTAAATAGCAGCTGG,Olfr137"
"sgRNA_01016,AAAATGCTATACGAATGTCC,Olfr142"
"sgRNA_01017,CAAGCTTAAATAATTGTTGC,Olfr142"
"sgRNA_01018,TTCAACAACACCAAAGAAAT,Olfr142"
"sgRNA_01019,GTCATCCTGTTCTTTGTGCC,Olfr142"
"sgRNA_01020,GATTAGGATGACAGCATAGG,Olfr142"
"sgRNA_01021,AAAAGGAGTAAGCACACCTG,Olfr145"
"sgRNA_01022,TGGAGTAGCAGAAATCTATA,Olfr145"
"sgRNA_01023,GACTACCAGCTCATTTACAT,Olfr145"
"sgRNA_01024,CAGCACCTATGTAAATGAGC,Olfr145"
"sgRNA_01025,TGTTGTGGGCATTGATATAG,Olfr145"
"sgRNA_01026,CTCATGTAGGATGTATATTT,Olfr146"
"sgRNA_01027,CTGCCTGAGAACATGGAAAA,Olfr146"
"sgRNA_01028,CCCATCATCTTCCCATTCGA,Olfr146"
"sgRNA_01029,TGTTTCAGAAAGTTACATGC,Olfr146"
"sgRNA_01030,TGATGAAAGCATAAGAACTG,Olfr146"
"sgRNA_01031,GATATCACAGAACAGATCTG,Olfr147"
"sgRNA_01032,GAAGAATGTCACATAAGTAA,Olfr147"
"sgRNA_01033,AATAATCTACATAATCACAG,Olfr147"
"sgRNA_01034,TATCACAGAACAGATCTGAG,Olfr147"
"sgRNA_01035,AGGATGTCAAGGTGGCATTA,Olfr147"
"sgRNA_01036,AGATGCTGAAAAATTTATGG,Olfr15"
"sgRNA_01037,AAGGCGCGAAAGCAGGATGA,Olfr15"
"sgRNA_01038,GAGAAACACTACCACCAAGT,Olfr15"
"sgRNA_01039,AACCAGCGTCAACAAGTAAG,Olfr15"
"sgRNA_01040,AGAGAAACACTACCACCAAG,Olfr15"
"sgRNA_01041,ACAGTGACAGAGTTTATCCT,Olfr151"
"sgRNA_01042,TGACAGAGTTTATCCTCGGG,Olfr151"
"sgRNA_01043,GTCTATGCCGTAGGACTCAT,Olfr151"
"sgRNA_01044,TAAAATGCTCATCAACTTTG,Olfr151"
"sgRNA_01045,TGCTGAACCGATGAGTCCTA,Olfr151"
"sgRNA_01046,GAATCTTCAAGACTGAGAGA,Olfr152"
"sgRNA_01047,GGCCACGGAGGTCAGGTGAG,Olfr152"
"sgRNA_01048,GCACAATTAACCATATGCAG,Olfr152"
"sgRNA_01049,GATAGATGGCCACGGAGGTC,Olfr152"
"sgRNA_01050,TACAAGTGGAAACTACACCT,Olfr152"
"sgRNA_01051,CAGGACTAAGGGAATCGAGG,Olfr156"
"sgRNA_01052,ATCCAGGACTAAGGGAATCG,Olfr156"
"sgRNA_01053,GTTGTCAGATCACCCAAAGC,Olfr156"
"sgRNA_01054,GGTCAGCACCCCATAAAATA,Olfr156"
"sgRNA_01055,GGAAGGAGCCAATCAGTCTA,Olfr156"
"sgRNA_01056,AAAAAATGATCACCACGGTG,Olfr157"
"sgRNA_01057,ATCAAGGACTAAGGGAACGG,Olfr157"
"sgRNA_01058,GGTGGGCGGAGAGGCCCAAC,Olfr157"
"sgRNA_01059,CCCATAAAAAATGATCACCA,Olfr157"
"sgRNA_01060,GCTCATCTTGTCAATGTACC,Olfr157"
"sgRNA_01061,GGTGACAAAAAAGAACATTT,Olfr16"
"sgRNA_01062,TGTGAGCAGAAAGCAGTTGT,Olfr16"
"sgRNA_01063,AGCCTGCCAAGGATATGGGA,Olfr16"
"sgRNA_01064,TCAGGCTGGAAAGCATCCGT,Olfr16"
"sgRNA_01065,AAGGTTGTAAAAAATCAGGC,Olfr16"
"sgRNA_01066,GGGGATCTACATAATCACCA,Olfr160"
"sgRNA_01067,TGTTGAGCCTATGAGTCCCA,Olfr160"
"sgRNA_01068,GGAAATGAGTACGGTTAAGC,Olfr160"
"sgRNA_01069,GCCTGTTAGTTAGCCCTCTG,Olfr160"
"sgRNA_01070,TGGTGATTATGTAGATCCCC,Olfr160"
"sgRNA_01071,GCTGCCTGGAGAGTCCCAGA,Olfr161"
"sgRNA_01072,AAGAAAGGCACAAAGCTGAT,Olfr161"
"sgRNA_01073,GACAAGAGGATGCAAACAAA,Olfr161"
"sgRNA_01074,GGCTCAACTCTACTTCTGTG,Olfr161"
"sgRNA_01075,AGATGAGGGGTTGAAATACA,Olfr161"
"sgRNA_01076,CCCAACAGAAGATAAGATTC,Olfr166"
"sgRNA_01077,TGATGAGCATCAAAAGTAGC,Olfr166"
"sgRNA_01078,CCTGACTATGGCATGTTCTG,Olfr166"
"sgRNA_01079,CCTCAGAACATGCCATAGTC,Olfr166"
"sgRNA_01080,ATCCTTCTTCTTCCTGACTA,Olfr166"
"sgRNA_01081,AGTAGAAAGTTACAACAGTG,Olfr167"
"sgRNA_01082,TGAATGGAAACACAAGAAAG,Olfr167"
"sgRNA_01083,ATGGCTCTGGATCTGCAGTA,Olfr167"
"sgRNA_01084,AGCAAGGAAAACACGACCAT,Olfr167"
"sgRNA_01085,GGCCATAGATGCCAACAAAA,Olfr167"
"sgRNA_01086,GGGCCATGACAAGAGTCCTT,Olfr168"
"sgRNA_01087,TCATGGAAGAGAATGTCCCA,Olfr168"
"sgRNA_01088,CAAGCCCTCAGAACCTGCCA,Olfr168"
"sgRNA_01089,TGATGAGCATCATAAGTAGT,Olfr168"
"sgRNA_01090,CATTGCTGAGTTTCCAAACA,Olfr168"
"sgRNA_01091,TATGACAACAACCATGTGGA,Olfr169"
"sgRNA_01092,TGCAAAAACTGTGTGTACTA,Olfr169"
"sgRNA_01093,AACAACCATGTGGAAGGAAC,Olfr169"
"sgRNA_01094,ACTAAGCAGGAAATACATTG,Olfr169"
"sgRNA_01095,AGAAGAGGGAGACAACGAGG,Olfr17"
"sgRNA_01096,ATGAGGTGAAGGCTGCATTG,Olfr17"
"sgRNA_01097,TGGGAACCCGGAGAACCAAG,Olfr17"
"sgRNA_01098,GATCACAGATCGCCATGTAG,Olfr17"
"sgRNA_01099,AGGGAAACTGAAAATCCATG,Olfr17"
"sgRNA_01100,ACTGAGCAGAAAATACATTG,Olfr170"
"sgRNA_01101,GCACAGGGTAGCAAAGTGGG,Olfr170"
"sgRNA_01102,AGTGCATTTGGAATACAGTG,Olfr170"
"sgRNA_01103,TCAGCACAGGGTAGCAAAGT,Olfr170"
"sgRNA_01104,GACTGAGCAGAAAATACATT,Olfr170"
"sgRNA_01105,AGGACATGACTGCCAAGAGA,Olfr171"
"sgRNA_01106,CTGATGAGGGATAACTTCAG,Olfr171"
"sgRNA_01107,AGTTAAGCTTATCTTTGAAG,Olfr171"
"sgRNA_01108,ACTGAGCAGGAAATACATTG,Olfr171"
"sgRNA_01109,GCACAGGGTAGCGAAGTGGG,Olfr171"
"sgRNA_01110,AGGCTCCCGTGATCATCTGA,Olfr172"
"sgRNA_01111,TATTGTGAAAACTTGGATTG,Olfr172"
"sgRNA_01112,AGAGAATCAAGAATGCTTGA,Olfr172"
"sgRNA_01113,ATGCAGGTTTCCAACTATGA,Olfr172"
"sgRNA_01114,ATCACGGGAGCCTTCATAGT,Olfr172"
"sgRNA_01115,GGTGTGAAGAGAACGTTCTT,Olfr173"
"sgRNA_01116,GCTCTGCCTTCAGATGACGA,Olfr173"
"sgRNA_01117,AAGCTCCCGTCGTCATCTGA,Olfr173"
"sgRNA_01118,ACGACGGGAGCTTTCATAGC,Olfr173"
"sgRNA_01119,ATACAAGCTCGTTGATATAG,Olfr173"
"sgRNA_01120,TTACAGCCTGAGAAATACTG,Olfr178"
"sgRNA_01121,GTAATGGTAAGAAATTGAAT,Olfr178"
"sgRNA_01122,AAGAATGGAAATCAGGTTAC,Olfr178"
"sgRNA_01123,ATTGTATAAAATATGGCCAC,Olfr178"
"sgRNA_01124,TCAAGATGAAATCTAAAGAT,Olfr178"
"sgRNA_01125,AGCATAGAGATGACACAGTC,Olfr18"
"sgRNA_01126,GATAGGGAGAAAACCAGAGA,Olfr18"
"sgRNA_01127,TGATGGCATTCTAAGAATGG,Olfr18"
"sgRNA_01128,GACGAGGGTTCATAATGAAC,Olfr18"
"sgRNA_01129,GATGCTACTGCACCCTTCCT,Olfr18"
"sgRNA_01130,CCAAAACTAAAAATCCACAG,Olfr19"
"sgRNA_01131,AGCATCTGTTATGTACAGTG,Olfr19"
"sgRNA_01132,AAGATGGGAATCTGTAATGG,Olfr19"
"sgRNA_01133,TTTGCAGCTATACTGCTGGG,Olfr19"
"sgRNA_01134,AAACTAAAAATCCACAGAGG,Olfr19"
"sgRNA_01135,AGAAGATAATCACAACAGTG,Olfr2"
"sgRNA_01136,AGTAAGACAGGCGAGAAATG,Olfr2"
"sgRNA_01137,TGGACAGCTGATCTCCTTTG,Olfr2"
"sgRNA_01138,AGAGCTTACAGACTTTATCC,Olfr2"
"sgRNA_01139,TGTTGGGGCCACAGTAAGAC,Olfr2"
"sgRNA_01140,AGAAAAGGGCTACTACAGAG,Olfr24"
"sgRNA_01141,GCAGGAAAGTCGGAGAAGTG,Olfr24"
"sgRNA_01142,AGAATACCAGACGGGCCATG,Olfr24"
"sgRNA_01143,ACACAGATAGACTCCAATGG,Olfr24"
"sgRNA_01144,GAGGCCAGGATGCAGACAAA,Olfr24"
"sgRNA_01145,AGGATGTGAAGAAAGCATTG,Olfr26"
"sgRNA_01146,TAGAACAGGAGAGATTGAGC,Olfr26"
"sgRNA_01147,GAAATAATGGCTTATGATAT,Olfr26"
"sgRNA_01148,GCATTGGGGAGATTCTTTGT,Olfr26"
"sgRNA_01149,TGAACCCTCCAATAATAAAT,Olfr26"
"sgRNA_01150,ACTCTGCAATACCAAATATG,Olfr27"
"sgRNA_01151,TTCAATGATAAACGTATTAG,Olfr27"
"sgRNA_01152,GGAGTGAATGCAGAGGATGG,Olfr27"
"sgRNA_01153,CATCCTCTGCATTCACTCCA,Olfr27"
"sgRNA_01154,CATCTCTTACTCTGGATGTA,Olfr27"
"sgRNA_01155,TAGAAACGGAAGCATAATGG,Olfr3"
"sgRNA_01156,GGTTCCCCAGCACTGTAATA,Olfr3"
"sgRNA_01157,CTGCTGTGAAGATTACCAGT,Olfr3"
"sgRNA_01158,TTGCGGGTCCCATCTCTCAG,Olfr3"
"sgRNA_01159,CAGCACTGTAATAAGGTACA,Olfr3"
"sgRNA_01160,AGAGCTCATATGGTAGACAG,Olfr31"
"sgRNA_01161,AGTGGCCAGAATCCGCGCAT,Olfr31"
"sgRNA_01162,TTGAGCTGTGCATCCCACAA,Olfr31"
"sgRNA_01163,TGATAATCCAACAGATCCGG,Olfr31"
"sgRNA_01164,GTAAGAGTGTGGTACCATAT,Olfr31"
"sgRNA_01165,GACAACCATAGTAAGGTGAG,Olfr38"
"sgRNA_01166,AGCACAGGACAACCATAGTA,Olfr38"
"sgRNA_01167,GACGACAGCAAGGGTTTCAC,Olfr38"
"sgRNA_01168,AAGGAATAAAGAGGTTAAGG,Olfr38"
"sgRNA_01169,AGCCAATCTGACGACAGCAA,Olfr38"
"sgRNA_01170,TTGAGTGAGGCACTGCATGT,Olfr39"
"sgRNA_01171,TAAAAAAATAGACTTGAGTG,Olfr39"
"sgRNA_01172,GACAGGAAACACACATAACA,Olfr39"
"sgRNA_01173,CATCAGTCCCAGCTGAACTG,Olfr39"
"sgRNA_01174,AACACATGTCTACAAATGAG,Olfr39"
"sgRNA_01175,GATGTACTTCATGATAGGCT,Olfr43"
"sgRNA_01176,GGCATGGTCTCACATGAGGG,Olfr43"
"sgRNA_01177,TGTGGAAAAGACCCGGACGT,Olfr43"
"sgRNA_01178,TGTTCCCAAACACTGTGATG,Olfr43"
"sgRNA_01179,GCACAGATGTACTTCATGAT,Olfr43"
"sgRNA_01180,ACTCCGCAATTGCAAATATG,Olfr44"
"sgRNA_01181,TTTATATGATCACTGTAGCA,Olfr44"
"sgRNA_01182,TGTAGGAAGTAATAATGGTC,Olfr44"
"sgRNA_01183,AGAATGAATGATATGACATC,Olfr44"
"sgRNA_01184,ATCACTGTAGCAGGGAATTT,Olfr44"
"sgRNA_01185,CCCCACTAAAGTGAACACAC,Olfr47"
"sgRNA_01186,CAGGAGAAAGCTGACTATCC,Olfr47"
"sgRNA_01187,AAACTACCAAGGCTTGTGGT,Olfr47"
"sgRNA_01188,CCTGTGTGTTCACTTTAGTG,Olfr47"
"sgRNA_01189,AAAGTCATTCTTGTTTGGTG,Olfr47"
"sgRNA_01190,TGTGAGAAAGCAGCCTAACT,Olfr52"
"sgRNA_01191,GAGTGTGAATCAATGCCATG,Olfr52"
"sgRNA_01192,ATGGCAATAGGATAGGCGGA,Olfr52"
"sgRNA_01193,TTGTGACCATATACAATAGA,Olfr52"
"sgRNA_01194,GGTATCAGAGTGCTTGCTCC,Olfr52"
"sgRNA_01195,GAACATGACAAGTAAAATGG,Olfr55"
"sgRNA_01196,GAAGGGGGTGAGGACTGTGT,Olfr55"
"sgRNA_01197,GGCATGTGGAGAGAATGTAC,Olfr55"
"sgRNA_01198,ATGTGGAGAGAATGTACTGG,Olfr55"
"sgRNA_01199,GGTTGCCTAGCAGAGTGAAG,Olfr55"
"sgRNA_01200,GAATGGGATAGTGAAGTGGG,Olfr56"
"sgRNA_01201,TTATAGCTTGAGGAACAGGG,Olfr56"
"sgRNA_01202,GACATTTCCACAGAGCGCCA,Olfr56"
"sgRNA_01203,AGACACAGCAAGCAAAGAGC,Olfr56"
"sgRNA_01204,TGATGGAATAATTCAGATGG,Olfr56"
"sgRNA_01205,GGTGAAGAGGATGTCAACAC,Olfr59"
"sgRNA_01206,AGAATAGGGCCACCACAGAA,Olfr59"
"sgRNA_01207,GAGGATGTCAACACAGGAAA,Olfr59"
"sgRNA_01208,TTGGACCCTTACAACCGTTG,Olfr59"
"sgRNA_01209,TGTCCATGTCTCCAAAAGTC,Olfr59"
"sgRNA_01210,TAAGTGCATGATAATGCAGG,Olfr63"
"sgRNA_01211,GGACTTGAGGTAAATTATGG,Olfr63"
"sgRNA_01212,GGAAGGCTGAGAAACCAAAG,Olfr63"
"sgRNA_01213,TGAGGGGTGTGACACACACC,Olfr63"
"sgRNA_01214,AGCATGTCAGACAGCATTCG,Olfr63"
"sgRNA_01215,GACAATAGGGAAACCAATGC,Olfr65"
"sgRNA_01216,AGAGAGAGTGTGGATAAAAT,Olfr65"
"sgRNA_01217,AGGATGGTGGTATACCTTAG,Olfr65"
"sgRNA_01218,GAAATGTTGAGCCACATTGA,Olfr65"
"sgRNA_01219,TGTCTGCAATGCCTTCAATG,Olfr65"
"sgRNA_01220,GCACTGGGAGCACTGCTCAG,Olfr66"
"sgRNA_01221,GAACATGGGAATGGCAGTAT,Olfr66"
"sgRNA_01222,AGAAAGGGATAGAGATCCAG,Olfr66"
"sgRNA_01223,AGAACATGGGAATGGCAGTA,Olfr66"
"sgRNA_01224,ACCAGAGGGAGATTGCACAA,Olfr66"
"sgRNA_01225,TGGAGCTGGTGCATTACTCA,Olfr68"
"sgRNA_01226,TTTGATGAGTAGTATGGATG,Olfr68"
"sgRNA_01227,ATTTGATGAGTAGTATGGAT,Olfr68"
"sgRNA_01228,CATTTGATGAGTAGTATGGA,Olfr68"
"sgRNA_01229,AGAGAGTCACTAATGTTTCT,Olfr68"
"sgRNA_01230,CTATGTGCGAATCTTCATCA,Olfr69"
"sgRNA_01231,GAGCAATATCAATGGAAATG,Olfr69"
"sgRNA_01232,CATTTGATGAGCAATATCAA,Olfr69"
"sgRNA_01233,TGATGTTCACAGGGGTTTCT,Olfr69"
"sgRNA_01234,AGATGGCAAAGGCAACAAGG,Olfr69"
"sgRNA_01235,GGGGAACACAGCCATCGTGG,Olfr71"
"sgRNA_01236,AGGTACATGACTGAGCACAG,Olfr71"
"sgRNA_01237,AGGCCATGACGGCCAACAGC,Olfr71"
"sgRNA_01238,ATGAGCACGGGGTACCTGAG,Olfr71"
"sgRNA_01239,GACGGCCAACAGCAGGCACT,Olfr71"
"sgRNA_01240,CATCTTGGGAGCAACAATGG,Olfr73"
"sgRNA_01241,AACAAAAATCCACAAAAGAG,Olfr73"
"sgRNA_01242,AATCTAGTTACAATGAACAG,Olfr73"
"sgRNA_01243,GATGGTTATAGCTGTCAGAT,Olfr73"
"sgRNA_01244,ATAGGATCCCAATACCAGCA,Olfr73"
"sgRNA_01245,TGGTGGGATCCTACGCATGG,Olfr74"
"sgRNA_01246,GGACAGTGACAACAATGAAC,Olfr74"
"sgRNA_01247,CCAGAAACTCTGTATCACAC,Olfr74"
"sgRNA_01248,GGTGGTGGGATCCTACGCAT,Olfr74"
"sgRNA_01249,TGTGCTGACAGCATTAAATG,Olfr74"
"sgRNA_01250,TGAGTAGCAAATGTCAACGA,Olfr76"
"sgRNA_01251,ACAGCATGGTCACTGCCATG,Olfr76"
"sgRNA_01252,GGGTCTCTGCATGCGCATGG,Olfr76"
"sgRNA_01253,GCAAAAGTGGAGCTGAAATA,Olfr76"
"sgRNA_01254,GGTCACTGCCATGAGGTGCG,Olfr76"
"sgRNA_01255,GATCTTCTGAAAGACCAATA,Olfr77"
"sgRNA_01256,ATGATGACTGTGTAGTTAAG,Olfr77"
"sgRNA_01257,TCCAAGATAAAAGAACCAGA,Olfr77"
"sgRNA_01258,AATAAGGAGGAAATGTACTA,Olfr77"
"sgRNA_01259,CCAGAAGGCCACAGATTCGA,Olfr77"
"sgRNA_01260,AGTATGAATGAAAAACATCT,Olfr78"
"sgRNA_01261,GGACAGCAGCGTGACGCAGT,Olfr78"
"sgRNA_01262,TGGAATACCAATAAGCAGGA,Olfr78"
"sgRNA_01263,GTCCTGGAATACCAATAAGC,Olfr78"
"sgRNA_01264,CCGGGAGTCAAACCAAAAGA,Olfr78"
"sgRNA_01265,GCTCTGGAGAGGCTATTAGA,Olfr8"
"sgRNA_01266,ATGTGAAGAAAGCTCTGGAG,Olfr8"
"sgRNA_01267,AAGTACATGGGTGTGTGCAG,Olfr8"
"sgRNA_01268,ACAATGAATGTGTAATACAA,Olfr8"
"sgRNA_01269,GTACAAGATTCATTATGAGG,Olfr8"
"sgRNA_01270,GATGGTGGGGACAGAAGGGC,Olfr90"
"sgRNA_01271,AGGACAGTCGAATCAAAGCA,Olfr90"
"sgRNA_01272,GCTTTGATTCGACTGTCCTG,Olfr90"
"sgRNA_01273,ACAGAAGGGCAGGCGCAGAG,Olfr90"
"sgRNA_01274,GGCCTGGACGATTGGCCTAG,Olfr90"
"sgRNA_01275,AGGAGAGTCGAATTAAAGAT,Olfr91"
"sgRNA_01276,TTAAAGATGGGACTTCACAC,Olfr91"
"sgRNA_01277,AAGCATGGAAAAAGGCTTTG,Olfr91"
"sgRNA_01278,GATTACTGAGCTGTAGAAGA,Olfr91"
"sgRNA_01279,GGTCAAAAGACATCACTGTC,Olfr91"
"sgRNA_01280,TGTTGCTAGTATCTTCATTG,Olfr92"
"sgRNA_01281,AGGAGGTAAAAAGAGCATTC,Olfr92"
"sgRNA_01282,CCAGTTGGCAGGTATAGCTT,Olfr92"
"sgRNA_01283,GAAAGTTGTCTATCTGCCTG,Olfr92"
"sgRNA_01284,CCCAAGCTATACCTGCCAAC,Olfr92"
"sgRNA_01285,GGAACAGAAGGGCAGTGTGA,Olfr93"
"sgRNA_01286,TGAGGCTCAGAGGTACAAGC,Olfr93"
"sgRNA_01287,AATGACTGAGCTGTAAAAGA,Olfr93"
"sgRNA_01288,TGGTGTCCCCACAAGAGAGT,Olfr93"
"sgRNA_01289,AAGAGAGTCGGATTAGAGAT,Olfr93"
"sgRNA_01290,GCCATAAAATAGGCAGACCG,Olfr94"
"sgRNA_01291,AGACAGCGGGGTGCGCACAG,Olfr94"
"sgRNA_01292,AGGTGGCAGAGCCATAAAAT,Olfr94"
"sgRNA_01293,TGAGGGGGAAAACTCCAAGA,Olfr94"
"sgRNA_01294,GACGGCCAGCAGCACGCACT,Olfr94"
"sgRNA_01295,AGAGAGACACCACTACCAGG,Olfr95"
"sgRNA_01296,CGAGCTGCACACAAACCCTG,Olfr95"
"sgRNA_01297,GGGGCACAAGATGATAAGGG,Olfr95"
"sgRNA_01298,GGTCTTGCGGGGCTCTAGTG,Olfr95"
"sgRNA_01299,AGAAGTGAGGGACAGCGTTG,Olfr95"
"sgRNA_01300,TGAACACAGAAAAAAACAGG,Olfr96"
"sgRNA_01301,GGGGCCACAGAATCTCAACT,Olfr96"
"sgRNA_01302,GCAGCCAGCCACAGATATGG,Olfr96"
"sgRNA_01303,TGAGGTGTGGGTATCGTAGA,Olfr96"
"sgRNA_01304,CAGCAGAAAACACTCATCTG,Olfr96"
"sgRNA_01305,TGTGTCGATTCAGCATGCGC,Ovol1"
"sgRNA_01306,GGCACCTCTGCACTTACTGT,Ovol1"
"sgRNA_01307,GTTCCCGGTAGGGCTGTGGT,Ovol1"
"sgRNA_01308,CAGAGAGCAGCGCTGAGTGA,Ovol1"
"sgRNA_01309,AAAGCCAGGGGGCAGGAAGG,Ovol1"
"sgRNA_01310,TGGCAGGGTACAGACCAATG,Pacsin3"
"sgRNA_01311,GATGAGCTGAGCTTCCGAGC,Pacsin3"
"sgRNA_01312,GTGATGAAGAGGATCTGCGC,Pacsin3"
"sgRNA_01313,GCTGGTGGCGGAGCACACAC,Pacsin3"
"sgRNA_01314,AGGCCCACAGTACGGCACCC,Pacsin3"
"sgRNA_01315,GCTGCGATGGGCATCAATGG,Pappa"
"sgRNA_01316,GAAGTGTAAAGTGCTCATGT,Pappa"
"sgRNA_01317,TGGACCACAGGGATAATCAG,Pappa"
"sgRNA_01318,GCCCCTGGTCGCCATCTCGG,Pappa"
"sgRNA_01319,GTCCAGGTAACAGTGCATTC,Pappa"
"sgRNA_01320,TGATTGTAACGATTCTCTCT,Pcbp3"
"sgRNA_01321,AGTAAAGAAGATGCGTGAAG,Pcbp3"
"sgRNA_01322,ATACTGGGCAAGGCTGATGT,Pcbp3"
"sgRNA_01323,AGTTGGAAGCATCATCGGGA,Pcbp3"
"sgRNA_01324,CGCCAGGATCAACATCTCAG,Pcbp3"
"sgRNA_01325,GTTGACGTAAAGGTGGACTA,Pcdh1"
"sgRNA_01326,AAGCACAGTGACACGAAGCA,Pcdh1"
"sgRNA_01327,GCAACCTGGACCGTGAACGC,Pcdh1"
"sgRNA_01328,GACTACGGTTTACCAGACGT,Pcdh1"
"sgRNA_01329,GGGATGGCCAGGGTAATGAC,Pcdh1"
"sgRNA_01330,GATCAAGTCATATATATATG,Pcdh9"
"sgRNA_01331,GGTATAGGAAGATTTGACTG,Pcdh9"
"sgRNA_01332,GCCAAAGTATAGTACTGTGG,Pcdh9"
"sgRNA_01333,TGGTCAACATAAGTGACCTG,Pcdh9"
"sgRNA_01334,GATATCGTGGAAACTCCGGA,Pcdh9"
"sgRNA_01335,GGTGATTCTCAAGCACTGAG,Pde1a"
"sgRNA_01336,GTACAGGAAGAACTATCACA,Pde1a"
"sgRNA_01337,TCCGTCAGGAGAGAAAACGT,Pde1a"
"sgRNA_01338,GTTGACTTCCGATCACAAAG,Pde1a"
"sgRNA_01339,GAGACAAAGAAGCTGAATTA,Pde1a"
"sgRNA_01340,GTAGCACATCGGCTGCGTGC,Pde4a"
"sgRNA_01341,AGAGAGCAGCAAGAATCTCC,Pde4a"
"sgRNA_01342,GGTGTTGATTAGGAACTGGT,Pde4a"
"sgRNA_01343,TGATGCGATCAGTCCATTGT,Pde4a"
"sgRNA_01344,GCACTCACCTAGGAACGTGT,Pde4a"
"sgRNA_01345,GACTGGTCAGAGCTACCTAG,Pecr"
"sgRNA_01346,GTGATAGAAACCAACCTGAC,Pecr"
"sgRNA_01347,GTAACGTGGTCATTGCTTCC,Pecr"
"sgRNA_01348,TTTCCTCTTAGGGTGTAACG,Pecr"
"sgRNA_01349,ACAGCAGGAAACATACCAGA,Pecr"
"sgRNA_01350,GTCGCAGTAGCCGACAATGG,Pfn2"
"sgRNA_01351,GGAAAAGAAGGGGTCCATGG,Pfn2"
"sgRNA_01352,CGTTGATGGTGACTGCACAA,Pfn2"
"sgRNA_01353,TGCTCCAAGAGTCAAACCGT,Pfn2"
"sgRNA_01354,TGCAGTCACCATCAACGTAT,Pfn2"
"sgRNA_01355,GAAGAAGGAACTGAGGATCG,Phldb3"
"sgRNA_01356,CATATAGAAAAGACGTTCGT,Phldb3"
"sgRNA_01357,GCGGCCGCATTAAAACTTGG,Phldb3"
"sgRNA_01358,AGGTCTTGACGCAGAAGGTC,Phldb3"
"sgRNA_01359,TGGGCGGCCGCATTAAAACT,Phldb3"
"sgRNA_01360,GTTTGTGAAAGATTACAAGG,Pi4k2b"
"sgRNA_01361,GCTGCCTGCTTCCTAACCAG,Pi4k2b"
"sgRNA_01362,ACAGATCTTAAACCTCACTC,Pi4k2b"
"sgRNA_01363,GATTAAGTTTGACATCCACC,Pi4k2b"
"sgRNA_01364,AAGTTTGACATCCACCAGGT,Pi4k2b"
"sgRNA_01365,GATGCAGACGAGTAGAAAGG,Piezo2"
"sgRNA_01366,AGACACTGGAAGCCGCACGA,Piezo2"
"sgRNA_01367,GTCGTTGTAAGGAAGCACAC,Piezo2"
"sgRNA_01368,GCTGGTGATGTACTATACGC,Piezo2"
"sgRNA_01369,GGTTCTGCAGACCAGCCAGA,Piezo2"
"sgRNA_01370,GCTACAAAAACACAACCCTG,Pik3c2b"
"sgRNA_01371,GTGGATGAGCAGGTCCACGG,Pik3c2b"
"sgRNA_01372,TGTGTAGCTACATACATCTT,Pik3c2b"
"sgRNA_01373,GCACACAGCAGAGTCTCCCG,Pik3c2b"
"sgRNA_01374,GACACTGCGCAAGATCCAGG,Pik3c2b"
"sgRNA_01375,TGTAGTCAATTACCGCACTG,Pink1"
"sgRNA_01376,CGGCAGGAGGGGCACAGATG,Pink1"
"sgRNA_01377,GTCGGACTTGAGATCCCGAT,Pink1"
"sgRNA_01378,AAGTCTGAGATCACTAGCCA,Pink1"
"sgRNA_01379,ATGACCTTGCAGTTGCTGGA,Pink1"
"sgRNA_01380,GCTGGGAATAGGATACACAG,Pip5k1b"
"sgRNA_01381,AGAGGGGACCATCTACCTGA,Pip5k1b"
"sgRNA_01382,AGGCATCAACATCCGCATTG,Pip5k1b"
"sgRNA_01383,GGATTGGACAGTTCTATCAG,Pip5k1b"
"sgRNA_01384,GCTGCTGCCGGGCTATTACA,Pip5k1b"
"sgRNA_01385,GAAGGAATGTTATCAGACAT,Pipox"
"sgRNA_01386,AGAGGCAACTCAATCCCCAG,Pipox"
"sgRNA_01387,AAGCCGGAACCCAGTTACAC,Pipox"
"sgRNA_01388,ATGCTGGCAGTCCATAGATG,Pipox"
"sgRNA_01389,TGAGGGCCTTGTCTGCATAG,Pipox"
"sgRNA_01390,GCCACCTGCCAGATGTACGC,Pkp3"
"sgRNA_01391,GCTCCACCGTGACTTCCGGG,Pkp3"
"sgRNA_01392,TGTACAACCCCACAATCTGG,Pkp3"
"sgRNA_01393,CGACAATGTAGACAACAAGC,Pkp3"
"sgRNA_01394,GGCGCTACAGAATATCACCG,Pkp3"
"sgRNA_01395,GGAACTGCCACACAGCCCGA,Pla2g1b"
"sgRNA_01396,CCTGTCTAAGTCGTCCACTG,Pla2g1b"
"sgRNA_01397,GCATGAGTAGGAGTAAGTGT,Pla2g1b"
"sgRNA_01398,TGTAGCAGTGGTCATGAGTC,Pla2g1b"
"sgRNA_01399,TGATCAAGTGCACCATCCCC,Pla2g1b"
"sgRNA_01400,CATGAGAAAAGACAATGAGT,Pla2g7"
"sgRNA_01401,GGAAATGGATCGTACCCCGT,Pla2g7"
"sgRNA_01402,AGTGAAAAGGATGGACCCAT,Pla2g7"
"sgRNA_01403,GCAGAGTTGATAAAGAGGAG,Pla2g7"
"sgRNA_01404,GAAAAGGATGGACCCATGGG,Pla2g7"
"sgRNA_01405,GCCTTAAAGACATAGCACCA,Plat"
"sgRNA_01406,GAAGGACCGAAAGCTGACGT,Plat"
"sgRNA_01407,GCAAGAGTTACACAGCGTGG,Plat"
"sgRNA_01408,GGTCTTGGGCAGAACATACA,Plat"
"sgRNA_01409,GTACCTCTCTAGAAAGCAGT,Plat"
"sgRNA_01410,TGTTCTTACCCTCCACACAG,Plch2"
"sgRNA_01411,GCAGTGAAGAGGCACGTACC,Plch2"
"sgRNA_01412,AGCCATGAGGTAGCGAAGGC,Plch2"
"sgRNA_01413,CGATGAAGTCACGTCCAATG,Plch2"
"sgRNA_01414,TGCCAGCCATGAGGTAGCGA,Plch2"
"sgRNA_01415,GATGAGGGACCGTCGCAGTG,Plcl1"
"sgRNA_01416,AGGAGCGCAAGGGAACGTGC,Plcl1"
"sgRNA_01417,AGATATGAGAGAAAACATGC,Plcl1"
"sgRNA_01418,GAATCTCCACACAAACATAG,Plcl1"
"sgRNA_01419,GAACTGTGGCTGTCAGATTG,Plcl1"
"sgRNA_01420,TGAGTGAGCGAGCTCCACGT,Plcxd2"
"sgRNA_01421,GCCAGAAGGAAACTCAGGAT,Plcxd2"
"sgRNA_01422,TAGATGAAAAGTCCCCAGTG,Plcxd2"
"sgRNA_01423,GTTCAACTCAATCACAGTCG,Plcxd2"
"sgRNA_01424,GGTCTGCAATGCCGACTGGA,Plcxd2"
"sgRNA_01425,GATAGATCGCCTCATCACGT,Plekha6"
"sgRNA_01426,TGAAGCAGTGGAATAAGCGT,Plekha6"
"sgRNA_01427,GAACCAACTTATCAACATCC,Plekha6"
"sgRNA_01428,GGCACTGACCAACAGTACAG,Plekha6"
"sgRNA_01429,GAATAAGCGTTGGTTTGTCC,Plekha6"
"sgRNA_01430,GTTCTACAGAGCGTGCACGG,Plekhg6"
"sgRNA_01431,GCCCCCGTAAGTCTCAATTC,Plekhg6"
"sgRNA_01432,GCACCTCCTCCCAAAATCTC,Plekhg6"
"sgRNA_01433,AGACACACTGGAATTCTGTG,Plekhg6"
"sgRNA_01434,TCTCAGGTAGATCAGCTCAG,Plekhg6"
"sgRNA_01435,GCTGCTGTTTGACATACCAG,Plekhh1"
"sgRNA_01436,GCTGTCCTCCCACTGCACGC,Plekhh1"
"sgRNA_01437,AGGTAGATGCGGATGCACTC,Plekhh1"
"sgRNA_01438,GGAGAGCAGGATCTACGCGA,Plekhh1"
"sgRNA_01439,GAAGGGGTTTCGTAGCAAGA,Plekhh1"
"sgRNA_01440,GGATCAAGAAGAGCAGTGGG,Plekho2"
"sgRNA_01441,CTTGGCAGAGAAGCAAGTAG,Plekho2"
"sgRNA_01442,GTTCCGTGTCACATGCTCTA,Plekho2"
"sgRNA_01443,GGGATCGCAGCAGGATAAAG,Plekho2"
"sgRNA_01444,ATTCTCGTAGACCAGCAGCT,Plekho2"
"sgRNA_01445,CGAAGAGGAAGAAATAGCGC,Plvap"
"sgRNA_01446,CGACAGCCTGTACAGCCAGG,Plvap"
"sgRNA_01447,GATCCCGGGCAGGCTCTCGC,Plvap"
"sgRNA_01448,GCTGGAGCAACTGCGCACCG,Plvap"
"sgRNA_01449,GCTGTCGGCGCGGATCTCCG,Plvap"
"sgRNA_01450,CGCGCCAGTGAACCCAACGC,Pmaip1"
"sgRNA_01451,GAGTGCACCGGACATAACTG,Pmaip1"
"sgRNA_01452,ACGAGTGTGCTCAACTCCGG,Pmaip1"
"sgRNA_01453,GCCAGAACCACAGTTATGTC,Pmaip1"
"sgRNA_01454,AGTTGAGCTGCGAACTCAGG,Pmaip1"
"sgRNA_01455,GTCCACGTTTAGCAACATAC,Pof1b"
"sgRNA_01456,AGAACACAGTATCCAATCCT,Pof1b"
"sgRNA_01457,GAACATTTGGAGCGAATTGG,Pof1b"
"sgRNA_01458,GGTCGCTCCAAACCAAACTT,Pof1b"
"sgRNA_01459,CAGTGGGCCAATGAACAAGG,Pof1b"
"sgRNA_01460,GCTGTGGGGATGTCTCACAA,Pparg"
"sgRNA_01461,GCTGACCAAAGCCAAGGCGA,Pparg"
"sgRNA_01462,GCACCCTTGAAAAATTCGGA,Pparg"
"sgRNA_01463,AATGCTGGAGAAATCAACTG,Pparg"
"sgRNA_01464,GCTGAACGTGAAGCCCATCG,Pparg"
"sgRNA_01465,GTATTGAGGTAACCCCAGGC,Ppfia2"
"sgRNA_01466,GGGAATGCCAGCTTGGTACG,Ppfia2"
"sgRNA_01467,TGAATACCGCAACTCAGTGG,Ppfia2"
"sgRNA_01468,TGAACGGTCACTAAGAATGA,Ppfia2"
"sgRNA_01469,GCAATGATCGAGTTATTCGC,Ppfia2"
"sgRNA_01470,GTCCACCTGAGAGTGCACAG,Prdm1"
"sgRNA_01471,GAAGTGGTGGAACTCCTCTC,Prdm1"
"sgRNA_01472,GGATAGGATAAACCACCCGA,Prdm1"
"sgRNA_01473,GGTCCAAAGCGTGTTCCCTT,Prdm1"
"sgRNA_01474,AGTAAGGAGTACATACCGAA,Prdm1"
"sgRNA_01475,GAACCGAGCACAGTTGACAT,Prdm14"
"sgRNA_01476,GATGTGTGTTCGGAGTATGC,Prdm14"
"sgRNA_01477,TGAGAGGCACCGGCCCTACC,Prdm14"
"sgRNA_01478,AGAGTTGTAGAGACATCCAG,Prdm14"
"sgRNA_01479,GTAGTAGGGAAGCAATTACC,Prdm14"
"sgRNA_01480,CAGGATGGAAAAATCCACTG,Prickle1"
"sgRNA_01481,TGAGTACTGCGAAACCTGTG,Prickle1"
"sgRNA_01482,AGGGCAGAGATATATCATGA,Prickle1"
"sgRNA_01483,GACGAGTGCACGGAAGCCGA,Prickle1"
"sgRNA_01484,GCAGCACTGGCACGCCACAG,Prickle1"
"sgRNA_01485,TGGTGCTCAGTGCAACACAC,Prkab1"
"sgRNA_01486,TGATGGAGAGTGCATAGAGG,Prkab1"
"sgRNA_01487,CCTTGATGGAGAGTGCATAG,Prkab1"
"sgRNA_01488,CCTGTCCATCGAAACACGGT,Prkab1"
"sgRNA_01489,GATCCTTACCTTCTCGTGAG,Prkab1"
"sgRNA_01490,ATGTTGATGGAAGCGTGCCT,Prkg1"
"sgRNA_01491,AGAGCTCTGGACTATTCTCA,Prkg1"
"sgRNA_01492,TTGATGGAAGCGTGCCTGGG,Prkg1"
"sgRNA_01493,TGTCCTTGCCGTATTCCACG,Prkg1"
"sgRNA_01494,AGGTTTCGGACGAGTAGAGC,Prkg1"
"sgRNA_01495,GAAGGGGTTAAGTTGAACCA,Prom2"
"sgRNA_01496,AGCCTCTCACAGAAGCACGA,Prom2"
"sgRNA_01497,GATGGGACGGAAGTACTTGG,Prom2"
"sgRNA_01498,GAAGCTGTGACAGACGACTG,Prom2"
"sgRNA_01499,TGCAACAATATGAGACATAC,Prom2"
"sgRNA_01500,AGAACCGTGGCCACTTACCT,Pros1"
"sgRNA_01501,TGGGATGCCACCCAGGTAAG,Pros1"
"sgRNA_01502,GATCCCTCAAATGTCAATGG,Pros1"
"sgRNA_01503,GACACCAAAATATACTTCGC,Pros1"
"sgRNA_01504,TTGTTCGAAGAAACTATGAA,Pros1"
"sgRNA_01505,GATACAATGAGGAACTGCGA,Prrg4"
"sgRNA_01506,GGAACTGCGAGGGTAAGTCT,Prrg4"
"sgRNA_01507,GGGCTTCGGAAAACAATGGA,Prrg4"
"sgRNA_01508,GTCTCACCAAGTGTAAAAGG,Prrg4"
"sgRNA_01509,GATGTTATGAGCCTTCTGAC,Prrg4"
"sgRNA_01510,TGAGCAGGGAGCCTGCACAG,Prss22"
"sgRNA_01511,GATGACCACTGGCTACTGAC,Prss22"
"sgRNA_01512,TGTGCCAGGTGGATGACCAC,Prss22"
"sgRNA_01513,GGCTGGTGTACACACCGGGC,Prss22"
"sgRNA_01514,GGAGCGGTGAGCTAGGAGGC,Prss22"
"sgRNA_01515,AAGAAGTTACATCTTAACAC,Ptpn2"
"sgRNA_01516,GACACTTACCAGAACAAGAC,Ptpn2"
"sgRNA_01517,GGTATAATGGAAGTGAGATA,Ptpn2"
"sgRNA_01518,GAATATGAGAAAGTATCGAA,Ptpn2"
"sgRNA_01519,CCATGTAGGAGAATCTGAGT,Ptpn2"
"sgRNA_01520,AACCATGTCAATCAGGACGT,Ptprn2"
"sgRNA_01521,GTGGACGAATAGCCATACGC,Ptprn2"
"sgRNA_01522,GTAGGTCAGGATGTTCTCAG,Ptprn2"
"sgRNA_01523,GCAGACCAACGAGACTCGCA,Ptprn2"
"sgRNA_01524,TGGGCGCCTACACTGCTCAG,Ptprn2"
"sgRNA_01525,GCATCCTCTACCCAACACGG,Ptprt"
"sgRNA_01526,AGATGAGGAAGGGTAGACAG,Ptprt"
"sgRNA_01527,TGGTTTAATCCACAGGTAGG,Ptprt"
"sgRNA_01528,AGGATGCTGGGTGACCACGA,Ptprt"
"sgRNA_01529,GTTGGGAGAGTCCACGATGT,Ptprt"
"sgRNA_01530,GTTTATGAGGAATAACATGA,Rab11fip1"
"sgRNA_01531,GCAGCCTGGGCGCGCCCGTG,Rab11fip1"
"sgRNA_01532,GCTGCGCTCCGACACCGACG,Rab11fip1"
"sgRNA_01533,CAAGGAGAAGTACGCCACGT,Rab11fip1"
"sgRNA_01534,GATCAGCGAGGCCCTCATGA,Rab11fip1"
"sgRNA_01535,GAAGAGCAGAAACGGCAGGT,Rab15"
"sgRNA_01536,GTTCCGGCTACTGCTGATCG,Rab15"
"sgRNA_01537,CGAGGAGTGGAACTCGTTGT,Rab15"
"sgRNA_01538,GCAGTACTATCGGCGAGCCC,Rab15"
"sgRNA_01539,CTATCAGCATATCATGAAGT,Rab15"
"sgRNA_01540,GCAGACGTTTGAACGTCTGG,Rab3a"
"sgRNA_01541,TGAAGGAGTCATCTGCGTAG,Rab3a"
"sgRNA_01542,CGGCAGCTGGCTGACCACCT,Rab3a"
"sgRNA_01543,TGACATGGAAGATGAGCGAG,Rab3a"
"sgRNA_01544,TCAGATCAAAACTTACTCGT,Rab3a"
"sgRNA_01545,GATTCCAGTGATGAAGCTCT,Ramp3"
"sgRNA_01546,CTGGAAGTGGTGCAACCTGT,Ramp3"
"sgRNA_01547,GAAGCTCTGGGCCAGCGGGT,Ramp3"
"sgRNA_01548,GGCGCAGCAAGCACACTGAT,Ramp3"
"sgRNA_01549,GAGATGGAGACCAACATCAT,Ramp3"
"sgRNA_01550,GAAGTCCGGCCATATACTGT,Rapgef4"
"sgRNA_01551,GTTTCCATAACACCATAGGG,Rapgef4"
"sgRNA_01552,GCAGAAATACCGACAGTATA,Rapgef4"
"sgRNA_01553,AAATACCGACAGTATATGGC,Rapgef4"
"sgRNA_01554,GCCCGTTTCCATAACACCAT,Rapgef4"
"sgRNA_01555,GCAGACAGGAATCTATCCGG,Rapgefl1"
"sgRNA_01556,GTTGCAGCGAGGTCACTCAC,Rapgefl1"
"sgRNA_01557,GCCTCACCTCGTGCACACAT,Rapgefl1"
"sgRNA_01558,GCTGCTGCAGCGTTGCAGCG,Rapgefl1"
"sgRNA_01559,GGAGCCCCTGAATGCCACTC,Rapgefl1"
"sgRNA_01560,AGATGGATGACACCGAGACT,Rarg"
"sgRNA_01561,GCCCGGCAAAGGCAAAGACG,Rarg"
"sgRNA_01562,GAAGTGGGCATGTCCAAGGA,Rarg"
"sgRNA_01563,ATGAAAATCACCGACCTCCG,Rarg"
"sgRNA_01564,GGACCTGGAAGAGCCCGAGA,Rarg"
"sgRNA_01565,GAAGCTGGACTTTCCCACTG,Rasef"
"sgRNA_01566,GAAGGCTTACAAGATTGTGC,Rasef"
"sgRNA_01567,TGGAAGAGGAAATGGATCAG,Rasef"
"sgRNA_01568,AGAACAGAGGAGAGCCTTGG,Rasef"
"sgRNA_01569,TGCCAAAGATGGCTCCAACG,Rasef"
"sgRNA_01570,AGACCCCACAGACCACCCTC,Rassf7"
"sgRNA_01571,GCTGCCACAGGAGTGTCCAG,Rassf7"
"sgRNA_01572,CTGGGTGGACGGCATCCAGA,Rassf7"
"sgRNA_01573,ATGATGTTCAGTTTGTCCTG,Rassf7"
"sgRNA_01574,GCTCCCACTGGACACTCCTG,Rassf7"
"sgRNA_01575,ACGGCTAGTGAAGTGCACGA,Rbm47"
"sgRNA_01576,GCAGACAAGATGAAAAACCG,Rbm47"
"sgRNA_01577,CTTGTGGCAGTACATCACGA,Rbm47"
"sgRNA_01578,AGAGCGCACCGGCTACACCA,Rbm47"
"sgRNA_01579,GATCCTGGAGGAGATCGCCA,Rbm47"
"sgRNA_01580,AAGAATACGAATCAGTGCAA,Rbms3"
"sgRNA_01581,AGCATCCCTCAGGATTCTGG,Rbms3"
"sgRNA_01582,GAACAGACATACCTGGTATG,Rbms3"
"sgRNA_01583,TGATATCCACCAGAATCCTG,Rbms3"
"sgRNA_01584,GTTAGCATCCCTCAGGATTC,Rbms3"
"sgRNA_01585,GATCAAGCTCACCTCAAGAC,Rbpms2"
"sgRNA_01586,GCTTACCTGAGCATGTAGGG,Rbpms2"
"sgRNA_01587,AGAGCAGGGTGGACACTGGT,Rbpms2"
"sgRNA_01588,TAGGTTTAATATCCACAGGG,Rbpms2"
"sgRNA_01589,GTTTGTCAGTGGCCTCCCTG,Rbpms2"
"sgRNA_01590,AGAACTGTGTGGTGCAAAGC,Reps2"
"sgRNA_01591,GCCATGGCTACAGCAAACTG,Reps2"
"sgRNA_01592,GGAGGATAACTGAAGAACAG,Reps2"
"sgRNA_01593,AGAACAGAGAGTATTAAATG,Reps2"
"sgRNA_01594,GACTTTATTCAGATCCAAGG,Reps2"
"sgRNA_01595,AGCAAGTCACCTGTACAGGG,Rftn2"
"sgRNA_01596,AAGCCATCCAAACTCAGCCA,Rftn2"
"sgRNA_01597,GAGAGGAAACGACGCCATTG,Rftn2"
"sgRNA_01598,TTGTAAAGTAAAGTCCAGCA,Rftn2"
"sgRNA_01599,AAGGCGCGCAAGGCTTGTGA,Rftn2"
"sgRNA_01600,GTATATATCATGCTTCACAC,Ripk2"
"sgRNA_01601,TGAGCCAGGACAGAAATCAA,Ripk2"
"sgRNA_01602,CAGCTATGCAGTTATCATGT,Ripk2"
"sgRNA_01603,GCAGCGGCGTGTGGATGTGT,Ripk2"
"sgRNA_01604,GAGATCATGAGACCTCGATG,Ripk2"
"sgRNA_01605,AGCTTCGCCATTGTGATCTG,Ripk4"
"sgRNA_01606,CGTACACAGGTAGAATGTAT,Ripk4"
"sgRNA_01607,GGATGCCCACTACCATGTCA,Ripk4"
"sgRNA_01608,CGTGCACGATGCGAAAGCGC,Ripk4"
"sgRNA_01609,GTGGCGGAGACATGCAATGC,Ripk4"
"sgRNA_01610,ATAATTACGGCAGCAACCGT,Rnf128"
"sgRNA_01611,AGGGAAAAAACATGGCCCTT,Rnf128"
"sgRNA_01612,GACATTGTTGCAATCATGAT,Rnf128"
"sgRNA_01613,ATAAGACATGTGTGGACCCG,Rnf128"
"sgRNA_01614,TTGAATAATGATTCACCCAA,Rnf128"
"sgRNA_01615,AGGGCAGGATCAAAGTATCG,Rnf157"
"sgRNA_01616,AGACATGGAGGACACCGTGT,Rnf157"
"sgRNA_01617,AGACCGTGCACTACAAGCGA,Rnf157"
"sgRNA_01618,GATCTGAAGCAGTGCCCGGA,Rnf157"
"sgRNA_01619,CTGACGAGCCGGCAGCACGC,Rnf157"
"sgRNA_01620,AGGAAGCTGGACTTTCACGG,Ros1"
"sgRNA_01621,TGGGGAATAAAGATGCAGTT,Ros1"
"sgRNA_01622,GGGAAGTGGAGAAATCAAAG,Ros1"
"sgRNA_01623,AGGAGGCGTCCACTGAATAA,Ros1"
"sgRNA_01624,TGACAGGAGACACAAAATGC,Ros1"
"sgRNA_01625,GTCCGCGTGACCGTGCTCCG,Sacs"
"sgRNA_01626,GAAAAAAGATGATCCCCTGA,Sacs"
"sgRNA_01627,AAAGAAGCTGCGCAGACCCG,Sacs"
"sgRNA_01628,AGATGGTGTCAACTGATAAG,Sacs"
"sgRNA_01629,GGACCAATGGAGAGACCCTG,Sacs"
"sgRNA_01630,ACGTAGACGAGGTAGTTGTG,Samd10"
"sgRNA_01631,AGAAGGCCTCGACGTAGACG,Samd10"
"sgRNA_01632,GCCAACAAGACGTTTGCAAG,Samd10"
"sgRNA_01633,TGACCCCACTATACCAGTGA,Samd10"
"sgRNA_01634,AGTCTGGCAGAAGCTGAAAT,Samd10"
"sgRNA_01635,GCAGAGTGATCAATACCCCG,Samd12"
"sgRNA_01636,TGTCAAAACCAGTAGCCCTG,Samd12"
"sgRNA_01637,GACATCCTGCTGGGTCCACA,Samd12"
"sgRNA_01638,GCCACTTGCAGACATCCTGC,Samd12"
"sgRNA_01639,GGAATTAAACTGCAAATTGA,Samd12"
"sgRNA_01640,GCATCCTAGAGGCTGTGCAC,Samd5"
"sgRNA_01641,GCACCAACATAGTTTACGAG,Samd5"
"sgRNA_01642,GCACCGCCGGCGCATCCTAG,Samd5"
"sgRNA_01643,GCACAGCCTCTAGGATGCGC,Samd5"
"sgRNA_01644,CAGCCACTCGTAAACTATGT,Samd5"
"sgRNA_01645,GGTGTGGTGAAGCAGCAACG,Sdcbp2"
"sgRNA_01646,GTTGGTTAGAAGTCCATTGC,Sdcbp2"
"sgRNA_01647,GGTTGGTTAGAAGTCCATTG,Sdcbp2"
"sgRNA_01648,GACCAGATCCTGCAAATTGA,Sdcbp2"
"sgRNA_01649,TGAACGGACAGAACGTCATT,Sdcbp2"
"sgRNA_01650,GTCCTGTCCTCACACACCCA,Serinc2"
"sgRNA_01651,GACAGCGCGGAAACCCAGCA,Serinc2"
"sgRNA_01652,CAGCACTTGGACCTCAGTGT,Serinc2"
"sgRNA_01653,TGTATACAAGGTTATGACGG,Serinc2"
"sgRNA_01654,CGTCATCATGACATGCAGGG,Serinc2"
"sgRNA_01655,GGGAAACGTAGCCAAAACCC,Serp2"
"sgRNA_01656,ACAGACAACAAAAACAAACA,Serp2"
"sgRNA_01657,AAGAAGAGAAATATCCTGTT,Serp2"
"sgRNA_01658,ACAGCAAAAACATCACCCAG,Serp2"
"sgRNA_01659,CAGCAAAAACATCACCCAGA,Serp2"
"sgRNA_01660,GACAAACTGGAAGAAACGAA,Serpinb5"
"sgRNA_01661,AGAGAAGTAGAGAGGCATAT,Serpinb5"
"sgRNA_01662,AGGCTAGTCTGGAAAGCCTA,Serpinb5"
"sgRNA_01663,TGGGAGGGAAAGTTTGACTT,Serpinb5"
"sgRNA_01664,CAAGGGACAGAGAAGTAGAG,Serpinb5"
"sgRNA_01665,GGCAGTGGACTGCTACACGC,Sgtb"
"sgRNA_01666,GAAAGAAGAAAATTACGCTG,Sgtb"
"sgRNA_01667,CGAATAACTGCATAAACTAG,Sgtb"
"sgRNA_01668,GCAAGGCCTACGGAAGGATG,Sgtb"
"sgRNA_01669,TAAAAACGGTCTCCAAACAC,Sgtb"
"sgRNA_01670,TCACCATGTCGGAAGAACAG,Sh3bgrl2"
"sgRNA_01671,GCCACCTCAGATATTTAATG,Sh3bgrl2"
"sgRNA_01672,CGATCCCCATTAAATATCTG,Sh3bgrl2"
"sgRNA_01673,TTTAATGGGGATCGATACTG,Sh3bgrl2"
"sgRNA_01674,GAAGCCACGGCCGGCATCCA,Sh3bgrl2"
"sgRNA_01675,TGGTGGGAAGGAAAACTTCG,Sh3yl1"
"sgRNA_01676,AGGATTTGAAATAGGAATAG,Sh3yl1"
"sgRNA_01677,CCAGGGAGATACCAGCAAAG,Sh3yl1"
"sgRNA_01678,AAGGGTGGAAACCTGACCCT,Sh3yl1"
"sgRNA_01679,AAGTCCAGGGGCCTCTTTGC,Sh3yl1"
"sgRNA_01680,GAACGGAGACAACTGAACAC,Sidt1"
"sgRNA_01681,GTTTACCTCAGGACACCCAG,Sidt1"
"sgRNA_01682,AGATCTGGGAATCTTCCGGC,Sidt1"
"sgRNA_01683,GCCCGAAGGGAGCAATTATG,Sidt1"
"sgRNA_01684,CAGTGCATAAAACACAGCGA,Sidt1"
"sgRNA_01685,GAACTCGGTAGCGAAAGTGA,Slc16a6"
"sgRNA_01686,GAAGCGGTTGCTCAGGACTG,Slc16a6"
"sgRNA_01687,AGGCACTTGGGTATACACAT,Slc16a6"
"sgRNA_01688,GACGGAGAAGTCCAACAGCG,Slc16a6"
"sgRNA_01689,AGGGACCCACATCCCGATGT,Slc16a6"
"sgRNA_01690,GAACCTGTGGAAAAACATTG,Slc22a23"
"sgRNA_01691,GCTGGGTAGCCATTAGCCAT,Slc22a23"
"sgRNA_01692,CAGGAAGGGACAGATGATGA,Slc22a23"
"sgRNA_01693,AGGTGAGGATGATTCCAGCC,Slc22a23"
"sgRNA_01694,GCCCCGCGGCACCAGAAATC,Slc22a23"
"sgRNA_01695,GAAGGCGGTAACTAGTTCAG,Slc24a5"
"sgRNA_01696,GAAACTAGACCGAAAGTTGG,Slc24a5"
"sgRNA_01697,AATGCAGTCTTAATAAACCA,Slc24a5"
"sgRNA_01698,GGAAACTAGACCGAAAGTTG,Slc24a5"
"sgRNA_01699,GCATAGCATATCAAACACAT,Slc24a5"
"sgRNA_01700,GAAGCGATGGACCATCCAGT,Slc41a2"
"sgRNA_01701,GAAAAAGGCACACACTAATG,Slc41a2"
"sgRNA_01702,CGGGGATGCTATGTAAATGG,Slc41a2"
"sgRNA_01703,GATGCTATGTAAATGGAGGT,Slc41a2"
"sgRNA_01704,AGGGATCGGTGGCAATTTGG,Slc41a2"
"sgRNA_01705,CAGGTAGGGGGCCAGAACGC,Slc45a3"
"sgRNA_01706,GGGTGGCACATAGGTAATGC,Slc45a3"
"sgRNA_01707,GTGGGAGAGGGGCTGTACCA,Slc45a3"
"sgRNA_01708,ACAGCTCAGCCACAAAGAGT,Slc45a3"
"sgRNA_01709,AGGGACAAAGCCCAGATAAA,Slc45a3"
"sgRNA_01710,GTTCACAGGAGCAATTCCAG,Slitrk5"
"sgRNA_01711,GATTGAGCAGCTCAAAGTGG,Slitrk5"
"sgRNA_01712,ACTGTGAGCTGTGAAAACCG,Slitrk5"
"sgRNA_01713,CGTCGCAGGTACAATCCCAA,Slitrk5"
"sgRNA_01714,ACAGACCACATCGCCCACAA,Slitrk5"
"sgRNA_01715,TGGAGGAGAGGGTTGTACAT,Smoc2"
"sgRNA_01716,GTCCAGTGTCACAGCTACAC,Smoc2"
"sgRNA_01717,AGCTGGAGATCGCTCACCGT,Smoc2"
"sgRNA_01718,TAGCACACACCAGCAGTATC,Smoc2"
"sgRNA_01719,GACCACCATGTGCACACTCG,Smoc2"
"sgRNA_01720,GGACAAGAAGCATAGTACAG,Sntb1"
"sgRNA_01721,GATGGCATCGCCCACATACA,Sntb1"
"sgRNA_01722,GAAGTGGATACGAATGCACC,Sntb1"
"sgRNA_01723,GAAACAGTGGAAACCAGCCC,Sntb1"
"sgRNA_01724,CAGACCCAAGCCCTGTATGT,Sntb1"
"sgRNA_01725,GAAGCCAGACACCACGTACC,Sorl1"
"sgRNA_01726,TGGACGCAGAGATTGCACGG,Sorl1"
"sgRNA_01727,GAATGAGGAGAACATGAGGT,Sorl1"
"sgRNA_01728,TGGCTGCGGTGACTAGTCGT,Sorl1"
"sgRNA_01729,AGGGGCCGGCAGTGACACTC,Sorl1"
"sgRNA_01730,ATGTGAATAAAGGATTTCTG,Sostdc1"
"sgRNA_01731,GCCGTCCGAAATGTATTTGG,Sostdc1"
"sgRNA_01732,GTGCTTCCCAACTGGATCGG,Sostdc1"
"sgRNA_01733,GAGGCTATGGAACAAAGTAC,Sostdc1"
"sgRNA_01734,ACGACAAGACGCGCACCCAG,Sostdc1"
"sgRNA_01735,GAAAACTCACATGTAAGGGA,Sox5"
"sgRNA_01736,GATGTTGGAATTGTGCATGT,Sox5"
"sgRNA_01737,TTGCCTTGGTGACAGCATCG,Sox5"
"sgRNA_01738,GACGGCAAGAAACTGCGTAT,Sox5"
"sgRNA_01739,AGCTCTGAGAATAAACAGTG,Sox5"
"sgRNA_01740,GGGGTGCAGAGGCAGATGGG,Sox6"
"sgRNA_01741,GATCAGCTGGGTAATCATGG,Sox6"
"sgRNA_01742,GCCGAAGCGCACATGCATCG,Sox6"
"sgRNA_01743,GTTGACGGAATGAACTGTAC,Sox6"
"sgRNA_01744,ATGACTCGGACAGAACAAGA,Sox6"
"sgRNA_01745,AGGAACCTCAACCCTGTGTG,Spink2"
"sgRNA_01746,CCGTTCCGCACACAGGGTTG,Spink2"
"sgRNA_01747,TGAGGTTCCTAGGGCATGCT,Spink2"
"sgRNA_01748,CCTCAACCCTGTGTGCGGAA,Spink2"
"sgRNA_01749,TTCATATCCGTTCCGCACAC,Spink2"
"sgRNA_01750,GCAAGGAGAACATCCCACGC,Spint1"
"sgRNA_01751,CGAAGCCTCAGTCAGCAACG,Spint1"
"sgRNA_01752,TGGGGTCGTAGTACCAGCGT,Spint1"
"sgRNA_01753,GAAGAAACAGTAGCCCAGGA,Spint1"
"sgRNA_01754,GCTGGTAAAGCGGCTCAAGC,Spint1"
"sgRNA_01755,GTATACCACCATAGCCACAA,Sptssb"
"sgRNA_01756,AGCCACAATGGTCAGTATGA,Sptssb"
"sgRNA_01757,CTGGTATTGATAATAGAGCC,Sptssb"
"sgRNA_01758,CAGCACAGCAGGTGATGATC,Sptssb"
"sgRNA_01759,GCTGTGCTGTCATGGAGCCT,Sptssb"
"sgRNA_01760,GACCTGGAACGGCACCACGA,Src"
"sgRNA_01761,AGGGAGAGTGAGACCACAAA,Src"
"sgRNA_01762,TGGGACATACGGTAGTGAGG,Src"
"sgRNA_01763,TGTCGAAGTCGGATACAGAG,Src"
"sgRNA_01764,CGGCAGGTTCACCATCAAGT,Src"
"sgRNA_01765,AGACATGGGTAGCATCAGGC,St14"
"sgRNA_01766,CAGGCTGATAAACTCTGTGG,St14"
"sgRNA_01767,TGAGCGAGGCCCCACACAAG,St14"
"sgRNA_01768,GGAGCGCTGATCCTGCAGAA,St14"
"sgRNA_01769,GGGCCAGGGCCACTTGTGTG,St14"
"sgRNA_01770,GTTCACGGGAAGTTACTAAC,Steap1"
"sgRNA_01771,GCAGTTGTACAGCTTCGCAA,Steap1"
"sgRNA_01772,AATATAGTGAAATTCTCTCC,Steap1"
"sgRNA_01773,GCAAATAGACCAGTGCCAAG,Steap1"
"sgRNA_01774,GTTAAAGAGTCGCTCACAGA,Steap1"
"sgRNA_01775,GGAGCAGCTGACCAAGTAAG,Styk1"
"sgRNA_01776,AAGAACCTGGTACAGCTGGA,Styk1"
"sgRNA_01777,AGTCTCAGTGACAAGCTGTG,Styk1"
"sgRNA_01778,GGGTCCCACAACTACCACTG,Styk1"
"sgRNA_01779,AGGTCCAAAGAAAGCTGAGC,Styk1"
"sgRNA_01780,GCTGATATCAGGCAGAAGGT,Syt11"
"sgRNA_01781,TGACAATCCAAGAGGCTCAC,Syt11"
"sgRNA_01782,GGTAGGGAGGCTGATCTTGG,Syt11"
"sgRNA_01783,AACACACACCACCAGCACGG,Syt11"
"sgRNA_01784,CGTCGCACAGAGAATGACAG,Syt11"
"sgRNA_01785,GGGAGTTGTGAAACTTATAG,Tbx2"
"sgRNA_01786,TGGGAGCTTCAAGATGTCAT,Tbx2"
"sgRNA_01787,GCATCCAGAGACTGGTGAGT,Tbx2"
"sgRNA_01788,GGCCACAGGGGAACAGTGGA,Tbx2"
"sgRNA_01789,GCTCGCACGATGTGGAATCG,Tbx2"
"sgRNA_01790,TGAAAGAGAACACTCTCCAA,Tc2n"
"sgRNA_01791,GCCAAGCAGAACTTGAACTG,Tc2n"
"sgRNA_01792,GTTCTAGTAAAGCCTCAAGT,Tc2n"
"sgRNA_01793,GATTCAGCTGCAAATTCTTG,Tc2n"
"sgRNA_01794,TCCAGTGGAAGAGTAAAATG,Tc2n"
"sgRNA_01795,GGGGTTGCCGTACTGAACAG,Tenm3"
"sgRNA_01796,GACTTTGTGGAACTACTGGA,Tenm3"
"sgRNA_01797,TGATGGAGTAACCTCTGTGA,Tenm3"
"sgRNA_01798,AGAGCGACCTGGGCACACTG,Tenm3"
"sgRNA_01799,GGCAACCCCGGGATACACAA,Tenm3"
"sgRNA_01800,GAACACCCACGTACCCAGAG,Tgfa"
"sgRNA_01801,ATGGAAGCAGTACTGAGTGT,Tgfa"
"sgRNA_01802,TGCCCCAGCAGACTCACCCG,Tgfa"
"sgRNA_01803,AGCTGCCACTCTGGGTACGT,Tgfa"
"sgRNA_01804,GAGCCTGGCACACAGCTAAC,Tgfa"
"sgRNA_01805,GGGTAGCGAAGCCCAGACAT,Tgm1"
"sgRNA_01806,GTAATCCAGAACCTTCGAGC,Tgm1"
"sgRNA_01807,TGACGGACTCCACAGAACAG,Tgm1"
"sgRNA_01808,GTCGCACGGGAACAAACGTC,Tgm1"
"sgRNA_01809,TGTCCAGGCTGGCAATGAGC,Tgm1"
"sgRNA_01810,AGAGTGGACAGAGTGCCACG,Thsd7a"
"sgRNA_01811,GAATGGCTTCCAATAAGTGA,Thsd7a"
"sgRNA_01812,ATGGCTGGAGAACTACAGAG,Thsd7a"
"sgRNA_01813,TGAGCGAGAAGGCAGTTTGT,Thsd7a"
"sgRNA_01814,GCTCTGGGAAAACCACAGAA,Thsd7a"
"sgRNA_01815,AAGCAGGAAAGAGTGCACGT,Tll1"
"sgRNA_01816,GATTACGTGGAGATCTGGAG,Tll1"
"sgRNA_01817,GACTGGTGATGAGACCACTT,Tll1"
"sgRNA_01818,GAAACCCTGCAAGAATCCAG,Tll1"
"sgRNA_01819,GATCACTTACTAATGTGATG,Tll1"
"sgRNA_01820,TGGACGCTGAAGAAAATTGG,Tmc4"
"sgRNA_01821,GACCAGAAGGAACACCAGCG,Tmc4"
"sgRNA_01822,GCTCATCTATGCGCAGACCG,Tmc4"
"sgRNA_01823,TGTGGAGTCAGATCACGTGT,Tmc4"
"sgRNA_01824,GTAGAACCCATAGAATAGAG,Tmc4"
"sgRNA_01825,GAACTGCGGGAGATAAAGGA,Tmcc2"
"sgRNA_01826,GTCGTGCAGGGACACAGCAT,Tmcc2"
"sgRNA_01827,GGAGGCGCGGGATGATAACG,Tmcc2"
"sgRNA_01828,AAAAACTGGAGCACTACCGT,Tmcc2"
"sgRNA_01829,GATATCCCGGGCCCTCTCGT,Tmcc2"
"sgRNA_01830,GGCGAATGGCGACTAGCCGT,Tmem125"
"sgRNA_01831,TGGCAGAGCAGGTGGAGCTA,Tmem125"
"sgRNA_01832,GCTGTTGTAGTGTTGCTCAG,Tmem125"
"sgRNA_01833,AAACAGAGCAAGGAGCGACG,Tmem125"
"sgRNA_01834,CAGAGCAGGTGGAGCTATGG,Tmem125"
"sgRNA_01835,TGGAGTAGGACATACCACGG,Tmem184a"
"sgRNA_01836,GCAGAAGCGTAAGAACGTGA,Tmem184a"
"sgRNA_01837,GACCGAGGCATTGTACACGA,Tmem184a"
"sgRNA_01838,GAAGGCGTAACGCAGCGCGA,Tmem184a"
"sgRNA_01839,AGATGGGCACAATGAACAGG,Tmem184a"
"sgRNA_01840,ACAGCCAGGACGCCACAGGG,Tmem38a"
"sgRNA_01841,ACTCCCAAAACAGTGCAACA,Tmem38a"
"sgRNA_01842,CGATCATGATGAACCACCCG,Tmem38a"
"sgRNA_01843,CAGTGCTCACCACACTCCAG,Tmem38a"
"sgRNA_01844,GTACTCACAAGGACATGTGC,Tmem38a"
"sgRNA_01845,TGAAGCCCTGAAGCACGCTG,Tmem40"
"sgRNA_01846,GTGTGTTACCACTACTATGC,Tmem40"
"sgRNA_01847,CGAGAGAAGCAAAGGTGAGC,Tmem40"
"sgRNA_01848,GAGCCCGAAATAGATGCCAA,Tmem40"
"sgRNA_01849,AGACTGAACATAAAGAAGGA,Tmem40"
"sgRNA_01850,GCAGCAGGGAGTGGATGTGC,Tmem45b"
"sgRNA_01851,TCAAACATACCAGTAAACAA,Tmem45b"
"sgRNA_01852,GTAAACAAGGGAGTAGTTGA,Tmem45b"
"sgRNA_01853,GCTATGGCCGTATTCATTGA,Tmem45b"
"sgRNA_01854,AGCAGCTGTCAGCATCTCTC,Tmem45b"
"sgRNA_01855,GTACTACGTACCGAGCTACG,Tmem51"
"sgRNA_01856,AGTGGCGTACGTGCTGGTCG,Tmem51"
"sgRNA_01857,TGAAGCCACTCAAAGTTCGA,Tmem51"
"sgRNA_01858,AGACTTCAGGATCACCCTAC,Tmem51"
"sgRNA_01859,GCTCGGTACGTAGTACCGTG,Tmem51"
"sgRNA_01860,GTTCTATGGAAGTAGACACC,Tmprss2"
"sgRNA_01861,GGCCGTCACAATCCACTCGG,Tmprss2"
"sgRNA_01862,GCGCAAAGAAACCACCATGC,Tmprss2"
"sgRNA_01863,TGTGACGGCCGCCCACTGTG,Tmprss2"
"sgRNA_01864,TCTGAGATGAGTAAACCTGG,Tmprss2"
"sgRNA_01865,AGATCATGAACGGGCCTACG,Tnfrsf21"
"sgRNA_01866,ATGTTGTGGAGAAGATTCGT,Tnfrsf21"
"sgRNA_01867,AGGAAGAGGACGATCATCCA,Tnfrsf21"
"sgRNA_01868,AGATGGGCTGCAAGTCACAG,Tnfrsf21"
"sgRNA_01869,GATGTTGTGGAGAAGATTCG,Tnfrsf21"
"sgRNA_01870,AGACTGGAGGAAGAATGTGG,Tnni1"
"sgRNA_01871,ATGCCTCCACAACACCAGAG,Tnni1"
"sgRNA_01872,GGCACTGAGAGACAGACCGC,Tnni1"
"sgRNA_01873,AGGAGACTGGAGGAAGAATG,Tnni1"
"sgRNA_01874,GCATGGCATCGGCTGAGACA,Tnni1"
"sgRNA_01875,GCTTCGCTCAAAGAACACAT,Trib2"
"sgRNA_01876,CGCGCTGTGCATCTGCACAG,Trib2"
"sgRNA_01877,GGTAATGCTGTACACCATGT,Trib2"
"sgRNA_01878,GGCAATCTGGTAGAACAGTC,Trib2"
"sgRNA_01879,GCTGTGGCCCATTGCCACGA,Trib2"
"sgRNA_01880,TGGATCAGATGACTCTCTGT,Trib3"
"sgRNA_01881,CGGACTCTGGGATACCGCGG,Trib3"
"sgRNA_01882,GCATGTGGCCCGTCCCACAG,Trib3"
"sgRNA_01883,GCAGGGCAAAGGTCCCTCTA,Trib3"
"sgRNA_01884,ATCTGATCCAGTCATCACGC,Trib3"
"sgRNA_01885,GGTCTGGGAGTACACATCCA,Trim29"
"sgRNA_01886,AGAGATAACAGATGCAGGTC,Trim29"
"sgRNA_01887,GATGTTGTGCAGCTGCTCTC,Trim29"
"sgRNA_01888,AGTGGCAAAAGGAGAAAGAC,Trim29"
"sgRNA_01889,AGGACACCAAGACAACCAAC,Trim29"
"sgRNA_01890,GGTGTGCGAAGAGACTCGGC,Trpm2"
"sgRNA_01891,CGTGGACTGGATCTTCCGTG,Trpm2"
"sgRNA_01892,AAGAGTGATAGACAACCCCA,Trpm2"
"sgRNA_01893,GAGCTGGCCCCACCACACCT,Trpm2"
"sgRNA_01894,GTTGTGGATGGTGCCCCACG,Trpm2"
"sgRNA_01895,CAGGAAGAAGATGAGCACAA,Tspan14"
"sgRNA_01896,CTACAGCCGAGAGAAATGTG,Tspan14"
"sgRNA_01897,GCTACAGCCGAGAGAAATGT,Tspan14"
"sgRNA_01898,GGGGTCGATTCCATGCAACC,Tspan14"
"sgRNA_01899,AAAGTCGTGAACACACAGTG,Tspan14"
"sgRNA_01900,GCTGAGGAAGAACCACAAAC,Ttc23l"
"sgRNA_01901,GAACTGAAAGAATTAAACAA,Ttc23l"
"sgRNA_01902,TCAGACTCTACTATACTCTG,Ttc23l"
"sgRNA_01903,GGGAATAGACAGACAGTCAA,Ttc23l"
"sgRNA_01904,GAAAGCAGAGAGAAATATGA,Ttc23l"
"sgRNA_01905,GTAGTCGGCGGGGAGCATGT,Ttll1"
"sgRNA_01906,GAAGGCACCAACCCAGATAG,Ttll1"
"sgRNA_01907,TCAGCGTAGAAACTGGGTAC,Ttll1"
"sgRNA_01908,GTACTTAAGGATTCGATCGT,Ttll1"
"sgRNA_01909,GAACATTAAGAGATACAGGA,Ttll1"
"sgRNA_01910,GATGGCAAGCTGCAGCTATG,Twist1"
"sgRNA_01911,GATTCAGACCCTCAAACTGG,Twist1"
"sgRNA_01912,GGCGTAGCTGAGCCGCTCGT,Twist1"
"sgRNA_01913,GCAGCTATGTGGCCCACGAG,Twist1"
"sgRNA_01914,GTACCTGGCCGCCAGTTTGA,Twist1"
"sgRNA_01915,GATGACCAGCTGCAGCTACG,Twist2"
"sgRNA_01916,GGTGCCCAGACTGTCCACGG,Twist2"
"sgRNA_01917,GAGGAAGTCTATGTACCTGG,Twist2"
"sgRNA_01918,GCACGTTGGCCAGGATGCGC,Twist2"
"sgRNA_01919,GAAGGCCTCGTTGAGCGACT,Twist2"
"sgRNA_01920,GCCGCAAGCCAGGATCCTGA,Txnip"
"sgRNA_01921,GAACACGTGTTCCCGAATCG,Txnip"
"sgRNA_01922,GACCTGCTGCCAATCACTAG,Txnip"
"sgRNA_01923,GATCCTGACGGCTTTGACTC,Txnip"
"sgRNA_01924,GAGGCAATCACATTATCTCA,Txnip"
"sgRNA_01925,GCAGCACAGAGTGTGCGCAC,Unc5b"
"sgRNA_01926,AGGTCATAGAACTTGCCCTG,Unc5b"
"sgRNA_01927,GGGGCACGGTGAGGACGACA,Unc5b"
"sgRNA_01928,GATGGGCAAGAGTGAGATGC,Unc5b"
"sgRNA_01929,GCACCGCCACCCCAGAACGG,Unc5b"
"sgRNA_01930,GTTACTAGACACCTGTCAGG,Vill"
"sgRNA_01931,GTACCTCCTGTACCTATGGC,Vill"
"sgRNA_01932,GCACTCACATGACTCCAGGG,Vill"
"sgRNA_01933,GAAGCACGTGTCTGCCACTG,Vill"
"sgRNA_01934,AGTGACCTGCACTACTGGAT,Vill"
"sgRNA_01935,GGAGAGGTTCAGCTCACAGG,Vsig2"
"sgRNA_01936,GAGCTGCAGTTACAAAACAT,Vsig2"
"sgRNA_01937,GAACCTGATGAGGCAGAATG,Vsig2"
"sgRNA_01938,AGAGATTGGTAAGAATGAGC,Vsig2"
"sgRNA_01939,CGTTGGTGTAGAAATCTGGT,Vsig2"
"sgRNA_01940,GAAGCAAGGCTACTACAACC,Wnt7b"
"sgRNA_01941,CTTCACCTATGCCATCACGG,Wnt7b"
"sgRNA_01942,TTCGGGCAAGAACTCCGAGT,Wnt7b"
"sgRNA_01943,GAACCTTCACAACAATGAGG,Wnt7b"
"sgRNA_01944,GCAAGGCTACTACAACCAGG,Wnt7b"
"sgRNA_01945,GAAACTTGTCCTCAACAGCG,Zdhhc9"
"sgRNA_01946,TGGTCTGATTGAGAGCCACA,Zdhhc9"
"sgRNA_01947,GTTGTCACAGATGCTACAAT,Zdhhc9"
"sgRNA_01948,CGGAAATGGGAGAAACTCCC,Zdhhc9"
"sgRNA_01949,GTCACAGATGCTACAATGGG,Zdhhc9"
"sgRNA_01950,GGCGTTTCGAGTCCACAGGC,Zfp791"
"sgRNA_01951,AGGCATGTCAGAGCTCACCC,Zfp791"
"sgRNA_01952,AGCTCTGACATGCCTAGTGA,Zfp791"
"sgRNA_01953,GAACTTGCTGGGTTTAAGTG,Zfp791"
"sgRNA_01954,AGAGAAGCGATTTAAATGTA,Zfp791"
"sgRNA_01955,GAAGCGAATAGTCATCACAG,Epb4.1l3"
"sgRNA_01956,GAAGGAGTGGAGATTATGTT,Epb4.1l3"
"sgRNA_01957,ACGATATATCAACAGACCAC,Epb4.1l3"
"sgRNA_01958,GTTCAAAGTAAGGGGCCGGG,Epb4.1l3"
"sgRNA_01959,AGAGGCGCTTGGCAGCCCTA,Epb4.1l3"
"sgRNA_01960,TGAATGCTAAGGCTGTATGG,9430020K01Rik"
"sgRNA_01961,GTTTGTATCCATGAGAAATC,9430020K01Rik"
"sgRNA_01962,GGTGGAGGCACATACACTGG,9430020K01Rik"
"sgRNA_01963,TGTATGGAGGCATACTTCGG,9430020K01Rik"
"sgRNA_01964,AGGTGGAGGCACATACACTG,9430020K01Rik"
"sgRNA_01965,GATACCGAGGAAGCGTACAT,Aim1"
"sgRNA_01966,GGGTCTATGAAAGTCCTAAG,Aim1"
"sgRNA_01967,AGAAGGGTGCATCAAATGCA,Aim1"
"sgRNA_01968,GTCGCCAAATAGGCTCCCTC,Aim1"
"sgRNA_01969,GATGACACTGAGGAAATGCA,Aim1"
"sgRNA_01970,GTATCGGCTGATGATAGTGA,Pvrl2"
"sgRNA_01971,GGACTGAGGGTAGAGGACGA,Pvrl2"
"sgRNA_01972,CAGGTGGCACGGTAACTCCA,Pvrl2"
"sgRNA_01973,GGGAAACGTGGCAAACTCGC,Pvrl2"
"sgRNA_01974,CGGAGATGGATACTTCTGGA,Pvrl2"
"sgRNA_01975,GCCAGGGTGAGACACCACGC,Pvrl4"
"sgRNA_01976,TGAGACACCACGCAGGTCAG,Pvrl4"
"sgRNA_01977,AGAGGGCCAGGGCCTGACGT,Pvrl4"
"sgRNA_01978,CCACTGACTACTGAGCACAG,Pvrl4"
"sgRNA_01979,AAGTGACGGCAGCTGAGCGT,Pvrl4"
"sgRNA_01980,GAAGGGTAACGTAGAATACG,Gm8251"
"sgRNA_01981,AACTGTTAAAGCAAGTAACG,Gm8251"
"sgRNA_01982,TGAAATACAAGACTCAACCA,Gm8251"
"sgRNA_01983,CTGGGGTTATAACGCACCCA,Gm8251"
"sgRNA_01984,TCAGACAATGTCAACACATG,Gm8251"
"sgRNA_01985,AAGCCTTCACCTATTTATGG,mt-Nd6"
"sgRNA_01986,TACGACTGCTATAGCTACTG,mt-Nd6"
"sgRNA_01987,AATTTATTTAGGGGGGATGT,mt-Nd6"
"sgRNA_01988,AGTATTGGGGGTGATTATAG,mt-Nd6"
"sgRNA_01989,CTTAATTATTATGATGAAGT,mt-Nd6"
"sgRNA_01990,TTACCTGGAAGATTACCACT,Cavin4"
"sgRNA_01991,TCCCCCAATAGAGCTCTCCT,Cavin4"
"sgRNA_01992,GAGAAAACATGCAGAAGACA,Cavin4"
"sgRNA_01993,TCACAGTCACACAGCAATAC,Cavin4"
"sgRNA_01994,AACCTGTTGCTTCTCTACCC,Cavin4"
"sgRNA_01995,TATACATGACAATTTCAACA,Olfr169"
