sgRNA_00001,GTGCGCAGGCGACAGGGACA,0610040J01Rik
sgRNA_00002,GGGGCCAAGGCGCAGGTAAA,0610040J01Rik
sgRNA_00003,GCCCGCGTGCGCAGGCGACA,0610040J01Rik
sgRNA_00004,GACAGGGACAAGGGGACGTC,0610040J01Rik
sgRNA_00005,GGGCCGCCGCGTCACGTGGA,0610040J01Rik
sgRNA_00006,GGGGCCTAAGAAGGTTGCTA,4930550C14Rik
sgRNA_00007,GCTCAAGTCCTCTGCCTCTA,4930550C14Rik
sgRNA_00008,GTCCAGTCTCAGTGCCATAG,4930550C14Rik
sgRNA_00009,GTAAAACCCGTGTCAGGCTA,4930550C14Rik
sgRNA_00010,GGAGATCTCGGGCATGTGAC,4930550C14Rik
sgRNA_00011,GCACAGTGACAGGAGAAGAG,9430020K01Rik
sgRNA_00012,GGAAGGCTGCACCTGGATCC,9430020K01Rik
sgRNA_00013,GAACCAAGTCAGGCGGTggg,9430020K01Rik
sgRNA_00014,GAGAAGCCTGCTCCCTAAGG,9430020K01Rik
sgRNA_00015,GAAGGAACCAAGTCAGGCGG,9430020K01Rik
sgRNA_00016,GAAGAGAAGGGGATGCACTG,a
sgRNA_00017,GGGTGTTGACATGGAGGTTA,a
sgRNA_00018,GAAAGCAAAGGGGTAAGATG,a
sgRNA_00019,GGGGACGAGTCTGAACCTAC,a
sgRNA_00020,GAAGACTCGGGAGAAATATA,a
sgRNA_00021,GAACAGCTGGAATGAGGAGT,AA986860
sgRNA_00022,GGGCTCTCTAAGTAAAGAGG,AA986860
sgRNA_00023,GCATTCCAGCTGTTCAGTCA,AA986860
sgRNA_00024,GCAGTCAGGGAGGACTCAGG,AA986860
sgRNA_00025,GAAAGGGTAGGCGTGGTAGA,AA986860
sgRNA_00026,GTACCTGGATAGTACACAGT,Abcb1b
sgRNA_00027,GCGAAACAGGAGATACTTCC,Abcb1b
sgRNA_00028,GATGCCCAATCCCACCCACC,Abcb1b
sgRNA_00029,GGCCCGGCAGCCAATCAGCC,Abcb1b
sgRNA_00030,GTGGCTGCCGGGCCTTAGGG,Abcb1b
sgRNA_00031,GAGGGACAGTAGAGTAAGGA,Abcc3
sgRNA_00032,GTAAAAGTGCTGGTACCTAA,Abcc3
sgRNA_00033,GGGAGTCAGAGGCGGTTCCG,Abcc3
sgRNA_00034,GTAAAGGATAATGTAAGAAA,Abcc3
sgRNA_00035,GGGGCGGGGAGGAGTGCCTA,Abcc3
sgRNA_00036,GcgggcgcggggcgATCGAA,Abcd3
sgRNA_00037,GCGTGCGCAGAGCGTCCCCC,Abcd3
sgRNA_00038,GCGAAAGGGTCGTTCCCCGG,Abcd3
sgRNA_00039,GACTCGGCCGGAAACGCGGC,Abcd3
sgRNA_00040,GgggAAGCCAAAGTCCACGG,Abcd3
sgRNA_00041,GGACACCAGCCCCATTTCAG,Acer2
sgRNA_00042,GTGTTTGAGCCCCTGAAATG,Acer2
sgRNA_00043,GAGCCCGGGCAATGGTTGTC,Acer2
sgRNA_00044,GGCCCAGACAACCATTGCCC,Acer2
sgRNA_00045,GTCAAGCGAAAGAAAGCCGA,Acer2
sgRNA_00046,GTGTTTCGGGAGCAGAACAG,Acta2
sgRNA_00047,GAATGCAGTGGAAGAGACCC,Acta2
sgRNA_00048,GCACTCTAACACAACCATAT,Acta2
sgRNA_00049,GCAAAACTCTCTAATCTGGG,Acta2
sgRNA_00050,GCATTTGAGCAGTTGTTCTG,Acta2
sgRNA_00051,GaggagatgaAGCAGACTCA,Adamts16
sgRNA_00052,GCAGACTCATGGTAAGTACT,Adamts16
sgRNA_00053,Ggcaggactagggagggcaa,Adamts16
sgRNA_00054,GAGGGTCTGTAACCAGGGGA,Adamts16
sgRNA_00055,Gatagaggagggagtaaagc,Adamts16
sgRNA_00056,GGCGGGAGACATTGATGCTA,Agbl3
sgRNA_00057,GAAGGTGGTGAGGTTTTTGG,Agbl3
sgRNA_00058,GCCTCCTGCAATGCTCAAAC,Agbl3
sgRNA_00059,GCCGGCAGGGGTGGGACGAC,Agbl3
sgRNA_00060,GCGGGTCCCGCCCCGAGAGA,Agbl3
sgRNA_00061,GTGCCTGTAGAGGTTCTAAT,Aim1
sgRNA_00062,GGGGCCCGCCTCGCCAGCGT,Aim1
sgRNA_00063,GTGCTCCAGCATCAATGTAG,Aim1
sgRNA_00064,GACGCCCGCCCGCAGTCCGG,Aim1
sgRNA_00065,GGAGGCGGGCCCCAGGCAGG,Aim1
sgRNA_00066,GAGGCGCTGCAGGACCAAGT,Alcam
sgRNA_00067,GAGAGCTGGCGGCCCCTGGT,Alcam
sgRNA_00068,GAAGAGCGGGATCGAGAGTA,Alcam
sgRNA_00069,GCACGCTGGCCAATGAAGAG,Alcam
sgRNA_00070,GGGCCAGCGTGTCCTGTGGG,Alcam
sgRNA_00071,GTCCAGCAAGCCCTTGGGTT,Aldh1l2
sgRNA_00072,GGAATCGGTGCCTAACCCAA,Aldh1l2
sgRNA_00073,GTAGGCTATCCATGGAGCAG,Aldh1l2
sgRNA_00074,GGGACTCCGCCTCTGCTCCA,Aldh1l2
sgRNA_00075,GGCTATCCATGGAGCAGAGG,Aldh1l2
sgRNA_00076,GCCCGCGCGAACAACACCTC,Als2cl
sgRNA_00077,GGGCGGGGCGCGGAGAGGAA,Als2cl
sgRNA_00078,GCGAACAACACCTCGGGGCG,Als2cl
sgRNA_00079,GAGCTCGCGGACCGACCGAA,Als2cl
sgRNA_00080,GCGGAGCTGCGCGGCCACTC,Als2cl
sgRNA_00081,GCAGGCACAGATCCAGTAAT,Ank2
sgRNA_00082,GCCTGGGACGGGTGCAATTT,Ank2
sgRNA_00083,GTGACTGTCTGAACTCGAAA,Ank2
sgRNA_00084,GGAAGCGTAGGTTTTATGCG,Ank2
sgRNA_00085,GGGGCTGTCTGGTGGTAAGT,Ank2
sgRNA_00086,GAATCTCTGAAGCGTCCCAG,Ank3
sgRNA_00087,GTCTGAAGCGTCCCAGGGGC,Ank3
sgRNA_00088,GTACCCAGGAGGCAGCAGTG,Ank3
sgRNA_00089,GACCCCCACTGCTGCCTCCT,Ank3
sgRNA_00090,GGGGGTGGTAACGAGAGATC,Ank3
sgRNA_00091,GGGGAGGGGCCTGAAATCTA,Ankrd24
sgRNA_00092,GGAGCGTGTCGGTGCAGGAG,Ankrd24
sgRNA_00093,GAGGGACCATCATGGAGTTG,Ankrd24
sgRNA_00094,GCGGGGCGGAGCCTTTTCAG,Ankrd24
sgRNA_00095,GAGCGGGCCCTGAGCTTTCG,Ankrd24
sgRNA_00096,GCTGACACGCCTCACCCCGC,Ankrd29
sgRNA_00097,GGGGTGAGGCGTGTCAGCGC,Ankrd29
sgRNA_00098,GAGCGAGACCTGAGTGTGGA,Ankrd29
sgRNA_00099,GGGAGTGCACGCGGAGCTCT,Ankrd29
sgRNA_00100,GTGAGAGTGTCCTGGACGTG,Ankrd29
sgRNA_00101,GCAGAGCTGGCTTGGGGTAA,Anpep
sgRNA_00102,GGGGAAATCAGCTAGAGCGG,Anpep
sgRNA_00103,GCTGGCTTGGGGTAAGGGAT,Anpep
sgRNA_00104,GCAGGCGAAGGTCACTAGGC,Anpep
sgRNA_00105,GTTAACCAGAGCTCAGGCGA,Anpep
sgRNA_00106,GTAGGTGGACACAGAGACAA,Apoc1
sgRNA_00107,GTCAGGAGGCCCATGGCGGT,Apoc1
sgRNA_00108,GGAGGCAGACGCACGGGTAG,Apoc1
sgRNA_00109,GAGGTTTAACCGGTTGGGGA,Apoc1
sgRNA_00110,GTAGGCCCAAGGCTCGTCAC,Apoc1
sgRNA_00111,GACGCGGGGTGACAGTTGTA,Aqp3
sgRNA_00112,GCGCCCCCGCGGGGTTCCGA,Aqp3
sgRNA_00113,GGAGGCGCTGGTGGGGACGC,Aqp3
sgRNA_00114,GCACCCTCGGAACCCCGCGG,Aqp3
sgRNA_00115,GGACTGGGATACTGTGAAAA,Aqp3
sgRNA_00116,GTTAAGTTAGAGTGGTGCTG,Areg
sgRNA_00117,GGGCTGGTCCGTGACGTCAC,Areg
sgRNA_00118,GAAAACCCAGCTGACGCGGG,Areg
sgRNA_00119,GAACCTCCCGCCTCCACCCA,Areg
sgRNA_00120,GGATCGAGCCCTGATTACGC,Areg
sgRNA_00121,GGGAACAGCCAGTGGAGTCC,Arhgap27
sgRNA_00122,GACAGGGGCAGGGTGGTCGG,Arhgap27
sgRNA_00123,GATGAGGCTCAGATGGGGAC,Arhgap27
sgRNA_00124,GGCTGATCCAAGCTGTGTCT,Arhgap27
sgRNA_00125,GCACGTGAACGATTTGGTAG,Arhgap27
sgRNA_00126,GCCCCTCCAGGATCACTGTT,Arhgef10l
sgRNA_00127,GTGCCAGATCTGGAAGGCGG,Arhgef10l
sgRNA_00128,GCGGTGCCAGATCTGGAAGG,Arhgef10l
sgRNA_00129,GGAGAGGCGCAGTGGTGTAG,Arhgef10l
sgRNA_00130,GGGGACTCCAGGCGACACTA,Arhgef10l
sgRNA_00131,GCGGGCGCGGCCATGTGATG,Arhgef28
sgRNA_00132,GTGGGCAGGCGGGGACCAGG,Arhgef28
sgRNA_00133,GTGCCCACCTCTGGCCAGCC,Arhgef28
sgRNA_00134,GCCGCCGCCCCGCGAAGGGA,Arhgef28
sgRNA_00135,GGTCCCCGCCTGCCCACCTC,Arhgef28
sgRNA_00136,GAGGGAGGGCGGCGAAGGAG,Artn
sgRNA_00137,GTGAAGGAGAGTTCCAACTT,Artn
sgRNA_00138,GAGCGGGGACCGGATCCGGA,Artn
sgRNA_00139,GAGCGACAGGGCTCTGCGTT,Artn
sgRNA_00140,GTATCCTCAAGTGGTGACTC,Artn
sgRNA_00141,GTGCGCTCGGGACTGGTCAG,Asap2
sgRNA_00142,GAGAGGGGCGGGCCCGACTA,Asap2
sgRNA_00143,GGGGCGGGCCCGACTAGGGA,Asap2
sgRNA_00144,GTGCGGCCTCAGCTTCTCGG,Asap2
sgRNA_00145,GCGAGGGCGCGCCCTTTCCC,Asap2
sgRNA_00146,GTCCGTGCGCCCTTCCTAGG,Atp8b1
sgRNA_00147,GGAGGCGAGAGGCTCCTCCC,Atp8b1
sgRNA_00148,GCCCTCCCCCGGGTGGAGAG,Atp8b1
sgRNA_00149,GCGGGCAGAGCGGAGGGAAA,Atp8b1
sgRNA_00150,GGAGTCGCGGCCAACTGGAC,Atp8b1
sgRNA_00151,GCTAGGATCTGGGTCGGAGA,Atr
sgRNA_00152,GGGAGAGGGCGGAGCGTCGA,Atr
sgRNA_00153,GGGGAAATCCCAGAGGCGAC,Atr
sgRNA_00154,GGAAGCCGTAAGCTAGGATC,Atr
sgRNA_00155,GCCGCCCTCTCCACCGGAGG,Atr
sgRNA_00156,Gtctgagcccaggaggtcct,Baalc
sgRNA_00157,Ggacctcctgggctcagaaa,Baalc
sgRNA_00158,GACCAGCCAGTCTTTTGTAT,Baalc
sgRNA_00159,GCTACACTTCTGGGTAACAG,Baalc
sgRNA_00160,GACAACAGGAAGCTGTACCC,Baalc
sgRNA_00161,GGGGAGGCGGCCGCCAGAGG,Bace2
sgRNA_00162,GAGGCCCTGCCCCTCCTCCG,Bace2
sgRNA_00163,GCCCGGGAGGCCACGGCTAA,Bace2
sgRNA_00164,GTGACCTTGGCCACGGAGGA,Bace2
sgRNA_00165,GACGGCTAACGGATATGACG,Bace2
sgRNA_00166,GGGCCTGCAGACAGAAGCTA,Bad
sgRNA_00167,GCCGAACGCGATGTGGATTT,Bad
sgRNA_00168,GCCGCACGCAGCAAGCACCT,Bad
sgRNA_00169,GCGTGTGCAGGAGCCAGCGA,Bad
sgRNA_00170,GCCGCCCGGGTGCGGAAGAA,Bad
sgRNA_00171,GCGAGCGCTGCGCCTGAGGG,Bcor
sgRNA_00172,GCGTGAGGGCCGGGGAAAGT,Bcor
sgRNA_00173,GTCAAACTTGCGAGAGCTGG,Bcor
sgRNA_00174,GAGGGGAGGCGGCTGTTggg,Bcor
sgRNA_00175,GCGCGGTGGGGTTTCGGGAG,Bcor
sgRNA_00176,GGCGATCAGGGATACCccga,Bdnf
sgRNA_00177,GCCACCGATACCCATTGGGG,Bdnf
sgRNA_00178,Gaagccctcggaagccctcg,Bdnf
sgRNA_00179,GATACCccgagggcttccga,Bdnf
sgRNA_00180,GTGGCGCGGCGGAGCAGGGA,Bdnf
sgRNA_00181,GAGGGAGCGAGCGCGACCCT,Bnc2
sgRNA_00182,Ggccgagcggcgagctgagg,Bnc2
sgRNA_00183,GAGGGGGGCTGCTGGCGAgg,Bnc2
sgRNA_00184,Gggggagggagcaggccgag,Bnc2
sgRNA_00185,GGGAACGGACTGTCCGGGAG,Bnc2
sgRNA_00186,Gggcctggaagctggacgga,Brsk1
sgRNA_00187,Ggatgctgggatgtatggat,Brsk1
sgRNA_00188,Ggggaagatgctgggatgta,Brsk1
sgRNA_00189,Gggaagctggacggacgggg,Brsk1
sgRNA_00190,GtccccctccccctcCGAAA,Brsk1
sgRNA_00191,GCGGGGCGGGGTGATGTAAC,Calcrl
sgRNA_00192,GCCCGCCTGCACTTAGTGTT,Calcrl
sgRNA_00193,GAGAACTCAGTCTAGGTGAA,Calcrl
sgRNA_00194,GGCTCTTGTCAGAGTGAGAA,Calcrl
sgRNA_00195,GTTCTCAAATAGCTTACCCC,Calcrl
sgRNA_00196,Ggccgaggggcggtggagga,Capn1
sgRNA_00197,Ggggtaagagcctcgggcgt,Capn1
sgRNA_00198,GAGGACCTGCAGATCCCCCT,Capn1
sgRNA_00199,GGAGGAGCCGGTCGCCGGTC,Capn1
sgRNA_00200,GTCGCCGGTCCGGGTGAGAA,Capn1
sgRNA_00201,GGGGCCTGCGCTACGAGACG,Casp3
sgRNA_00202,GACGAGACGGGGCTCAGTCG,Casp3
sgRNA_00203,GCGGGGCCCTAGGCTTGCCC,Casp3
sgRNA_00204,GGAGCCCCGTCTCGTAGCGC,Casp3
sgRNA_00205,GGGCGCAAGTCGGCCGGAGG,Casp3
sgRNA_00206,GGCGAAGCAGCGCGGTCGTA,Casp9
sgRNA_00207,GTCCGTACGGCGAAGTGATG,Casp9
sgRNA_00208,GCCTGAGAGCGCGGCGTTGA,Casp9
sgRNA_00209,GgagcggagcCCAGTGGACC,Casp9
sgRNA_00210,GCGGGGCGAAGGAACTCGGT,Casp9
sgRNA_00211,GTGGACGCCTGTAGAGTCTG,Cblc
sgRNA_00212,GGACTGTAGGTAAAAGGGGC,Cblc
sgRNA_00213,GAGGGGACTGTAGGTAAAAG,Cblc
sgRNA_00214,GGCCGGCCTGGAGAGTCTGA,Cblc
sgRNA_00215,GTAGGTAAAAGGGGCCGGCC,Cblc
sgRNA_00216,GCCAAGAGGGCAGTTAGGAG,Ccdc12
sgRNA_00217,GAGTGAGCCGGCTGGGTTGT,Ccdc12
sgRNA_00218,GCCTTTGCCCACAACCCAGC,Ccdc12
sgRNA_00219,GTACAGCGAGTGAGCCGGCT,Ccdc12
sgRNA_00220,Gatggggtcgggttcagtct,Ccdc12
sgRNA_00221,GGAAGCCTTCGGCCCCTCTA,Ccdc62
sgRNA_00222,GCCGGCGTGGGAATGAATAT,Ccdc62
sgRNA_00223,GGGAACCTTAGAGGGGCCGA,Ccdc62
sgRNA_00224,GGACGCTCTGGGAACCTTAG,Ccdc62
sgRNA_00225,GGGCCGAAGGCTTCCGGCGT,Ccdc62
sgRNA_00226,GCGGTGGGACGCTGAAGAAT,Ccser1
sgRNA_00227,GACACCCGCGGCCGAATCGG,Ccser1
sgRNA_00228,GCCCTCCCCCGATTCGGCCG,Ccser1
sgRNA_00229,GTGCGCGGAAGCCAGCGACG,Ccser1
sgRNA_00230,GCGGAAGCCAGCGACGCGGT,Ccser1
sgRNA_00231,GGCGACAGCGGGATGGGAAG,Cd99l2
sgRNA_00232,GGGGTCTCCTGATCTGGATT,Cd99l2
sgRNA_00233,GGGCGCGCCTAGATGCCTGC,Cd99l2
sgRNA_00234,GCCAGATCAGGAGACCCAAT,Cd99l2
sgRNA_00235,GAGGCGGGACATGGGGAAGA,Cd99l2
sgRNA_00236,GAGCCAGGCCAGAGGGGCTA,Cdc42bpg
sgRNA_00237,GGGTGGCGCTGGGACTGGGG,Cdc42bpg
sgRNA_00238,GGCACCTGCCCGTCCGTCGG,Cdc42bpg
sgRNA_00239,GTCCCGCGGGAAGTTGCGCT,Cdc42bpg
sgRNA_00240,GGGTCCGTTGGGGTCGCAAA,Cdc42bpg
sgRNA_00241,GGAGGGTAGTACCTGAGCTG,Cdcp1
sgRNA_00242,GGTGACCCACGCTTCCTCTG,Cdcp1
sgRNA_00243,GCCTCAAGGCCACCGGGCAA,Cdcp1
sgRNA_00244,GGAGGCCACAGAGGAAGCGT,Cdcp1
sgRNA_00245,GACTACCCTCCCTTGCCCGG,Cdcp1
sgRNA_00246,GGAAGCTGGGAAGTCTTCTA,Cdh1
sgRNA_00247,GGAGTCTAGCAGAAGTTCTT,Cdh1
sgRNA_00248,GGTCGAAGGAAAGTGGTGTC,Cdh1
sgRNA_00249,GTGGCAGCCAAGGAACTGCA,Cdh1
sgRNA_00250,GGGGGCCTGCCTGTAGAAGG,Cdh1
sgRNA_00251,GCTGGCTCCAGGGACATGAC,Cdh12
sgRNA_00252,GTGCGTGCAGGCAAAGCATG,Cdh12
sgRNA_00253,GGCAGGCAAAGCATGCGGAG,Cdh12
sgRNA_00254,GGGAGCATTGCTTGCTAATC,Cdh12
sgRNA_00255,GAAAGCATGCGGAGAGGTTG,Cdh12
sgRNA_00256,GAGCTCGGCGGCGGGAAGGT,Cds1
sgRNA_00257,GCGCTGCGGGAGCTCGGCGG,Cds1
sgRNA_00258,GCGGTCGCGAGGCGCGAGGG,Cds1
sgRNA_00259,GCACCGCAGTGCAGCGCGGA,Cds1
sgRNA_00260,GCGGGAGCTCGGCGGCGGGA,Cds1
sgRNA_00261,Gccggggcgcgggtccccgg,Celsr2
sgRNA_00262,GTAGGATGGGGCAGCAATGA,Celsr2
sgRNA_00263,GTACCGGTCGCCGGGGTCCC,Celsr2
sgRNA_00264,GGACGCCCAACGCGCCGAGG,Celsr2
sgRNA_00265,GGGGCCCGGGCCGGAGCGTG,Celsr2
sgRNA_00266,GAGCATGCGAACTGCCCGAA,Cep112
sgRNA_00267,GACTGCTCCTCAAGTCCGAG,Cep112
sgRNA_00268,GCGGGCAGTTCGCATGCTAA,Cep112
sgRNA_00269,GTGCTGGCGCCATTTCTCGG,Cep112
sgRNA_00270,GGTCCCGCCCCCTCGAGCTG,Cep112
sgRNA_00271,GGAGCCTGGGCTGGACTCGG,Chd1
sgRNA_00272,GGCTACCCCTGGCGTTCGTG,Chd1
sgRNA_00273,GCGAACGCCAGGGGTAGCGC,Chd1
sgRNA_00274,GGAGTGCGAAGGCCGAGCCT,Chd1
sgRNA_00275,GCGGAGCTGCTGCGTCACCC,Chd1
sgRNA_00276,GAGGAGGAGCGGCTGGGCTA,Cldn23
sgRNA_00277,GCCCCAAGGCCAAACCCTAC,Cldn23
sgRNA_00278,GCCGCCCCTCCCACCCGGTA,Cldn23
sgRNA_00279,GAAACCCTACCGGGTGGGAG,Cldn23
sgRNA_00280,GCGCCCAGGTGCGGCCCCCA,Cldn23
sgRNA_00281,GAAGGGACACTCACCTGAAC,Cldn7
sgRNA_00282,GGGGTAGGGGCCAAGACTTC,Cldn7
sgRNA_00283,GCGACCCAGGCGCACCTGTA,Cldn7
sgRNA_00284,GCAGGCGCACCTGTATGGAA,Cldn7
sgRNA_00285,GGCAACTTGGGCGGGACCAG,Cldn7
sgRNA_00286,GGGTGCGGGGCGGCCTCGGA,Colec12
sgRNA_00287,GGAGAAAGAGGGACCCACGA,Colec12
sgRNA_00288,GGGCCGCCCCGCACCCTCGT,Colec12
sgRNA_00289,GCGGAGCGAAGGTTGCGGAG,Colec12
sgRNA_00290,GGACCCACGAGGGTGCGGGG,Colec12
sgRNA_00291,GTTCTGCCCCAGCAAAGGGT,Cped1
sgRNA_00292,GGGGGCAGAAACTTATAACG,Cped1
sgRNA_00293,GAGGTAGCCACGTTCCAAGT,Cped1
sgRNA_00294,GCACGTTCCAAGTTGGGATA,Cped1
sgRNA_00295,GGGTAGGCTACTAATGTGCA,Cped1
sgRNA_00296,GGGAGCCCTCCCTGGCCGGT,Cpq
sgRNA_00297,GTGTCTCCGCCCACCGGCCA,Cpq
sgRNA_00298,GTGGGCTTTAACTGAGACTG,Cpq
sgRNA_00299,GAAGGCAAGTAGGGTCCCCA,Cpq
sgRNA_00300,GACAGCTGTGGAGCCCTCCC,Cpq
sgRNA_00301,GCTCTCTGAGTGCTCAAATA,Creb3l1
sgRNA_00302,GGAGTCGCAGAGATCTCTCT,Creb3l1
sgRNA_00303,GAAAGAGACGTGTGTCTGTT,Creb3l1
sgRNA_00304,GTCTGAGTGCTCAAATAAGG,Creb3l1
sgRNA_00305,GCGGCAGCCACCCATCCTCG,Creb3l1
sgRNA_00306,GagagcaggGCGCTAAAGAA,Creb5
sgRNA_00307,GAAACAGTGCAGCCTGGGGA,Creb5
sgRNA_00308,GAAGGCCCTGAGCCTGGAAC,Creb5
sgRNA_00309,GGCAGCTGTAGGCCATCCCC,Creb5
sgRNA_00310,GCAGCCCCAGGCCCAGTTCC,Creb5
sgRNA_00311,GTTGGGAAGAAGGGTTCTCA,Ctsh
sgRNA_00312,GAGACGGAGTTACCAGAGAT,Ctsh
sgRNA_00313,GGGGGACAGACAGGAAACTG,Ctsh
sgRNA_00314,GCCCAAGAGCAGGAGTGTAA,Ctsh
sgRNA_00315,GCAAGCTATAGGGAAGGCCA,Ctsh
sgRNA_00316,GAACACCACGCGCCGGGCTG,Cyb5
sgRNA_00317,GGGGCCCTGTGCCCAGAACC,Cyb5
sgRNA_00318,GCACGCGCCGGGCTGTGGTG,Cyb5
sgRNA_00319,GAAACTGGGCACAGACCACA,Cyb5
sgRNA_00320,GGAGGGCGGTGCCTCAAACT,Cyb5
sgRNA_00321,GGCGGGGTCAGCAGGTTCTC,Dand5
sgRNA_00322,GGAACCTGCTGACCCCGCGA,Dand5
sgRNA_00323,GcgggggcgcACGGTAGCTG,Dand5
sgRNA_00324,GGAACTGCTTGGCCACATAG,Dand5
sgRNA_00325,GGCGGAGTGGCTATCTCCTG,Dand5
sgRNA_00326,GACAAAGGAAGGAGACTCAA,Dclk2
sgRNA_00327,GGCGCGCTCCACAAGCGCGG,Dclk2
sgRNA_00328,GGCGCAGCGCGGTCACGCCC,Dclk2
sgRNA_00329,GCGAGAGCGCGGATGCCCGT,Dclk2
sgRNA_00330,GGCCTCCTGGGGAAAAACCG,Dclk2
sgRNA_00331,GGCCTCGTGGGGCACAGCAC,Dennd2d
sgRNA_00332,GCGTGAGCAGTGGAGGATGA,Dennd2d
sgRNA_00333,GGCCTGTGAAGATCAGACTA,Dennd2d
sgRNA_00334,GTTACAAACCCAGGCAGCGA,Dennd2d
sgRNA_00335,GCCACGAGGCAGCTTAGTGT,Dennd2d
sgRNA_00336,GAGCCCTGGAGATACTCTGA,Dgka
sgRNA_00337,GGGCCCGGAGCAGATTGTGT,Dgka
sgRNA_00338,GAAAGCCAAGGTAGGGGTCA,Dgka
sgRNA_00339,GGGAGGGCAGGCTGGGTCGG,Dgka
sgRNA_00340,GGTAGAGCTGCCCCAGGCAT,Dgka
sgRNA_00341,GGCCCCGCGGACGAAGTAAT,Dhrs3
sgRNA_00342,GCCCAAGAATAGCAATGAGT,Dhrs3
sgRNA_00343,GCAGCCCGGGCTGCAAGAGA,Dhrs3
sgRNA_00344,GAATAGGGCGGTGCAGACTA,Dhrs3
sgRNA_00345,GCCCGGGCTGCAAGAGAGGG,Dhrs3
sgRNA_00346,GTCCCTGTGCTATTCTGGTT,Dmd
sgRNA_00347,GCCATGGGCAGTCCTATTAT,Dmd
sgRNA_00348,GTGAGTTCCCTGTGCTATTC,Dmd
sgRNA_00349,GGGGTCACTTGCTTGTGCGC,Dmd
sgRNA_00350,GGCCTTATATGTAGTGTCCA,Dmd
sgRNA_00351,GTCCCCAGAGAATCACTTCA,Dpt
sgRNA_00352,GGAGAATCACTTCACGGAGA,Dpt
sgRNA_00353,GTCCGTGAAGTGATTCTCTG,Dpt
sgRNA_00354,GGGCAGCATGCCGAGAGATG,Dpt
sgRNA_00355,GGACATGTGGTTCCCAGATG,Dpt
sgRNA_00356,GCCGCCCGGGCTCACAGAAA,Dpysl2
sgRNA_00357,GCGTCCCGGGAGGGTGAGGA,Dpysl2
sgRNA_00358,GCTCACAGAAAGGGCGCGAA,Dpysl2
sgRNA_00359,GGAGGGGTGATCGTCCCGGG,Dpysl2
sgRNA_00360,GGCGAGAGGCGCTCACTGAT,Dpysl2
sgRNA_00361,GGAGCGTGCGAACTACTCAC,Dtx3l
sgRNA_00362,GGCTCTGCGGAGAACAAGGA,Dtx3l
sgRNA_00363,GCGAACTACTCACCGGGTGA,Dtx3l
sgRNA_00364,GGGCAGAGCAAGACAGGCGG,Dtx3l
sgRNA_00365,GCGATCCTGCAAGAATAGAA,Dtx3l
sgRNA_00366,GGAATCAAGACTAGGGAGAT,Duox1
sgRNA_00367,GGGCCGAAGCAAGGGTGTCC,Duox1
sgRNA_00368,GAACCTGGACACCCTTGCTT,Duox1
sgRNA_00369,Gtggctccagagccgaggcc,Duox1
sgRNA_00370,GCCTCTAAGAATCAAGACTA,Duox1
sgRNA_00371,GTCGGAGCACCCACTTTCGT,Duoxa1
sgRNA_00372,GTCTCCTGGCCCACGAAAGT,Duoxa1
sgRNA_00373,GTATCCGCAGTCCCAGGCTG,Duoxa1
sgRNA_00374,GGGGCCAGGAGAAATGTTCA,Duoxa1
sgRNA_00375,GGTAGCCCGCTCCTCCGTTC,Duoxa1
sgRNA_00376,GCCCCCTCGCACCCAGTCAC,Dusp4
sgRNA_00377,GTAAACAGGGCGCTCGGTGC,Dusp4
sgRNA_00378,GTCCCCGTGACTGGGTGCGA,Dusp4
sgRNA_00379,GCCCCACCCCGGCTCGTGAA,Dusp4
sgRNA_00380,GGGGCGGGAAGCTTGCGTTG,Dusp4
sgRNA_00381,GCTAGACTAACCAACTTCTC,Ednra
sgRNA_00382,GTAGGAGCCTGTGGAGTCTA,Ednra
sgRNA_00383,GAAGTTGGTTAGTCTAGGAT,Ednra
sgRNA_00384,GCAAACTCTCCCGTACTCAC,Ednra
sgRNA_00385,GCACTTGAGCCCGTGAGTAC,Ednra
sgRNA_00386,GGACCCGGGTGGTTGTCCAC,Egr2
sgRNA_00387,GGGACAACCACCCGGGTCTG,Egr2
sgRNA_00388,GCATACGGGCTTGGCTGCGC,Egr2
sgRNA_00389,GAGCCGGTGGACAACCACCC,Egr2
sgRNA_00390,GGAGTCCCCGCTGCAGGCAG,Egr2
sgRNA_00391,GGGCAAACGCCCAATGAGGA,Ehd4
sgRNA_00392,GATGACGGCATCGGTCTAGA,Ehd4
sgRNA_00393,GGGGTGGAAGCTCTAGCCAA,Ehd4
sgRNA_00394,GCTACCCGGGTACATCCTTC,Ehd4
sgRNA_00395,GTGACGCAGCGGCTGATGAT,Ehd4
sgRNA_00396,GAACAGAGGCGACCTGTTAA,Ehf
sgRNA_00397,GAGGAGGGGGAAGTGACTTA,Ehf
sgRNA_00398,GTTAGGGAATTCCCGGTTGG,Ehf
sgRNA_00399,GAAGTGACTTAGGGAATTCC,Ehf
sgRNA_00400,GTGAACACTAACGTCTGAGT,Ehf
sgRNA_00401,GAGGGCGAGCTTCACGTGAC,Eif5a2
sgRNA_00402,GCGAGCTTCACGTGACGGGG,Eif5a2
sgRNA_00403,GCTGGCAACCCCACGTGCTG,Eif5a2
sgRNA_00404,GGGGCGCCGAACTGAAGATG,Eif5a2
sgRNA_00405,GCCGCCTCCAGGTCGCCCAT,Eif5a2
sgRNA_00406,GGACAGGGAGCCCAGTCTGA,Elf3
sgRNA_00407,GTGCTAGGATCTGGGCCAAG,Elf3
sgRNA_00408,GGGCCCAACCCCAGAGGGTG,Elf3
sgRNA_00409,GTGTCATTCCGCACCCTCTG,Elf3
sgRNA_00410,GGGGACGTACGCCGAAGACC,Elf3
sgRNA_00411,GGAGGCAGATTCAGCCTAGG,Eln
sgRNA_00412,GGGGAGGGGGCAATTACGAA,Eln
sgRNA_00413,GCCAGACTTGCAAGCCTCCT,Eln
sgRNA_00414,Ggagagggcgggtgagagga,Eln
sgRNA_00415,GGAAAATAGACCCATAGTCG,Eln
sgRNA_00416,GGAAGCGGAGAGATGCTCGT,Enox1
sgRNA_00417,GcgcgcgcgcCCAGGAGTGG,Enox1
sgRNA_00418,GCGTAAAGCGGTGAAAGGAT,Enox1
sgRNA_00419,GCGCTCCTCCGGCTCCAGAT,Enox1
sgRNA_00420,GGATCGCGCTATTCCCTCGG,Enox1
sgRNA_00421,GCAAGGGGAGGGGCCGGTCG,Enpp2
sgRNA_00422,GAAAGTGTCTGTTCAAGGGG,Enpp2
sgRNA_00423,GCATGAAAGTGTCTGTTCAA,Enpp2
sgRNA_00424,GCGAGCTGATGGGAAATTCT,Enpp2
sgRNA_00425,GTCTGAGCAGAAGAGGCTTA,Enpp2
sgRNA_00426,GAGGCGGAGCGAGGTGGCGT,Entpd3
sgRNA_00427,GGGAATCATTGCCACGTGGG,Entpd3
sgRNA_00428,GCCTCATGCCGGACAGGCTG,Entpd3
sgRNA_00429,GaaacaAGGCCTGAAAGGAT,Entpd3
sgRNA_00430,GAAAAGCGGAGGCGCCTCTG,Entpd3
sgRNA_00431,GTCCCCACGGGGATCTCTAA,Epb4.1l3
sgRNA_00432,GCGGGAGGGAAGCCAGGACG,Epb4.1l3
sgRNA_00433,GAGGGAAGCCAGGACGAGGT,Epb4.1l3
sgRNA_00434,GACGCCCAGACTCCGAGCGA,Epb4.1l3
sgRNA_00435,GCGGGGATCTCTAAAGGGAG,Epb4.1l3
sgRNA_00436,GAAAGGGCATCGCACTTAAA,Epdr1
sgRNA_00437,GACTGCAACCCCCCTCAAGG,Epdr1
sgRNA_00438,GAACCCCCCTCAAGGAGGAC,Epdr1
sgRNA_00439,GAGAGGTGTGGCACATTCTC,Epdr1
sgRNA_00440,GAGAACTGCAACCCCCCTCA,Epdr1
sgRNA_00441,GACACCCTGACTAGAGGGCG,Epha2
sgRNA_00442,GCAGAGGGAAGTTGGGGTTG,Epha2
sgRNA_00443,GGACTGACACCCTGACTAGA,Epha2
sgRNA_00444,GAGAGGGCGGGGAAGCCAGA,Epha2
sgRNA_00445,GTCACCGAAACCACGCCCTC,Epha2
sgRNA_00446,GTATCAGGGAGGGTGGGtgt,Eps8l1
sgRNA_00447,Gcaacaaccagaatcttcta,Eps8l1
sgRNA_00448,Gttattgcttacatcttatg,Eps8l1
sgRNA_00449,Ggttctctttaaagaggaaa,Eps8l1
sgRNA_00450,Gattgttgttctctttaaag,Eps8l1
sgRNA_00451,GCACCCGGGAGTGGGCACGA,Eps8l2
sgRNA_00452,GGGGCCCGCCCCCTTCCTTC,Eps8l2
sgRNA_00453,GCACGAGGGAGCCTGAAGGA,Eps8l2
sgRNA_00454,GAACCACAGTTGGTGTGGTG,Eps8l2
sgRNA_00455,GGGGCCGCACCCTGTTCTCC,Eps8l2
sgRNA_00456,GACCCTCTTGGCCAAGCTGT,Erbb3
sgRNA_00457,GCTGGCGGGGCACGCTTGGG,Erbb3
sgRNA_00458,GGGGCTGGCGGGGCACGCTT,Erbb3
sgRNA_00459,GGCCCCCTCCCGTGCGAGGC,Erbb3
sgRNA_00460,GTCCCCCGGAGATGGTTAAG,Erbb3
sgRNA_00461,GGGTGCCAGCAGACTGTCAA,Ermp1
sgRNA_00462,GGCACCAGGGAACAGCGAGG,Ermp1
sgRNA_00463,GTGCCTGAGTCTGAGATCTT,Ermp1
sgRNA_00464,GCGGTGGCCCGGACTGTCGC,Ermp1
sgRNA_00465,GGGTCCGCCTCGCTGTTCCC,Ermp1
sgRNA_00466,GCCCCGGGAGGCGCGCGCAA,Esrp1
sgRNA_00467,Gaatggggaagcaagggctg,Esrp1
sgRNA_00468,GCTCGAGGACGCAGCGTTGA,Esrp1
sgRNA_00469,GGCTGAAAGCTTTTCTGTTT,Esrp1
sgRNA_00470,GGCCTCCCGGGGGTGCAGCC,Esrp1
sgRNA_00471,GTACTCCGGCGAGTTACCTG,Esrp2
sgRNA_00472,GCGGGCCGCAGGTAACTCGC,Esrp2
sgRNA_00473,GCCGGAGAGGCCACGTGATC,Esrp2
sgRNA_00474,GCGCCGGAGTAGGCAGGGAT,Esrp2
sgRNA_00475,GACGGCCCAGGGAACCCCGC,Esrp2
sgRNA_00476,GGAAGAGCAGGAGATCTTGG,Eya4
sgRNA_00477,GGGACCGAGGAGCCCGGTGG,Eya4
sgRNA_00478,GCGGCTCTGCGCGTCTCTGG,Eya4
sgRNA_00479,GGGCCAGCGCCAGGCGGGGT,Eya4
sgRNA_00480,GCCTGCCGGGAGGCCCCCAG,Eya4
sgRNA_00481,GCACCCAGGCTGGTCATCCA,F3
sgRNA_00482,GAAACTCCGAGACCCCGAAA,F3
sgRNA_00483,GGGGTCTCGGAGTTTCCTAC,F3
sgRNA_00484,GTGCGGAGACCCAGGCTCCC,F3
sgRNA_00485,GGCAGGGGTGTGGACTGATC,F3
sgRNA_00486,GGCTCCGCGGGCGGTCGCGC,Fam102a
sgRNA_00487,GCCCCTGCTGCTCTCGGCCG,Fam102a
sgRNA_00488,GTGAGAAGCGCGGTGGGGGG,Fam102a
sgRNA_00489,GGGAAACAATCTGGAAACTA,Fam102a
sgRNA_00490,GGCGCCGTCGCCCGCACCTC,Fam102a
sgRNA_00491,GAAGGAAAGTGGGGACAAAG,Fam20a
sgRNA_00492,GGGGCAGAGCCGGCAGCAAA,Fam20a
sgRNA_00493,GAGCAAAGGGATTGGGAGTT,Fam20a
sgRNA_00494,GGAGAGGATTGATGACAAGG,Fam20a
sgRNA_00495,GGAGCCGGCAGCAAAGGGAT,Fam20a
sgRNA_00496,GCGTGCCGTGCTCAGAGAGG,Fam216a
sgRNA_00497,GCTGTCGCGCGAAGGCTGAA,Fam216a
sgRNA_00498,GGTGCTGAACGAGCGATCTG,Fam216a
sgRNA_00499,GCGTTCCGGGGAATGTGCGT,Fam216a
sgRNA_00500,GCTGAAGGGAGTGTGGCCGT,Fam216a
sgRNA_00501,GACCCAGTCGGTGGTCGTAC,Fam229b
sgRNA_00502,GCTCCTGCTGGTCCTCCCGG,Fam229b
sgRNA_00503,GAACAAGGGCATTACGACAT,Fam229b
sgRNA_00504,GCTAAGGCGGGAGTTTGGGC,Fam229b
sgRNA_00505,GGGTGAGCTACCCCCGTCCG,Fam229b
sgRNA_00506,GCACCCCAGCCGGGCTAAGT,Fam83f
sgRNA_00507,GAGGGACCGCCGCCTCTGCA,Fam83f
sgRNA_00508,GGGGGTGCAGAGTGTCGGCG,Fam83f
sgRNA_00509,GGGGTGCTGGAGGCGTAAAG,Fam83f
sgRNA_00510,GGGCCAGAGACGCAGGGCGT,Fam83f
sgRNA_00511,GTGTGCCTGCAGCACCTCAT,Fap
sgRNA_00512,GGGGGACGACCGCAGAGTAG,Fap
sgRNA_00513,GCCACTCATAGTTCACTTAA,Fap
sgRNA_00514,GGATTCTCACTGCACAGCGT,Fap
sgRNA_00515,GCCTGACTTCAGCTTCCAAG,Fap
sgRNA_00516,GtgtgtAGACACATCGGATG,Fgf14
sgRNA_00517,GGGATGGGGACCACATAGTT,Fgf14
sgRNA_00518,GCCAAGATGCTAGACTAAGG,Fgf14
sgRNA_00519,GCCCTGCTCAAGCTGCCCTC,Fgf14
sgRNA_00520,GGAAAGGTTGGCAGATCTGT,Fgf14
sgRNA_00521,GggcccgcgccggcACAATG,Fgf18
sgRNA_00522,GGGGAGGCACTCAATACTGT,Fgf18
sgRNA_00523,Gtccggccgcgccccgaggg,Fgf18
sgRNA_00524,GGGCGGGCGCCCAGACGGAG,Fgf18
sgRNA_00525,GACCCTGAGCCGCCAGAAGG,Fgf18
sgRNA_00526,GAGGAGGGAGATGCGATCCC,Fgf5
sgRNA_00527,GGTCCCGGGGGCAGCTTCTG,Fgf5
sgRNA_00528,GCGGTCGCAGCCAGCGTCCC,Fgf5
sgRNA_00529,GGAGATGCGATCCCGGGAGT,Fgf5
sgRNA_00530,GGGGTGAGGGGAAGCTTCGC,Fgf5
sgRNA_00531,GGGGTGGAATCCAATGGCTG,Fgfbp1
sgRNA_00532,GAGTCCTGGAGGGAAGGTAC,Fgfbp1
sgRNA_00533,GAGAAAGATCGCTGCTGGAT,Fgfbp1
sgRNA_00534,GCCTCCCAGCCACACCCCTC,Fgfbp1
sgRNA_00535,GGGTACTGGGTGGAATCCAA,Fgfbp1
sgRNA_00536,GGGCGCCGGGCGGTCCCAGA,Fgfr3
sgRNA_00537,GAAGAGGCGTGGTCAGGCGG,Fgfr3
sgRNA_00538,GGGGCGGAGCAGGCGAGGCA,Fgfr3
sgRNA_00539,GCCCCTGGCCGCCGGGGAAG,Fgfr3
sgRNA_00540,GGATCCGAAGAGGCGTGGTC,Fgfr3
sgRNA_00541,GAACCTGCGGACAGGGTGTG,Fkbp7
sgRNA_00542,GCGAAAGAAACCTGCGGACA,Fkbp7
sgRNA_00543,GGCTCCGGTTGGCTGTACTC,Fkbp7
sgRNA_00544,GGGCCGTTGGGTGCTCCGGT,Fkbp7
sgRNA_00545,GAGCCAACCGGAGCACCCAA,Fkbp7
sgRNA_00546,GCCGAGGTGCACCTGTGAGG,Foxa1
sgRNA_00547,GTCCCGCAGCACAGCTCTTT,Foxa1
sgRNA_00548,GgcgcggcggcTGGACTGGC,Foxa1
sgRNA_00549,GAGCCCTGGCCTGTCCTCCA,Foxa1
sgRNA_00550,GGCCTCGCGGCTAGGGAAAG,Foxa1
sgRNA_00551,GAACACTCTTAAGTACTGTT,Foxp2
sgRNA_00552,GCCTATGAGGGGCGGGCAGG,Foxp2
sgRNA_00553,GTACTTAAGAGTGTTCTAGG,Foxp2
sgRNA_00554,GGGACCTGACGTCATCCAGG,Foxp2
sgRNA_00555,GCCCGACTCGCCGTCTgggg,Foxp2
sgRNA_00556,GGGGAGCGAGCGCACGGCTA,Foxq1
sgRNA_00557,GGGCGCAGGTTGTTTGTTTT,Foxq1
sgRNA_00558,GTCCCCCCAAGGCGTTCATC,Foxq1
sgRNA_00559,GGCGGGCGGGGCAGCCGCAC,Foxq1
sgRNA_00560,GGGCGCAGAAACCCACTCGG,Foxq1
sgRNA_00561,GAGAAACAGGCTAGCCCAGA,Frk
sgRNA_00562,GAAGGGGGCTGGTCTATCCT,Frk
sgRNA_00563,GTTAAAGGCGATAACCTCCA,Frk
sgRNA_00564,GGGAGCGGGAAAGCTGACCT,Frk
sgRNA_00565,GAATCTGGCTTCTTGGTAAG,Frk
sgRNA_00566,GCCCAAGCAGGACCATTGAT,Frmpd4
sgRNA_00567,GGATCTGGAGGCTCCCGGAG,Frmpd4
sgRNA_00568,GGTGCAGCGCTAATTAGGAG,Frmpd4
sgRNA_00569,GCAGGCGCCCTGAGGACCAG,Frmpd4
sgRNA_00570,GCGCCCCGCCCTGAGAGCTT,Frmpd4
sgRNA_00571,GAAGGCCGCCTGAGGGTCGG,Fut8
sgRNA_00572,GTGGAACTCGGGTCCCGCCG,Fut8
sgRNA_00573,GCGCGTGCGCGCGTGGTCTC,Fut8
sgRNA_00574,GACCCCGCTGGGGCTCAATA,Fut8
sgRNA_00575,GCGGAGCTGCAGCATCCACC,Fut8
sgRNA_00576,GGCAGGCTCGGCACTGCGGA,Galnt3
sgRNA_00577,GAGGAACCGCGTGGGGTTAG,Galnt3
sgRNA_00578,GAGAGGAAGAGGAACCGCGT,Galnt3
sgRNA_00579,GACGTCGGCAGGGGCGAGGC,Galnt3
sgRNA_00580,GCGGTCTCCCAGGGGTCCCG,Galnt3
sgRNA_00581,GCAGAGAAGTAGCTACAATC,Galt
sgRNA_00582,GCCGCCACGCTCACTTCCCC,Galt
sgRNA_00583,GGGCACAGCCTGCCACTTGA,Galt
sgRNA_00584,GCGCCAACACGTGACGGTGG,Galt
sgRNA_00585,GTGCCCCCACCGTCACGTGT,Galt
sgRNA_00586,GCAAACTCCTGGACACGTTG,Gas2
sgRNA_00587,GCCCGCAGGGTCCGTGGCCT,Gas2
sgRNA_00588,GCTGGGCGGGGCCGACTCCG,Gas2
sgRNA_00589,GCGCGCCTGCACGAGCTGGG,Gas2
sgRNA_00590,GGGCCCGGGAACAGCAAGCT,Gas2
sgRNA_00591,GACCCGCAAGCTGGCCTCCT,Gata2
sgRNA_00592,GCACGGCGAAGGTCCCCTGG,Gata2
sgRNA_00593,GCGTCTGCCGGAGGGGTGCA,Gata2
sgRNA_00594,GCGCAGAGAGGGCGCTGGTA,Gata2
sgRNA_00595,GGCGAAGGTCCCCTGGGGGG,Gata2
sgRNA_00596,GGCCACGGGCGGGGCTCTCC,Gjb2
sgRNA_00597,GCGGGCACCCAGAGCCGTCA,Gjb2
sgRNA_00598,GACCCCCAGCGCCACGGGCG,Gjb2
sgRNA_00599,GGCGACTCGGCGGGCCCTGA,Gjb2
sgRNA_00600,GTGAGCTCAAAGAGAGCTGg,Gjb2
sgRNA_00601,Ggcggcggctacagaggacg,Gli2
sgRNA_00602,Gctacagaggacgcggagga,Gli2
sgRNA_00603,Ggcggctacagaggacgcgg,Gli2
sgRNA_00604,GGGGACTCGGGCAGTCCCTA,Gli2
sgRNA_00605,GCGGCGGGGCGGGCAAGCTA,Gli2
sgRNA_00606,GCCTCAGGGGCTCTGCCAAT,Gltp
sgRNA_00607,GTGGCAGAGCCCCTGAGGGG,Gltp
sgRNA_00608,GGGGAAACAAGGCCCCGTCA,Gltp
sgRNA_00609,GGGGCTTCGATTGGTCGGAA,Gltp
sgRNA_00610,GAGCCGCCGCGCCATTGGTC,Gltp
sgRNA_00611,GAGCCGCGCTGCCTGGAGGA,Gpc3
sgRNA_00612,GGCTGCCTGGAGGACGGCGT,Gpc3
sgRNA_00613,GGCCACGCCCCGCATCCCGC,Gpc3
sgRNA_00614,Ggcccggggcggagccttgt,Gpc3
sgRNA_00615,GGTGGCGGGCAAGCCTTGGT,Gpc3
sgRNA_00616,GATAAAGATGAAGAACCGAA,Gpr115
sgRNA_00617,GCACGCCTAAGAGAAATTAC,Gpr115
sgRNA_00618,GCAGCTTCGAGGATTGTGTA,Gpr115
sgRNA_00619,Gccaaggcacatgtggaagt,Gpr115
sgRNA_00620,GGTGCTTGACAGACCCACTG,Gpr115
sgRNA_00621,GCGGCCCGCGGGTGACCTCG,Gpr126
sgRNA_00622,GggcggcggggTTGGAAGAC,Gpr126
sgRNA_00623,GCTGACCCCGAGGTCACCCG,Gpr126
sgRNA_00624,GAGAGCCAGAAGCAGCTCCG,Gpr126
sgRNA_00625,GGTCAGCGGGGTCCCCTCCC,Gpr126
sgRNA_00626,GAGAAGGCTGCAAGAGCGAG,Gpr39
sgRNA_00627,GACCCTGAGGCTGGCTGGGC,Gpr39
sgRNA_00628,GAAGGGAAGAGGTCTCACAC,Gpr39
sgRNA_00629,GGCTGGGCTGGTTCTGCTGC,Gpr39
sgRNA_00630,GTGGGACCGGCAAACCGAGT,Gpr39
sgRNA_00631,GTGCCCCTGCCCGTCTGGGT,Grem1
sgRNA_00632,GGGCGGAGAGGGGACCCCGC,Grem1
sgRNA_00633,GAGGGGCTAGAAGCCGGGGT,Grem1
sgRNA_00634,GCTCCCCTCTCCAACGGGAG,Grem1
sgRNA_00635,GGGGGCACTACCGGGAAAGG,Grem1
sgRNA_00636,GAGCCTGGGGGCGGACCGGA,Grhl1
sgRNA_00637,GGGTGCTCGGCGGTGCTCAG,Grhl1
sgRNA_00638,GGGGGCCACGCGGTGCTCGG,Grhl1
sgRNA_00639,GGAGCTCCATCTCACCAATC,Grhl1
sgRNA_00640,GGCGGCGGCCCCGACGGGTT,Grhl1
sgRNA_00641,GACCGCGCAGCTCGGCCCTC,Grhl2
sgRNA_00642,GGTACCGTGGGTCAAACCGA,Grhl2
sgRNA_00643,GACTGCGAAGTTTACCTGAG,Grhl2
sgRNA_00644,GGCAGAGGCGCGCTCAGGTA,Grhl2
sgRNA_00645,GGCGTGCCACCGCTCCACTC,Grhl2
sgRNA_00646,GGGGTGGAGACGAGGGAAAA,Grhl3
sgRNA_00647,GACAAACGTTGGGAAGGAAC,Grhl3
sgRNA_00648,GAAGAGATATGGTGTCTGTG,Grhl3
sgRNA_00649,GGAAGGAACGGGAGAACTAG,Grhl3
sgRNA_00650,GTCTGTGGGGAGATGTTTGT,Grhl3
sgRNA_00651,GCCAAGCAGAGTTAACTCTT,Gsta3
sgRNA_00652,GACACCAGGGAGTACTTCTG,Gsta3
sgRNA_00653,GAGGATGGGCTAAAGCAAGT,Gsta3
sgRNA_00654,GAACTCTTCGGCTGTCAATG,Gsta3
sgRNA_00655,GTTCGGCTGTCAATGAGGAT,Gsta3
sgRNA_00656,GGGGTCAGGCCGGAAATCTA,Gsto2
sgRNA_00657,GCAGTAGGATGTGAGACCAG,Gsto2
sgRNA_00658,GAATCCGCGAGGAACCGCCA,Gsto2
sgRNA_00659,GTGCTCGAGAAACGAGGGTC,Gsto2
sgRNA_00660,GACCGCCAGGGCCTGCCCGG,Gsto2
sgRNA_00661,GCGGGACTCCCGGTTGCTGA,Gulp1
sgRNA_00662,GCGGCTCTGTGTGCGCACTA,Gulp1
sgRNA_00663,GACCTGGAGCTGTGGAAGTG,Gulp1
sgRNA_00664,GAGAACTGTCCTGCTTTTAA,Gulp1
sgRNA_00665,GCTGTGGGAGGAGGTTTAAA,Gulp1
sgRNA_00666,GCAGCCAGTGGTGACGAGAT,Hap1
sgRNA_00667,GGGCGAGCGCGAGAGTGAGA,Hap1
sgRNA_00668,GGTCCCTCTACTCAAGTCCA,Hap1
sgRNA_00669,GGTGCCTAGCTTATTCCGTG,Hap1
sgRNA_00670,GGTGACCGTTGATCAGTTAG,Hap1
sgRNA_00671,GGGGCTGCGCCAGGCGGGAA,Haus4
sgRNA_00672,GAGCGCAACTGTCGCGGTAG,Haus4
sgRNA_00673,GGGCACGGAAGGTTATATAG,Haus4
sgRNA_00674,GGGGTGAAGTTCCGACTTCC,Haus4
sgRNA_00675,GCTGCCACTGTGGTGCTCGG,Haus4
sgRNA_00676,GAGGGGAAGGGATAAGGCCT,Heph
sgRNA_00677,GGCCCTGCAAATTGCAGCGT,Heph
sgRNA_00678,GTAAGTACTGCGTGTTTCTG,Heph
sgRNA_00679,GGGCCTACGCTGCAATTTGC,Heph
sgRNA_00680,GGCTCTAAGGCATTTATGAC,Heph
sgRNA_00681,GACCCCAAAGCCATGAAGGG,Htra4
sgRNA_00682,GGGTGGGTGGCCCTTGTCCT,Htra4
sgRNA_00683,GTGGGTGGTGGGTGATATAT,Htra4
sgRNA_00684,GCCACTCAAAAACCAGTCTT,Htra4
sgRNA_00685,GCCTGGGATGGCATGGGTGG,Htra4
sgRNA_00686,GACAGGAGGAGCAAACTCGC,Igsf10
sgRNA_00687,GCCTCTAGGGGTCTTCACTC,Igsf10
sgRNA_00688,GCCCTCCCCCTGTTAGGAGA,Igsf10
sgRNA_00689,GAGATGGGAGAGGTCACGAA,Igsf10
sgRNA_00690,GTGTGGCCCGGGCTGGCTCA,Igsf10
sgRNA_00691,GGAGGCGCTCGGGGCATCTA,Igsf9
sgRNA_00692,GGAAAGACGCGGTCGCACGT,Igsf9
sgRNA_00693,GTGTACAACTAAGCGGGGAA,Igsf9
sgRNA_00694,GTGTACAGAGCTCCACGAGG,Igsf9
sgRNA_00695,GGCGCTCGGGGCATCTAAGG,Igsf9
sgRNA_00696,GCCTACTAGACCATCCCAAA,Ikzf2
sgRNA_00697,GAGGGAAAGCACTTTACAGG,Ikzf2
sgRNA_00698,GcccgccccctcgtccCTTT,Ikzf2
sgRNA_00699,GccccctcgtccCTTTGGGA,Ikzf2
sgRNA_00700,GTGTTTGCTGGATTCGGTCT,Ikzf2
sgRNA_00701,GCAGAAAGGGAAAGAGCGGA,Inhbb
sgRNA_00702,GCCCCCGGGACGCCCGAGTA,Inhbb
sgRNA_00703,GCCTCCCTACTCGGGCGTCC,Inhbb
sgRNA_00704,GCCTCCTCGCCAAGGCAGAA,Inhbb
sgRNA_00705,GGGTCCGCGCCTCCCTACTC,Inhbb
sgRNA_00706,GGGACCGCTCCCTCGGTGGC,Irf6
sgRNA_00707,GCCTACGCCCCTGCCACCGA,Irf6
sgRNA_00708,GCGTCCTGGGGACTTTGGGG,Irf6
sgRNA_00709,GCCAAAGTCCCCAGGACGAT,Irf6
sgRNA_00710,GGCAGGGTGAGGCCCACACA,Irf6
sgRNA_00711,GCGGGGCTGGACATTCAGGA,Itga1
sgRNA_00712,GAAGTCCTGGGGTGCGAAGG,Itga1
sgRNA_00713,GCAGATCCGGGAGAAGTCCT,Itga1
sgRNA_00714,GGAGAAGTCCTGGGGTGCGA,Itga1
sgRNA_00715,GAGGATGCCTGGAGGCGAGA,Itga1
sgRNA_00716,GGTACAGTGCCCGGGAAGGT,Itgb6
sgRNA_00717,GAGGTGGGGAGACTTAGTGC,Itgb6
sgRNA_00718,GTACACCTGACTTCCTTATA,Itgb6
sgRNA_00719,GAGGTGTACAGTGCCCGGGA,Itgb6
sgRNA_00720,GTAAGTCTCCCCACCTTCCC,Itgb6
sgRNA_00721,GGCAGGAGGCTCAACTGGAG,Kcnab1
sgRNA_00722,GTTGCTGTGAGCTGCTTCTT,Kcnab1
sgRNA_00723,GTGCCCGAGGATGAGTGGGG,Kcnab1
sgRNA_00724,GCACAGCAAGCAGGACCCCG,Kcnab1
sgRNA_00725,GCAGGAGCGAGGTAGTTGGC,Kcnab1
sgRNA_00726,GCCTCCGGGTGGCCTGGCCA,Kcnk1
sgRNA_00727,GGCTGCCCGCGCCCCCTACC,Kcnk1
sgRNA_00728,GTGCTGACTGCACTGGGGAA,Kcnk1
sgRNA_00729,GGCCAGCAGCTCCCGCCAAG,Kcnk1
sgRNA_00730,GGTAGCGGGAGTTGGTCGGG,Kcnk1
sgRNA_00731,GGTCCCCAGGGAGTTCGAGA,Kcnq5
sgRNA_00732,GCCTGGGGACGCCACAGTCG,Kcnq5
sgRNA_00733,GATCCCTCTCGAACTCCCTG,Kcnq5
sgRNA_00734,GAGGAGCTCCCTCACCACGA,Kcnq5
sgRNA_00735,GGGGAGTTCGAGAGGGATCA,Kcnq5
sgRNA_00736,GCTGCCCCGCCTGTCGGCGT,Kdelr3
sgRNA_00737,GTGGCGGGGCGGCCAGGCGC,Kdelr3
sgRNA_00738,GGGGCGGCCAGGCGCGGGAC,Kdelr3
sgRNA_00739,GTACGCAGGACCAGAGAGGG,Kdelr3
sgRNA_00740,GTGTAAGCTGCCCCGCCTGT,Kdelr3
sgRNA_00741,GCCAACCCAGGTCGCAGCGT,Kif17
sgRNA_00742,GACCCTCGCAGCCTCTGATT,Kif17
sgRNA_00743,GCAGAGGCTGCGAGGGTACC,Kif17
sgRNA_00744,GAGTCTGGACAGCTTCGTGG,Kif17
sgRNA_00745,GCCCAAGGGGTCGGATCCCA,Kif17
sgRNA_00746,GAATCCGGGCGGTGCTGAGG,Kremen1
sgRNA_00747,GAGGCGTCAGGCAATCCGGG,Kremen1
sgRNA_00748,GGTGTGGAGTCTACAGGTGA,Kremen1
sgRNA_00749,GCGGCCTGCCACTCACGCGC,Kremen1
sgRNA_00750,Ggacggggcggcgctgagga,Kremen1
sgRNA_00751,GGGCCCCCACCCCCTCTGAA,Krt15
sgRNA_00752,GCCCACAAGCTGTCAGTGGG,Krt15
sgRNA_00753,GAGGCCCACAAGCTGTCAGT,Krt15
sgRNA_00754,GAGGAGTTGGCTCCGCTCAA,Krt15
sgRNA_00755,GTCCACAGAACTCACTTGTA,Krt15
sgRNA_00756,GTGCCTCTGGTAGAAATTTC,Krt20
sgRNA_00757,GTACCAGAGGCACTTTTTAA,Krt20
sgRNA_00758,GTATTGCCGTACAAAAGAGG,Krt20
sgRNA_00759,GGAAATGTCTTGAGTGAagc,Krt20
sgRNA_00760,GAGAGATAACAAAAAGGACG,Krt20
sgRNA_00761,GGACGAAGAGCCTTGGGCGG,Krt7
sgRNA_00762,GAGGTGTGGGTGTCTCACGA,Krt7
sgRNA_00763,GCAAGGCTCTTCGTCCACTC,Krt7
sgRNA_00764,GGGGCAGAAGGCAGGCGGAC,Krt7
sgRNA_00765,GAGCGCACACAGGTGGGGAC,Krt7
sgRNA_00766,GCGCCCCGCCCCAACCGAAG,Krtcap3
sgRNA_00767,GCTAAGGCCCGGCCTCCAAG,Krtcap3
sgRNA_00768,GCGGAAGCGGCGCTTGAGGT,Krtcap3
sgRNA_00769,GGCGCATGGGCAGGAGAGAA,Krtcap3
sgRNA_00770,GAGGCCGGGCCTTAGGTCAG,Krtcap3
sgRNA_00771,GGGGCCGTGGCGACTCCAGA,Lacc1
sgRNA_00772,GTCCCGTGAGGCGCCCGGAA,Lacc1
sgRNA_00773,GCCCCCGCGCCTCAGCGCCC,Lacc1
sgRNA_00774,GTGGAGGCCGCCTGAGGCCC,Lacc1
sgRNA_00775,GTCAGCGCCCGGGCCTCAGG,Lacc1
sgRNA_00776,GCCGCCGCGCTCCCATTCGC,Lad1
sgRNA_00777,GGGACGGTCGCACCGAGCTG,Lad1
sgRNA_00778,GGAACCCAAAGATCGGGGTC,Lad1
sgRNA_00779,GGGCGCCGAGCTGGTCCAAC,Lad1
sgRNA_00780,GAGTGCCAGGGAGTCGGGGA,Lad1
sgRNA_00781,GGGTCTGGCCGGGGTCGGAA,Lama5
sgRNA_00782,GGCCGGGGTCGGAAGGGTTA,Lama5
sgRNA_00783,GAGGCAGGCCCGGCATGCTG,Lama5
sgRNA_00784,GAAAAGCAAGGGGTCTCAGT,Lama5
sgRNA_00785,GGGGATCGAAGCCACCACCT,Lama5
sgRNA_00786,GCAGCCCTCTAGACACCTAA,Lamb3
sgRNA_00787,GAGGACAGGACTAGGCAAGT,Lamb3
sgRNA_00788,GGCAAGTGGGTTGGTCTTGG,Lamb3
sgRNA_00789,GCTGCCCTTAGGTGTCTAGA,Lamb3
sgRNA_00790,GTTGCCTAGTCCTGTCCTGA,Lamb3
sgRNA_00791,GACAAAGTCCGAGTGCCCGG,Ldhd
sgRNA_00792,GTGCAGGCCGGCCTGAGCTC,Ldhd
sgRNA_00793,GTCCACCCAGGGCAGCTATT,Ldhd
sgRNA_00794,GGAGGCTTTCAAGTCCCACC,Ldhd
sgRNA_00795,GAAACAAACATCGTGTACGG,Ldhd
sgRNA_00796,GACTGCGCGGCGGGGCCGAG,Lhfp
sgRNA_00797,GGAGAAGTGGTCACTTTGGA,Lhfp
sgRNA_00798,GGCGCCCCCGGGGAGCTGCG,Lhfp
sgRNA_00799,GTGTGGCCTCGGCGCCCCCG,Lhfp
sgRNA_00800,GACTGCAGCCCCAGACCCCA,Lhfp
sgRNA_00801,GCCCTGGGGCGGGGCTTGAA,Lix1l
sgRNA_00802,GCAGATGCCATGCCAATCAC,Lix1l
sgRNA_00803,GTTCCTCAATCATTTGCCTA,Lix1l
sgRNA_00804,GCACCTTAGGCAAATGATTG,Lix1l
sgRNA_00805,GAGAGCTTCGGAGCATCTTT,Lix1l
sgRNA_00806,GGCCACGATTGGTTGGAGAG,Llgl2
sgRNA_00807,GCGGGGCAGGAGCGCATCCT,Llgl2
sgRNA_00808,GACCAGGTGCGCACAGGTGA,Llgl2
sgRNA_00809,GCCTGTGCGCACCTGGTCAC,Llgl2
sgRNA_00810,GCCTCCTAGGCCGAGCCGAC,Llgl2
sgRNA_00811,GAGGCCTCTCCGCTCCAGTT,Lmo1
sgRNA_00812,GCCTCCCTGCCGGGTTAATG,Lmo1
sgRNA_00813,GGGGTACCAAGGTTTCTTCC,Lmo1
sgRNA_00814,GAAACAGAAACCAAGGTTGA,Lmo1
sgRNA_00815,GTCGCCGAACTGGAGCGGAG,Lmo1
sgRNA_00816,GGGGAACCGTGGGGCGGCTA,Lphn3
sgRNA_00817,GCCGCTCCGCAGAATCTTGG,Lphn3
sgRNA_00818,GCGCGCCCGCGGAGCCCTCG,Lphn3
sgRNA_00819,GTAGCCGCTCCGCAGAATCT,Lphn3
sgRNA_00820,GACAAAGGGTATCTCTCTCC,Lphn3
sgRNA_00821,GTGGGGAGCAACAGACTTCG,Lpin3
sgRNA_00822,GAAAAAGGGCGCCCTGGAGT,Lpin3
sgRNA_00823,GGCGCCCTGGAGTGGGACCA,Lpin3
sgRNA_00824,GGTCCCGTGGTCCCACTCCA,Lpin3
sgRNA_00825,GGTAGTAAGGAACAGGACGT,Lpin3
sgRNA_00826,GGCGCCGCTGGGAACTCCGC,Lrrk2
sgRNA_00827,GTTCCTGAAAGGGGCCAACT,Lrrk2
sgRNA_00828,GCCGCCACTAAGAATAGCAA,Lrrk2
sgRNA_00829,GTCCCCGGCGGAGTTCCCAG,Lrrk2
sgRNA_00830,GAGAATAGCAAAGGGGCGTT,Lrrk2
sgRNA_00831,GTCTAGGTGCGTCACCCACA,Lypd3
sgRNA_00832,GAGGGAAAGGGCGGGAGTAG,Lypd3
sgRNA_00833,GGGGCATTCAGGGTCTGCTA,Lypd3
sgRNA_00834,GCAGGGGCCGCTCTCCCTGT,Lypd3
sgRNA_00835,GCCAACTCAGCGTCCGCTGT,Lypd3
sgRNA_00836,GCCCGCGCGGAGCAGCTAGA,Lypd6b
sgRNA_00837,GACCGGGCGCAGGACCCAGG,Lypd6b
sgRNA_00838,GCCGCCCGGGTGCCCGCTTG,Lypd6b
sgRNA_00839,GTGTTCCCACCTAGCCTGGC,Lypd6b
sgRNA_00840,GGGGCACCCGGGCGGCTCCC,Lypd6b
sgRNA_00841,GCTGCATATGTCTCTCATTC,Macc1
sgRNA_00842,Gagtccagttggatgactgt,Macc1
sgRNA_00843,Gagtcatccaactggactta,Macc1
sgRNA_00844,GAAATGCTAACACACATGTC,Macc1
sgRNA_00845,GCATATAAGTAAGTTGACAG,Macc1
sgRNA_00846,GAAATCACCTGCTGTCGTCA,Map6
sgRNA_00847,GAGCAAGTCCTCAGGAGCTT,Map6
sgRNA_00848,GACATGAAGCTGGCAACTCA,Map6
sgRNA_00849,GTGAGCCGCAAAAAAGGGTG,Map6
sgRNA_00850,GTGCGCGCCCTGACGACAGC,Map6
sgRNA_00851,GggcccAGACAGGTGAgcgg,Map7
sgRNA_00852,GACGCCGCACCTgcccgcca,Map7
sgRNA_00853,Gcgctggcccgacgccgccg,Map7
sgRNA_00854,GGCGCCCCGACGGACGAGGT,Map7
sgRNA_00855,GcgggcAGGTGCGGCGTCGC,Map7
sgRNA_00856,GGGAGAAGGCGTGACCTGAA,Masp1
sgRNA_00857,GgggagagggGATCTGTTGC,Masp1
sgRNA_00858,GTGAGCTTATGTACACTCGG,Masp1
sgRNA_00859,GGATGTCCACGAACAGGCTG,Masp1
sgRNA_00860,GTGCAGTCCCTCCCTAGGAG,Masp1
sgRNA_00861,GCAGGCAAGGAGAGCGTCTT,Matn2
sgRNA_00862,GAGGAGGCGGTGCCGTACAA,Matn2
sgRNA_00863,GGAAGGAGGGGTGTCCTCTT,Matn2
sgRNA_00864,GTACAGGCAGCCCCCAGCTC,Matn2
sgRNA_00865,GAAAGGGCGGCGCGAGGAGG,Matn2
sgRNA_00866,GTTAAGGCGGGGCTCACAAG,Mctp2
sgRNA_00867,GCTAGCGCGGGGGCAGCTGC,Mctp2
sgRNA_00868,GGTGTGACACGAAGGAGTTT,Mctp2
sgRNA_00869,GTAGCTGGGAGGCGGCTCCA,Mctp2
sgRNA_00870,GTGCCCCCGCGCTAGCTGGG,Mctp2
sgRNA_00871,GGCGGGGCAGAATGGAACTT,Mertk
sgRNA_00872,GCAGCAGGTTGGAGTGGACA,Mertk
sgRNA_00873,GAGGTTGGAGTGGACAGGGG,Mertk
sgRNA_00874,GGGCCCGCCTCTTCTAACTT,Mertk
sgRNA_00875,GACCGAGAGACGGAGAGGAA,Mertk
sgRNA_00876,GCAGCAGCTCTAAGTGAGAT,Milr1
sgRNA_00877,GCCTATGGGCCGGAGTGAAA,Milr1
sgRNA_00878,GAGTGAGATAGGAGACCTTG,Milr1
sgRNA_00879,GAGCTGTTCCAGTAATATGA,Milr1
sgRNA_00880,GcactcaccagccccGATAA,Milr1
sgRNA_00881,GACGCGGTATCCATGTTCCC,Mkx
sgRNA_00882,GGCGTCCGCGGGATGTTCGT,Mkx
sgRNA_00883,GGGGCCGCGCGCATCAGTCT,Mkx
sgRNA_00884,GAGAGAGGAAGCGATCGCGC,Mkx
sgRNA_00885,GGAGCTGCTGTTAACCCCTC,Mkx
sgRNA_00886,GGGAGGCGCTGAAGTGGGTA,Mlph
sgRNA_00887,GCACCCCAGGGTGCCTGGAC,Mlph
sgRNA_00888,GGGACTCCAGTGGCCCTCCT,Mlph
sgRNA_00889,GCTCCTGGGAGGCGCTGAAG,Mlph
sgRNA_00890,GGGCGCTGAAGTGGGTATGG,Mlph
sgRNA_00891,GGATAAGGGTATCTATGAAT,Mme
sgRNA_00892,GCACTGAATGGGCAAAAAAG,Mme
sgRNA_00893,GTTGAAGATGGTCACTGAAT,Mme
sgRNA_00894,GAACTTGTAAAAGATACCAT,Mme
sgRNA_00895,GCATAGATACCCTTATCTGC,Mme
sgRNA_00896,GGTGGATTCAGCATGGTGGG,Mmp7
sgRNA_00897,Gtggctacatagccagatca,Mmp7
sgRNA_00898,GCTTGTGGATTCAGCATGGT,Mmp7
sgRNA_00899,GAAGTATTGTGTTTTTATAT,Mmp7
sgRNA_00900,GagatcatgggctgcatagG,Mmp7
sgRNA_00901,GCTCCCAGGAGCAGGCGGGT,Mpp2
sgRNA_00902,GCGGGGAAGTGGTGGTTAAC,Mpp2
sgRNA_00903,GAGAGGGCTGGGACACGGAA,Mpp2
sgRNA_00904,GAAAGGAGAGGGCTGGGACA,Mpp2
sgRNA_00905,GAGGTCTCCTAGGAGCGAAG,Mpp2
sgRNA_00906,GAACCGCTGATGAGGGTAAC,Mpzl3
sgRNA_00907,GTCCCCGGGAGGCGTAAAGA,Mpzl3
sgRNA_00908,GCCGGACCCAACCTCAATCA,Mpzl3
sgRNA_00909,GACCCGGTTACCCTCATCAG,Mpzl3
sgRNA_00910,GCAGCGGTTCTTTGACTCTC,Mpzl3
sgRNA_00911,GCGGAGGCGGGAGTTGGCGG,Msrb3
sgRNA_00912,GCGGAAGCCCTGTTCCCGCA,Msrb3
sgRNA_00913,GGCAGACAAGCGAGGGAGGA,Msrb3
sgRNA_00914,GGAGCATAGCAGACAAGCGA,Msrb3
sgRNA_00915,GGGCCAGCCCTGCGGGAACA,Msrb3
sgRNA_00916,GGGTTGTTGTGGTTCCCGAC,Mtus1
sgRNA_00917,GACAGGACCTGCGACATCAT,Mtus1
sgRNA_00918,GTCCCGACTGGGATGGAAAG,Mtus1
sgRNA_00919,GTAACAGCCAATGATGTCGC,Mtus1
sgRNA_00920,GGGAGAAAGTGGGTGGTCTC,Mtus1
sgRNA_00921,GTACACAGGAATGACTGGGG,Muc1
sgRNA_00922,GCTACTGGAAAGTCTGGCAG,Muc1
sgRNA_00923,GACCTGGGGTAGTCAAGGAG,Muc1
sgRNA_00924,GGGGCTGGATAATAGTGGAC,Muc1
sgRNA_00925,GAGCGGTTGGTAAAAGTGGG,Muc1
sgRNA_00926,GCGGCCCCGGTGCTTTGCAA,Murc
sgRNA_00927,GCATGCTTGCCGACTGACTA,Murc
sgRNA_00928,GTTGCAGGGCAGTCACGTAT,Murc
sgRNA_00929,GGTCAGTCGGCAAGCATGTT,Murc
sgRNA_00930,GGAGCCCTTGCAAAGCACCG,Murc
sgRNA_00931,GAGGAGGGGCGTGTAGACTT,Nbeal2
sgRNA_00932,GTGGACAGTCCTAGGAGAGG,Nbeal2
sgRNA_00933,GTTGGTGGCTAAGTGCGACA,Nbeal2
sgRNA_00934,GAGGGGCGTGTAGACTTTGG,Nbeal2
sgRNA_00935,GCACTGCTGGGGGAAGTCCG,Nbeal2
sgRNA_00936,GCGTGAACGCAGCTCGGCAG,Ncam1
sgRNA_00937,GGAACTGGGGATGCGAGCGA,Ncam1
sgRNA_00938,GGGGATGCGAGCGACGGGCG,Ncam1
sgRNA_00939,GAATCCCAGCTCTGCCTGGA,Ncam1
sgRNA_00940,GCGGCTCCCTTGGTAACTCC,Ncam1
sgRNA_00941,GGGGCCCAGCGACCGGACCC,Necab2
sgRNA_00942,GCGGGGACCGCCAGTGCCGG,Necab2
sgRNA_00943,GAGCACGTGGCTCGGGGTCC,Necab2
sgRNA_00944,GGGCGCGGAGCACGTGGCTC,Necab2
sgRNA_00945,GCCCTGGCACGGCCCCCGAG,Necab2
sgRNA_00946,GCCTGGACCTAACGTCCGAG,negative_control
sgRNA_00947,GATCGGTTATGTTTAGGGTT,negative_control
sgRNA_00948,GGCACATCGGACGTAAGCGC,negative_control
sgRNA_00949,GCAGAGTCACCACCGGTCCG,negative_control
sgRNA_00950,GTACACAGGTATGCCAATTT,negative_control
sgRNA_00951,GCTGTTCGGTCGTCTCCCGG,negative_control
sgRNA_00952,GTCGCCTGGCGGATAAGGCG,negative_control
sgRNA_00953,GTACCTCCGGCGAGTCAAAT,negative_control
sgRNA_00954,GGCCCACGCAGCTTGCGTAT,negative_control
sgRNA_00955,GTCTCCGTGCGTTGTAATAT,negative_control
sgRNA_00956,GCGGGCTCCTCTTTCGGCCG,negative_control
sgRNA_00957,GTCGGCGCGTAAAACGCCAT,negative_control
sgRNA_00958,GACGTCGCCTGGTACGGTAT,negative_control
sgRNA_00959,GCCGGGTCCATCAAGCCGGG,negative_control
sgRNA_00960,GTGACCTGGCCACGGCACTA,negative_control
sgRNA_00961,GAGGACCGGCACGCGTGTCG,negative_control
sgRNA_00962,GCTTAGTGCTGTAACGGCCG,negative_control
sgRNA_00963,GTCCACATTCTAATGTGCGT,negative_control
sgRNA_00964,GTGCAAGGGGGCCGACGTGG,negative_control
sgRNA_00965,GCGAGCACGACCGTAGCTTG,negative_control
sgRNA_00966,GAGAGCGAGTAGTTTCCGAG,negative_control
sgRNA_00967,GTGGGCCCGTCGCAAGCCGT,negative_control
sgRNA_00968,GTTGAAAGGACTGGATCGGG,negative_control
sgRNA_00969,GGGATAAGAGAGCGGCTTGC,negative_control
sgRNA_00970,GGCGCGCGGATCAAATCAGC,negative_control
sgRNA_00971,GAGCCCCTACTAGGGTTTAA,negative_control
sgRNA_00972,GAACCATAATTGGGCCACAT,negative_control
sgRNA_00973,GTGGATAGAGGTCGCCACAA,negative_control
sgRNA_00974,GTACTAGAGGACGTAGGGGT,negative_control
sgRNA_00975,GTAGCGCAGCACAGGAGCGT,negative_control
sgRNA_00976,GGATCCAAGAGGAGACGCCT,negative_control
sgRNA_00977,GGTACGTGGTGGATGGACAG,negative_control
sgRNA_00978,GGCAGGGGGTGCGGCTACCT,negative_control
sgRNA_00979,GCTACTCGGAGACCACCAAA,negative_control
sgRNA_00980,GTGCACAATTTCTCCGATAT,negative_control
sgRNA_00981,GATGCCCTTGCGTCAGATTA,negative_control
sgRNA_00982,GTTTACCGACCATTTATTGC,negative_control
sgRNA_00983,GAAGGATACGACGGTCGCAA,negative_control
sgRNA_00984,GAAGGAGGCTACACCCGTTA,negative_control
sgRNA_00985,GTGGTGAACACCATGCGCAT,negative_control
sgRNA_00986,GTGAAGACAAAAGTCCCGTT,negative_control
sgRNA_00987,GCCGGCGTAGGAGAACCCAT,negative_control
sgRNA_00988,GCACGCAGCTTTATCGAGGT,negative_control
sgRNA_00989,GCCACCAGCACCCTTGAGAG,negative_control
sgRNA_00990,GCGGCGCACATCGGTGGTGC,negative_control
sgRNA_00991,GTGGCGCTGTCAATTCAAGG,negative_control
sgRNA_00992,GTGTTGGCCCGTCCTAGTTC,negative_control
sgRNA_00993,GGCCGCCAGCACAGATAGTG,negative_control
sgRNA_00994,GTCCAGCAAACGAAACCGGT,negative_control
sgRNA_00995,GGCCTGCGGAACAGGCCAGG,negative_control
sgRNA_00996,GGGTGTAGGGGCTAGCGCGG,negative_control
sgRNA_00997,GTAACGGTCAGAAGTTGATT,negative_control
sgRNA_00998,GTTGCACGCATCCACGCTGA,negative_control
sgRNA_00999,GAACATTATCGCAGTAATCC,negative_control
sgRNA_01000,GTGCGGAGTTTAGACCATAG,negative_control
sgRNA_01001,GAGGCCATCGATGTAATGTT,negative_control
sgRNA_01002,GGACGATAGTGTATACTATC,negative_control
sgRNA_01003,GGGGAGATAGGGGAACCGTG,negative_control
sgRNA_01004,GGTCCATTAGGTACACTGTT,negative_control
sgRNA_01005,GTGAGGGGGACAATGCAGGG,negative_control
sgRNA_01006,GGAAGCGTGCGATGACTGGT,negative_control
sgRNA_01007,GTTGCTTGAAAAGTGACCAG,negative_control
sgRNA_01008,GGCTGGCACTCCTTAAGCCA,negative_control
sgRNA_01009,GTCGGCGCCCGTGGCCTATC,negative_control
sgRNA_01010,GTAAGGAACGCTGCCCCCTG,negative_control
sgRNA_01011,GATCTCGCGGAGGACTGTAC,negative_control
sgRNA_01012,GCGAGGTGCTGATTAAAGCA,negative_control
sgRNA_01013,GACATTGTCGTGTAGTGTCT,negative_control
sgRNA_01014,GCGTACGTCGAAGGTATTGG,negative_control
sgRNA_01015,GCGTAGACCAGTCGAATTCA,negative_control
sgRNA_01016,GTTTCAACGGAGGCTTTTAT,negative_control
sgRNA_01017,GGGCGCGGCGCACGGCTCTA,negative_control
sgRNA_01018,GGGGTCTGGAGGTTAGGATT,negative_control
sgRNA_01019,GAGCGCACATTTCCCTTGAA,negative_control
sgRNA_01020,GAGGTCGGGCAGTATTGCAC,negative_control
sgRNA_01021,GCCAAGGGAGTCAAAATGAC,negative_control
sgRNA_01022,GCCTGTTAACAGGCGGCTTT,negative_control
sgRNA_01023,GGTCGACATCAGGTGTGCTT,negative_control
sgRNA_01024,GTTGACTCGTTTAACCTCCC,negative_control
sgRNA_01025,GCCCTGACGGACGTACCGAG,negative_control
sgRNA_01026,GAGTACCCAGAAGCCTAACC,negative_control
sgRNA_01027,GCCGTAATCAAGTTCATGGC,negative_control
sgRNA_01028,GTTGACCCGGGAGCGAGCAT,negative_control
sgRNA_01029,GTCCCCAGGATGACGATAGG,negative_control
sgRNA_01030,GAACCGTAGACGAACCGCGA,negative_control
sgRNA_01031,GCCGACTGGATCAGAGCGTG,negative_control
sgRNA_01032,GTGAGGGCGGCTTTCGATCT,negative_control
sgRNA_01033,GGGAGCCTAGCACGGACCCC,negative_control
sgRNA_01034,GGGGCGGCGCCTCTATCTTG,negative_control
sgRNA_01035,GCGACAGTGTGGGGTCGTAC,negative_control
sgRNA_01036,GAGACGGTAACGGATATAAG,negative_control
sgRNA_01037,GCTGAATGGGCGTCATCCTT,negative_control
sgRNA_01038,GAACCCGACACAGTAAGATG,negative_control
sgRNA_01039,GAGGTGGAGTCGCTTATTAT,negative_control
sgRNA_01040,GACGGTCTACCTAATTCACC,negative_control
sgRNA_01041,GGAGCCGGCGCGATCCCCTC,negative_control
sgRNA_01042,GGCGGTGCGTCGTTACACAA,negative_control
sgRNA_01043,GGGGGCGTTGTAGCTCCAAG,negative_control
sgRNA_01044,GGAGATTATGCGTCCACAGG,negative_control
sgRNA_01045,GGACGGAGCAGGTACTAATT,negative_control
sgRNA_01046,GCAGGGGCATGCTGACCAGC,negative_control
sgRNA_01047,GGCCTCCTAAATCTCCAGAC,negative_control
sgRNA_01048,GGCCGATTAAGGAGCACCCC,negative_control
sgRNA_01049,GCGGGTGTACCCGGATCCCA,negative_control
sgRNA_01050,GTGTCGGAAGGAACACGTAA,negative_control
sgRNA_01051,GGGGCCGTCTTGGCGTGCCG,negative_control
sgRNA_01052,GTTAGTTGAAGTGCCCAATT,negative_control
sgRNA_01053,GGGCCGTCCCGGCTCGTCGA,negative_control
sgRNA_01054,GATGCCGTAGCGAACTACAG,negative_control
sgRNA_01055,GCCCACCAGCACTGCATCGA,negative_control
sgRNA_01056,GACTATCGGTCATGTTATGC,negative_control
sgRNA_01057,GGCGCGTGTCCCGAACGCTC,negative_control
sgRNA_01058,GCCACGTGAGCACGGGTCGT,negative_control
sgRNA_01059,GCTCCGGACTTCGGCCCAGG,negative_control
sgRNA_01060,GCGCTACCGGCCTTAAGACG,negative_control
sgRNA_01061,GCCCACGTTGCACGGCTCGC,negative_control
sgRNA_01062,GTAGCCGTCACGACGCGGGT,negative_control
sgRNA_01063,GAGGGACGCTGATTGCGAAG,negative_control
sgRNA_01064,GAAAATCGGCTTGGCAGGGG,negative_control
sgRNA_01065,GGAACCATGGTCCCCGGCAT,negative_control
sgRNA_01066,GGAGAGGTTACGGACAGCGT,negative_control
sgRNA_01067,GCGCAGCTAAAGCGCGCCGT,negative_control
sgRNA_01068,GCGACCAAGGCAGGTGAGCT,negative_control
sgRNA_01069,GAGCATTGATCCGTACCCGA,negative_control
sgRNA_01070,GACGACATGACATTGAGGGT,negative_control
sgRNA_01071,GTGCTATGGGCCTCCGTAGG,negative_control
sgRNA_01072,GCCGTGAAGGACGAAGTAGC,negative_control
sgRNA_01073,GACCAGCGAGACTTGCTATA,negative_control
sgRNA_01074,GTTGCAATGGCGCGGGAGTA,negative_control
sgRNA_01075,GGCCGGCGACCGTAGTTTGA,negative_control
sgRNA_01076,GGCGAGGGCAGATACGGTTG,negative_control
sgRNA_01077,GAAAGCGATTGGGGCCTTCC,negative_control
sgRNA_01078,GGACCCTTAGACCACGTCAG,negative_control
sgRNA_01079,GGGAGCCCGAAGAATGTGGT,negative_control
sgRNA_01080,GCCGCTAGATTTCAAGTCAT,negative_control
sgRNA_01081,GCTCACGGAACGCGCGTATG,negative_control
sgRNA_01082,GCGCAGCAGGGCAGCCGTCT,negative_control
sgRNA_01083,GGGGACGACGAAGTCTAAAC,negative_control
sgRNA_01084,GGACCGCGAAGTACCTCTAC,negative_control
sgRNA_01085,GGGACCGATGCACGATGAAT,negative_control
sgRNA_01086,GATGCGGAGGGGCCGTACTC,negative_control
sgRNA_01087,GTACCCATGGCATGTGCATC,negative_control
sgRNA_01088,GACGGAAGCTGAAAGCTCCG,negative_control
sgRNA_01089,GCCACACCACACCGCGCGCA,negative_control
sgRNA_01090,GCGCCCTTGCAGGGACGCGT,negative_control
sgRNA_01091,GGCGCATCGGGAGCCAATCA,negative_control
sgRNA_01092,GGCAAACAGACTGACAGGTC,negative_control
sgRNA_01093,GTCGAGTTGGAGCTCTCAGG,negative_control
sgRNA_01094,GTTAACGATCGGGCTAACTA,negative_control
sgRNA_01095,GAGCAATCGGGTGTTTGCGT,negative_control
sgRNA_01096,GGGAGTCTATCGGCCTTCTA,negative_control
sgRNA_01097,GAATAGAAACCGAGGGACGG,negative_control
sgRNA_01098,GGCGCGGGTAATGCGGTCGA,negative_control
sgRNA_01099,GGATGTGCCCGCTCGTCGCG,negative_control
sgRNA_01100,GCACGGAGGGGAGCTGATAC,negative_control
sgRNA_01101,GGGAGCATGGAGGTTAGCGC,negative_control
sgRNA_01102,GGGATCTGGCGGTCGAACCA,negative_control
sgRNA_01103,GGTAAGCCACCGCGGAGCAA,negative_control
sgRNA_01104,GGACGAGGTCGAGTCAAAGG,negative_control
sgRNA_01105,GTCTATTAACAGCTCATTAC,negative_control
sgRNA_01106,GATCGTGGCTTAAGTATTAA,negative_control
sgRNA_01107,GGGCAGGTGCACTCACGCCT,negative_control
sgRNA_01108,GTACTGAATGGAATTTCTAC,negative_control
sgRNA_01109,GGCAGGGCTCGTAAAGGCCC,negative_control
sgRNA_01110,GAAGCAGGGTCACTAATCGA,negative_control
sgRNA_01111,GCAGCCGTAAGCCCGTCGTC,negative_control
sgRNA_01112,GTCAGGCATGACCTCTACAG,negative_control
sgRNA_01113,GGATGGGCACAGCACAGTAA,negative_control
sgRNA_01114,GATGCTCTGATCCCTCATAC,negative_control
sgRNA_01115,GTGTCAAGGAATGCCGGCCC,negative_control
sgRNA_01116,GTCACCGCATTTCCACTGGC,negative_control
sgRNA_01117,GGCCGGGGCCGCTGGATTTG,negative_control
sgRNA_01118,GGAACCCAGTGAATGAGACG,negative_control
sgRNA_01119,GTACGTCCAAGCTCGTAATG,negative_control
sgRNA_01120,GTCGGACCGGTAACGCCTGT,negative_control
sgRNA_01121,GCGAAGGGGCGGTCCACCCC,negative_control
sgRNA_01122,GCGTCGGCCTCTAGCGAGAT,negative_control
sgRNA_01123,GGCCAAGGGCGTGACGCGGC,negative_control
sgRNA_01124,GATACCCTTCGTAGACTTAG,negative_control
sgRNA_01125,GAAGACACTCACTACGTGGG,negative_control
sgRNA_01126,GGGGTCCGGCGGAACATACC,negative_control
sgRNA_01127,GGCGGCCGGCCCTCCTATGC,negative_control
sgRNA_01128,GGATTAGCCGTCCGTGGATG,negative_control
sgRNA_01129,GGCAAGATGGCACTCGTGCG,negative_control
sgRNA_01130,GTCAACGCGCAACGACCGGG,negative_control
sgRNA_01131,GCAAACATTAGGGCGCTGAA,negative_control
sgRNA_01132,GGACATGGCGGGAACGACGC,negative_control
sgRNA_01133,GCTCGGGTAACGGAGGATGT,negative_control
sgRNA_01134,GGGAGTAGTTGCGCTAGTGT,negative_control
sgRNA_01135,GCAAATCCGTAGCGTGTGAG,negative_control
sgRNA_01136,GCCGGAAGTTAGTAGGATTG,negative_control
sgRNA_01137,GCATCGTCCCGGCAGTACTC,negative_control
sgRNA_01138,GCCCGATCGCCTTGACTACT,negative_control
sgRNA_01139,GCTCAATCGTCCACGGAGTC,negative_control
sgRNA_01140,GGGGTGGTAATAATGCCGAC,negative_control
sgRNA_01141,GTACTTTCCGGAAGGACTAT,negative_control
sgRNA_01142,GCTCCGGTGGTGGACCGTTG,negative_control
sgRNA_01143,GGCCGCACCCACCGTAGTAG,negative_control
sgRNA_01144,GCCGCCCGGGGAAGAAGCAA,negative_control
sgRNA_01145,GTCCGTACGACGAACGTGTA,negative_control
sgRNA_01146,GTCTGAACGAGGACGTCGCG,negative_control
sgRNA_01147,GCCAACGCTCGCTGGACGGA,negative_control
sgRNA_01148,GTGGGGGTCCTAGCATGCTA,negative_control
sgRNA_01149,GTCCGCGTCCGCCTATCGCA,negative_control
sgRNA_01150,GGGCGCCGCCCAGCCATATC,negative_control
sgRNA_01151,GCGAGACACTCTTTTCAGAA,negative_control
sgRNA_01152,GGGTACGCGTCGGTACTGAG,negative_control
sgRNA_01153,GGACAAGCCGGGTGTCGTAG,negative_control
sgRNA_01154,GAGAACACGACGCTGGTAGA,negative_control
sgRNA_01155,GTCCTGTCGTGGAACGGTCG,negative_control
sgRNA_01156,GGGCGAGATGACGGAACGAT,negative_control
sgRNA_01157,GATGTGTCGAGACGAGTCAC,negative_control
sgRNA_01158,GGGGCGCGACCTAGACACAA,negative_control
sgRNA_01159,GAGGTTCTGTGACCACTAGT,negative_control
sgRNA_01160,GATGTAACATATATGGAGGG,negative_control
sgRNA_01161,GGGAGGGCTTATCTGTCCCG,negative_control
sgRNA_01162,GAGAGGGTGAAACGTGAAGG,negative_control
sgRNA_01163,GGCTGCATAAGGGGGGCAGT,negative_control
sgRNA_01164,GACCTGGTTGCACGGTCCAA,negative_control
sgRNA_01165,GGAGGCTCAGGTATCGCAAA,negative_control
sgRNA_01166,GTCCCCTGGTATCGACTTTT,negative_control
sgRNA_01167,GAAAGCGACTGACACGGGGA,negative_control
sgRNA_01168,GACATTTCACTCGCGTAATG,negative_control
sgRNA_01169,GCGGACTTGGGCGTGCTCAG,negative_control
sgRNA_01170,GCAGCCATAGACTCGCTACC,negative_control
sgRNA_01171,GACGCGAACGCTTAAAGAGG,negative_control
sgRNA_01172,GTGGGGACGACCTGTGCTGC,negative_control
sgRNA_01173,GGCACTGCGGCTACGTGGGT,negative_control
sgRNA_01174,GTGGGGACCAGAAGGGTACA,negative_control
sgRNA_01175,GGGGGGTCAGCTCGATGATC,negative_control
sgRNA_01176,GAGTGCGACGGGGGACGACA,negative_control
sgRNA_01177,GGGGCAGAGATGCACATGGG,negative_control
sgRNA_01178,GACAGTCGGTCATTAGATTG,negative_control
sgRNA_01179,GGCTGACAACCTGCGTCCGA,negative_control
sgRNA_01180,GACACCACGAATCTCGTTAA,negative_control
sgRNA_01181,GTGCCGGTTAAGCTGAAAAC,negative_control
sgRNA_01182,GTAGCCTTAGGTAGAGGGGG,negative_control
sgRNA_01183,GATACCAAGTAACACTGTTC,negative_control
sgRNA_01184,GGGGGTTACGATGGCCTGAG,negative_control
sgRNA_01185,GTACCACCCAAACGATAACG,negative_control
sgRNA_01186,GGCCCGAGGGCGCGGCCCGT,negative_control
sgRNA_01187,GGTGCCCGACCAGCGGACCC,negative_control
sgRNA_01188,GAGACGAGGACATGTGTAGC,negative_control
sgRNA_01189,GACCCGAGACTGCTTCCCGG,negative_control
sgRNA_01190,GACTCACGTAGCAGTGGAAA,negative_control
sgRNA_01191,GGACCACCCCGATTGTTAGT,negative_control
sgRNA_01192,GATCTGGGTCCAACGTGAGA,negative_control
sgRNA_01193,GCAGGCCAGAGGCCCCGTGC,negative_control
sgRNA_01194,GAGTCTGGGGAGGACATTGT,negative_control
sgRNA_01195,GCAGGCCCGTTTGCTTACGA,negative_control
sgRNA_01196,GTGTCAACGGTTTCAATACT,negative_control
sgRNA_01197,GTAGGTTCCTCGTCACTTGG,negative_control
sgRNA_01198,GACGGCGTCAGACGGTATCA,negative_control
sgRNA_01199,GATTAGGTGCGCTTAGAGGT,negative_control
sgRNA_01200,GGAAGGAGTACGGTGTCGAT,negative_control
sgRNA_01201,GAATAAAAGTCCTGCCGCGA,negative_control
sgRNA_01202,GCGTAGCGCGGCATAATAAC,negative_control
sgRNA_01203,GTTAGTACTATGGCGCACCG,negative_control
sgRNA_01204,GGGAACGGCGGAGACCTAAG,negative_control
sgRNA_01205,GGTGGCCTGTGGATGGCGCG,negative_control
sgRNA_01206,GCGGCGGCCAACCCTTCTGG,negative_control
sgRNA_01207,GTACCGAAGTAGGCCGTAGG,negative_control
sgRNA_01208,GGCCGCCGCATGAGTACCGG,negative_control
sgRNA_01209,GGGACGCGGATTCTGCAGTG,negative_control
sgRNA_01210,GAAGGGGCATGACACTGAGA,negative_control
sgRNA_01211,GACCTGACGGGTTACAGAGC,negative_control
sgRNA_01212,GTGTCTCGTTAGCTTATAGT,negative_control
sgRNA_01213,GCTTCGGTGAGTTGGGCGCG,negative_control
sgRNA_01214,GAAGTTCAGTCAAGGCCAGG,negative_control
sgRNA_01215,GCCGAAGCAGTGGCAAACGA,negative_control
sgRNA_01216,GCTAATGAAAATGACTGAGC,negative_control
sgRNA_01217,GCACAACGGTGTGCGCCGGC,negative_control
sgRNA_01218,GTCTAGATATTGGTCACTGA,negative_control
sgRNA_01219,GGAGGAGAAGCTACGTCGCT,negative_control
sgRNA_01220,GGGGCTCTAGTTTCTCGGAC,negative_control
sgRNA_01221,GGACCAGGCACAGTGATATA,negative_control
sgRNA_01222,GTTTTTCTATTAGCTCTGGT,negative_control
sgRNA_01223,GTCTTGGAACGCAGTGGTCC,negative_control
sgRNA_01224,GTCGCCTGATGGCTGCCCGC,negative_control
sgRNA_01225,GAAAGTGGCCGTCGCCCAGT,negative_control
sgRNA_01226,GCTGGAAACGACACGATAGG,negative_control
sgRNA_01227,GACGAATCAGCCAATGCCAT,negative_control
sgRNA_01228,GAGCCGGGTTTTGACTACAC,negative_control
sgRNA_01229,GTGGCGAATCAACACTAGGT,negative_control
sgRNA_01230,GGGGGCCCAGATCTTGATAA,negative_control
sgRNA_01231,GACAGAGGCGACCGTAATTG,negative_control
sgRNA_01232,GAGAATGCTAGGGTCCGAGC,negative_control
sgRNA_01233,GGAATCTAAGTACGACCCAA,negative_control
sgRNA_01234,GGCAAACCACGTAAATTCGG,negative_control
sgRNA_01235,GTCGGCATCCCGTCTTGCGC,negative_control
sgRNA_01236,GATTCCTCAACTATGCATAG,negative_control
sgRNA_01237,GATACGAGGGAGCGGGTCGA,negative_control
sgRNA_01238,GTCAACTAGGACGGGCCATT,negative_control
sgRNA_01239,GGATCAGAGCGAGTGGGCAT,negative_control
sgRNA_01240,GAGGGGCTCCTGGTCCGGAT,negative_control
sgRNA_01241,GGCCATCATGGTCGGCCCCT,negative_control
sgRNA_01242,GTGGGGCCACGAGATAATTA,negative_control
sgRNA_01243,GGGCACTGAAGGCAAGGCGT,negative_control
sgRNA_01244,GAGGTACCATGGGATGCGGG,negative_control
sgRNA_01245,GGGCCCCACCATGTTCGGCA,negative_control
sgRNA_01246,GTGGCCTCGCATCCCAGGCG,negative_control
sgRNA_01247,GACCTCGTGAGCTCTGCATG,negative_control
sgRNA_01248,GGCGTGGCCCAGCGGGTCCT,negative_control
sgRNA_01249,GGGGGGACTGCTACTCGCGC,negative_control
sgRNA_01250,GGTTGAGGAGAGCCTTGTGA,negative_control
sgRNA_01251,GAATGCCCCGAATATATCCC,Nek10
sgRNA_01252,GGGTCTTCCTGGGATATATT,Nek10
sgRNA_01253,GAAACTTGGTCAGAAGATAC,Nek10
sgRNA_01254,GCCACAACCCATCGTGTGAT,Nek10
sgRNA_01255,GTAAGAATAGTTACGGAGGA,Nek10
sgRNA_01256,GGGTACTTCACCTCCATAAG,Nexn
sgRNA_01257,GTCCTTGAAACTGCCATCAG,Nexn
sgRNA_01258,GTCCACTGATGGCAGTTTCA,Nexn
sgRNA_01259,GCACTTGGGTGAATATTCAA,Nexn
sgRNA_01260,GGTGAATTACATTGCTGTCA,Nexn
sgRNA_01261,GgggcccgggggACAAGTCG,Nfatc1
sgRNA_01262,GGGGCGCCCTGGTTTGGACA,Nfatc1
sgRNA_01263,GAGCCGCTGCGCACAGAGGG,Nfatc1
sgRNA_01264,GGACTGGAGGGAGCTCCCAG,Nfatc1
sgRNA_01265,GCAAGCGGGGCGCCCTGGTT,Nfatc1
sgRNA_01266,GGTGACTAGACCCAGGGGTC,Ngf
sgRNA_01267,GTGTAAGGGTCCTGGGGACA,Ngf
sgRNA_01268,GGGTCTAGTCACAGCAGGTG,Ngf
sgRNA_01269,GGGGTCCTGGGGACAAGGGA,Ngf
sgRNA_01270,GGGAGGGGTCGGGTGAGTGG,Ngf
sgRNA_01271,GCCTCCCGGAAAGTCTGCAG,Nim1
sgRNA_01272,GCCAACCCCCCGCTCAGGAT,Nim1
sgRNA_01273,GCCTGGCAGGCTGGTTTCTA,Nim1
sgRNA_01274,GCTAGGCCCAAACCCCCTCC,Nim1
sgRNA_01275,GAAGCCGGCCTGGACCTGGC,Nim1
sgRNA_01276,GCTGTCTGTGTGAAATCAAT,Nlgn1
sgRNA_01277,GGGGAAACAGAATGGTCAAT,Nlgn1
sgRNA_01278,GAGTAGCAATGTGGTAAGAG,Nlgn1
sgRNA_01279,GCTTACCACATTGCTACTAT,Nlgn1
sgRNA_01280,GATAGTGATGATTGAAGATG,Nlgn1
sgRNA_01281,GGGCCCCAGGCTCACCTCTT,Nlrc3
sgRNA_01282,GCAACATAACTTCCCTACTC,Nlrc3
sgRNA_01283,GCATAACTTCCCTACTCTGG,Nlrc3
sgRNA_01284,GCACAGCATGTGCTCGGGAT,Nlrc3
sgRNA_01285,GTAGACAGGAAGGAAGGTTG,Nlrc3
sgRNA_01286,GTAGAGAAGGTCTGGCGCTA,Nme5
sgRNA_01287,GTCTGGCGCTAAGGCTAAAA,Nme5
sgRNA_01288,GGCCCTCTGCAGCCACCGTT,Nme5
sgRNA_01289,GCCGTGTTTCTGTGGTTTCC,Nme5
sgRNA_01290,GGCCCAGAAGGTGTTTGATG,Nme5
sgRNA_01291,GTTAACCTGCGTGACGTGAC,Notch3
sgRNA_01292,GGGCAGACCTGAGTGTACCG,Notch3
sgRNA_01293,GGCTTGGCGGGTAGAAGGGT,Notch3
sgRNA_01294,GcAGCCCGACAGCCTCACTT,Notch3
sgRNA_01295,GACCCCAGGAGGCCGGGCAG,Notch3
sgRNA_01296,GACCCCCCGGCGACTCTCGG,Npas2
sgRNA_01297,GTGAGTGCGCGGCTCACACT,Npas2
sgRNA_01298,GGGCCTCTGCGAGTCCTGCG,Npas2
sgRNA_01299,GCCCCGCCGAGAGTCGCCGG,Npas2
sgRNA_01300,GGGTAGCCGCCGGAGCCTGG,Npas2
sgRNA_01301,GTCGCCGCGGCCGGCTTCTG,Nt5c2
sgRNA_01302,GCTGTGAGGGGCCCTGAGAC,Nt5c2
sgRNA_01303,GctcgcgcccggccAGGGAC,Nt5c2
sgRNA_01304,GCCGCCAGGGAGCATCGCCG,Nt5c2
sgRNA_01305,GTGGTCACCTAAGGTAGGGG,Nt5c2
sgRNA_01306,GAGAAGGAGGCGGGAGGACC,Ocln
sgRNA_01307,GCACCTGAAACTCCGATGGG,Ocln
sgRNA_01308,GCAGGTGAATGGGTCACCGA,Ocln
sgRNA_01309,GGGGCACTAGCGACGAGGTG,Ocln
sgRNA_01310,GGAGGCGGGAGGACCGGGCA,Ocln
sgRNA_01311,GGAGGCCACCTCACCCGCAG,Ovol1
sgRNA_01312,GAGAGCGATGGCGCATGCGT,Ovol1
sgRNA_01313,GCGACAGGTAACAAATAGGT,Ovol1
sgRNA_01314,GGGGCGGGGTGGCACGACGG,Ovol1
sgRNA_01315,GGGGCAGGGGAGGTCCGGGG,Ovol1
sgRNA_01316,GTCCCTGCGCCAGGTGGCTC,Pacsin3
sgRNA_01317,GACCCGGGGAGCAGATCCTA,Pacsin3
sgRNA_01318,GTGCGGGGATGCTGTCGGTG,Pacsin3
sgRNA_01319,GATCCCGAGCCACCTGGCGC,Pacsin3
sgRNA_01320,GAGCCATAGGATCTGCTCCC,Pacsin3
sgRNA_01321,GGAGTGGAGCACACACCTTG,Pappa
sgRNA_01322,GAAGAGCAGGGAGGACCGTA,Pappa
sgRNA_01323,GTGTTCAGGGGCAATGATGG,Pappa
sgRNA_01324,GGGGATCATGACCAATCAAT,Pappa
sgRNA_01325,GGGTGGAGAAGCTGAACCGA,Pappa
sgRNA_01326,GTGGGCGGGGCCCCACTCTG,Pcbp3
sgRNA_01327,GTGGCCCCGCCCCCGCTCAA,Pcbp3
sgRNA_01328,GTAGCGTCGAAGGGCGGTTA,Pcbp3
sgRNA_01329,GTCGAAGGGCGGTTAGGGTT,Pcbp3
sgRNA_01330,GTGACCATCACAGCCAATCA,Pcbp3
sgRNA_01331,GCCTCCCAGCGGGACCAGAT,Pcdh1
sgRNA_01332,GCCACCTCCCGGCCGAAGTg,Pcdh1
sgRNA_01333,GCCGAAGGGGTCCTGGATGG,Pcdh1
sgRNA_01334,GgcccccccgccccccACTT,Pcdh1
sgRNA_01335,GTCGGCCTTAGGCAAGTGGG,Pcdh1
sgRNA_01336,GCGGCTGCCGAGGGGCGCTG,Pcdh9
sgRNA_01337,GCCAGCACCCGGGGTGGCTC,Pcdh9
sgRNA_01338,GGGCAGCCGCGAAAACCTGG,Pcdh9
sgRNA_01339,GCCCACCTCCGGGTCCTGAT,Pcdh9
sgRNA_01340,GAAAACAGCTCTCCCGGGAC,Pcdh9
sgRNA_01341,GCTGGGGTCTGTCTCCTGTA,Pde1a
sgRNA_01342,GGAGAGAAAGTGGACATAAA,Pde1a
sgRNA_01343,GTATGTCCATCAAGTGATGC,Pde1a
sgRNA_01344,GGTGTGAGTGTTGAAGGCAA,Pde1a
sgRNA_01345,GGTAACTGCCAATTTAACCA,Pde1a
sgRNA_01346,GGAGTCCTGCTGAAGCTCAT,Pde4a
sgRNA_01347,GCTTCAGCAGGACTCAGAGA,Pde4a
sgRNA_01348,GAGGTCTTTGAACCTCGATG,Pde4a
sgRNA_01349,GCGCTCGCTCACTGCGGTAC,Pde4a
sgRNA_01350,GTTCTATCTGGCCATGTCTC,Pde4a
sgRNA_01351,GCTGGGTCCCAGTGAAGGTG,Pecr
sgRNA_01352,GCTGAGGATGCAGACGGCTG,Pecr
sgRNA_01353,GGAGGCCTAGCGCGCCGCGA,Pecr
sgRNA_01354,GCCCAGAGCTGGACCGCTCC,Pecr
sgRNA_01355,GCTAGCGCGCCGCGAaggcg,Pecr
sgRNA_01356,GCCCTCCCGGGGACCCTCGC,Pfn2
sgRNA_01357,GGAGCTGCGGCGGTGTGAGA,Pfn2
sgRNA_01358,Ggacccgcagcggggagcgc,Pfn2
sgRNA_01359,GGCGGCGGAGGCCTCACCAC,Pfn2
sgRNA_01360,GGGCACCGACCGCCCCTCTC,Pfn2
sgRNA_01361,GCCCGCTCGCGACTGGGGAG,Phldb3
sgRNA_01362,GGACACACACACCTAGAGGT,Phldb3
sgRNA_01363,GAGCCGGGCTAGTCCCGAGA,Phldb3
sgRNA_01364,GTAGGTGTGTGTGTCACCTT,Phldb3
sgRNA_01365,GCCCAGAGGGCGGAACCTAA,Phldb3
sgRNA_01366,GgggcggggtagggcATTGA,Pi4k2b
sgRNA_01367,GGGTGGGGCAAGCGAgggtg,Pi4k2b
sgRNA_01368,GTCTGCTGGATCCACTGCAA,Pi4k2b
sgRNA_01369,GGGCGTAAGGAAGGCGTCCC,Pi4k2b
sgRNA_01370,GCAATGGCTGGCAACGCTCT,Pi4k2b
sgRNA_01371,GCACGCGTGCCTGGCGAAGT,Piezo2
sgRNA_01372,GAGGCGCCCTGCACCGACGT,Piezo2
sgRNA_01373,GTGTCCCAGGGCCAATAGGA,Piezo2
sgRNA_01374,GGGAGCTGTCTGAACCAGGA,Piezo2
sgRNA_01375,GACGCGCCCCACGTCGGTGC,Piezo2
sgRNA_01376,GcccgcctccGCACCGTGTG,Pik3c2b
sgRNA_01377,GCGTCCTGAGCAGACCCCGG,Pik3c2b
sgRNA_01378,GCAGGACGCCGCACACGGTG,Pik3c2b
sgRNA_01379,GTGGCCCCCGGGGTCTGCTC,Pik3c2b
sgRNA_01380,GCAATCTGCCAGCGGGAAGT,Pik3c2b
sgRNA_01381,GGGGTTGTGAACAACTTCAC,Pink1
sgRNA_01382,GTGCAAACCAGCTGCACCAA,Pink1
sgRNA_01383,GACTAGCTAACAGGTGTAAA,Pink1
sgRNA_01384,GTGAACAACTTCACTGGTCC,Pink1
sgRNA_01385,GACTTTGAACCCAGGTCGAG,Pink1
sgRNA_01386,GAGAGCGTTAGGTCCGACTG,Pip5k1b
sgRNA_01387,GTGGCGCGGCGAGGCGAGAT,Pip5k1b
sgRNA_01388,GCTGCTGCTGCAAACCGGTC,Pip5k1b
sgRNA_01389,GGTGCCGCTGCCAGTGTCCC,Pip5k1b
sgRNA_01390,GACTCCGGCGCGCCGTGCGG,Pip5k1b
sgRNA_01391,GgcaaaCTGGAGGGATGCAA,Pipox
sgRNA_01392,GTCCCCCTGCAGAGCAGAGC,Pipox
sgRNA_01393,GCCCGGGGCCCAGCTTGGTC,Pipox
sgRNA_01394,GCTGGAGGGATGCAAGGGTG,Pipox
sgRNA_01395,GCTGGGTGGACTGATTTGTG,Pipox
sgRNA_01396,GCCCAGGGCCACAGGAACGT,Pkp3
sgRNA_01397,GGCCCTGGGACAGGAGGAAA,Pkp3
sgRNA_01398,GCCTGCTTAAGGTGGAATTT,Pkp3
sgRNA_01399,GCGCTGGCACCCATGGGGTT,Pkp3
sgRNA_01400,GTGGGACATTCCTTCTCATA,Pkp3
sgRNA_01401,GGGGTTAGGGGGAGTAGTAA,Pla2g1b
sgRNA_01402,GGGGCCCCATGTATAAAAGA,Pla2g1b
sgRNA_01403,GACTTGTCATAATGGGGTTA,Pla2g1b
sgRNA_01404,GATCTGGAAACCATCCCCTT,Pla2g1b
sgRNA_01405,GGCCCCACGCTCCCAAGATA,Pla2g1b
sgRNA_01406,GCACGCATGGGCGCTCGAAG,Pla2g7
sgRNA_01407,GGAGAATCGGGTGTCAGACT,Pla2g7
sgRNA_01408,GCCGCCCCCCAGGCACAGTC,Pla2g7
sgRNA_01409,GGATCCTGACTGTGCCTGGG,Pla2g7
sgRNA_01410,GGCGCTCGAAGAGGTCCAAG,Pla2g7
sgRNA_01411,GGGAGCAGCCGGTGTCTCTA,Plat
sgRNA_01412,GGGGGAGGAAGTGCGCGCGG,Plat
sgRNA_01413,GGCAGCCGGTGTCTCTAAGG,Plat
sgRNA_01414,GGAGACCggggttttaaaac,Plat
sgRNA_01415,GGTACGGTGAATAATCAAAC,Plat
sgRNA_01416,GCAAGGAGGGAGTTTCATGT,Plch2
sgRNA_01417,GACTGAGCCAGCACTTTTGA,Plch2
sgRNA_01418,GCTAGTCCCTCCTACCACAG,Plch2
sgRNA_01419,GCACTTTTGAGGGGCCAGAA,Plch2
sgRNA_01420,GCAGGCGGGGCTCCCGTGGG,Plch2
sgRNA_01421,GGGAGCCTGCCAATCCCCAC,Plcl1
sgRNA_01422,GTGTGCCCGAGCGCGAAGAA,Plcl1
sgRNA_01423,GGCTCGGGCACACCCCTCCG,Plcl1
sgRNA_01424,GGGCACACCCCTCCGCGGTG,Plcl1
sgRNA_01425,GCGACCAATCCTCACCGCGG,Plcl1
sgRNA_01426,GACCCCGCTGGAGTGGAGAG,Plcxd2
sgRNA_01427,GTGGGAGCGCGATGTAGGGG,Plcxd2
sgRNA_01428,GAGGAGCTAAGAAGCAGGGG,Plcxd2
sgRNA_01429,GTAAGAAGCAGGGGAGGCGT,Plcxd2
sgRNA_01430,GAGGCGTGGGAGCGCGATGT,Plcxd2
sgRNA_01431,GAGGGCCGGGAGTCCCACCC,Plekha6
sgRNA_01432,GGGGACCTGCTGGGTATTAA,Plekha6
sgRNA_01433,GGGAGCACGCCTACAACCTG,Plekha6
sgRNA_01434,GCGGCCCTCACTCTCCTCCG,Plekha6
sgRNA_01435,GAAGAGTTGTCACTTGCTCA,Plekha6
sgRNA_01436,GCACCCGGACAGAGAGGGTA,Plekhg6
sgRNA_01437,GCTGGTCACCCGGACAGAGA,Plekhg6
sgRNA_01438,GACCAGGAGTGCTCACTTCT,Plekhg6
sgRNA_01439,GCTGGTCTGGGGTTGGTGTA,Plekhg6
sgRNA_01440,GCCAGGCGCCAGGGTAATGA,Plekhg6
sgRNA_01441,GACAGCGTGGGATCCCCGGC,Plekhh1
sgRNA_01442,GTGCGACCCCCAGACAGCGT,Plekhh1
sgRNA_01443,GTGGACCCTCCCTCCGCGGA,Plekhh1
sgRNA_01444,GTCGCTGGGACCTCCTTCCG,Plekhh1
sgRNA_01445,GGGGGATCCCACGCTGTCTG,Plekhh1
sgRNA_01446,GCGCAGCTGGGTGAGGAGCA,Plekho2
sgRNA_01447,GCATTCCCGGAGCTGAAGAC,Plekho2
sgRNA_01448,GCGGGGCCAGGGCGGATCCT,Plekho2
sgRNA_01449,GAGGCGGAGGCGAGGGATGC,Plekho2
sgRNA_01450,GGGAATGGACGGAAGAACCT,Plekho2
sgRNA_01451,GTGGAGGGCGGGGCACTCAC,Plvap
sgRNA_01452,GGGCAGCTGTGATAGGTGGA,Plvap
sgRNA_01453,GACTCACTGGGTGACTGAAC,Plvap
sgRNA_01454,GCTGTTAGATAACACGTCCC,Plvap
sgRNA_01455,GTGGAGTGGGAGAGTGGCGG,Plvap
sgRNA_01456,GTCGGCGCCGCGGCGATCTG,Pmaip1
sgRNA_01457,GTCGCCGCGGCGCCGACCTA,Pmaip1
sgRNA_01458,GGAACCGAGCGAAGTGGAGC,Pmaip1
sgRNA_01459,GGCCCCGGCAAGTTGCGCTC,Pmaip1
sgRNA_01460,GCAGTGGCGCCCGTCAGGAG,Pmaip1
sgRNA_01461,GAGGGGCGGATTCACCTGGC,Pof1b
sgRNA_01462,GAGGTGAATCCGCCCCTCAG,Pof1b
sgRNA_01463,GGGCACTGACACGCCCCTGA,Pof1b
sgRNA_01464,GAAAGTAGACACAGAAGTTC,Pof1b
sgRNA_01465,GGGGAGATTGCTCCAGGAAA,Pof1b
sgRNA_01466,GCGACTCTGACCTGAGGCGG,Pparg
sgRNA_01467,GGGGCCCGTCGCACTCAGAG,Pparg
sgRNA_01468,GTGGGGCGCTCGGGTCGGGT,Pparg
sgRNA_01469,GCCGGGGCGACTCTGACCTG,Pparg
sgRNA_01470,GCCGACCCGAGCGCCCCAGG,Pparg
sgRNA_01471,GGGGCTCCGGGTGGGGTATT,Ppfia2
sgRNA_01472,GTGCAGCAGGAGCCCCGGGG,Ppfia2
sgRNA_01473,GGCGTGCAGCAGGAGCCCCG,Ppfia2
sgRNA_01474,GGGGCGGAGAGATGGTAATC,Ppfia2
sgRNA_01475,GCATCCCGGGCCACCCAGAG,Ppfia2
sgRNA_01476,GCCGTGCAGCGTGGGGTTCA,Prdm1
sgRNA_01477,GCAGCCCAGCCGTGCAGCGT,Prdm1
sgRNA_01478,GGCCGCGGGTCGCAGTCGGT,Prdm1
sgRNA_01479,GGCGGGTCGCAGTCGGTGGG,Prdm1
sgRNA_01480,GAACCCCACGCTGCACGGCT,Prdm1
sgRNA_01481,GATGGGCAATCGCACTTCAC,Prdm14
sgRNA_01482,GAGGTTAAGTGGGTGATCTC,Prdm14
sgRNA_01483,GAACGGTCAAGAGAACTGTT,Prdm14
sgRNA_01484,GGGGCGGGGAGAAGACTATC,Prdm14
sgRNA_01485,GaacaCCTGCCTGTGCAAGA,Prdm14
sgRNA_01486,GCGCCCACGCGCACAGTGCG,Prickle1
sgRNA_01487,GAAAAAGGGCACAGAATCGG,Prickle1
sgRNA_01488,GCACAGAATCGGAGGCGGGG,Prickle1
sgRNA_01489,GCCCTCCCGCGAGGCAGCAC,Prickle1
sgRNA_01490,GCCGGCCGGTGCTGCCTCGC,Prickle1
sgRNA_01491,GAGCAGGGAAGAGGCGGAAA,Prkab1
sgRNA_01492,GAGCGGTCGCGGGTGGTTCG,Prkab1
sgRNA_01493,GATGGAGCGCTCTCGGAGTT,Prkab1
sgRNA_01494,GAATGCCAGAATGCCATGGA,Prkab1
sgRNA_01495,GGCTACGAAGCTCGATCTGG,Prkab1
sgRNA_01496,GGGTACCAAAAGAAGGGAGT,Prkg1
sgRNA_01497,GTAACTGGATCCTGCGGGGG,Prkg1
sgRNA_01498,GATGACGCAGTGCTTGTAAC,Prkg1
sgRNA_01499,GGACTGGGAAAGGGGGACGA,Prkg1
sgRNA_01500,GAAGCTCAGAGGGGAGGATG,Prkg1
sgRNA_01501,GTCCCAGCAGCCCAACCTGA,Prom2
sgRNA_01502,GCAGGGGCGGAGGCCAGATA,Prom2
sgRNA_01503,GCCCGCCCGGAGCGTAGGAA,Prom2
sgRNA_01504,GCCTTGCCCAGCATGTTAGG,Prom2
sgRNA_01505,GCCGGAGCGTAGGAAGGGCA,Prom2
sgRNA_01506,GGCCGCGGGAAGGAGGTCGG,Pros1
sgRNA_01507,GCGGGAGGGGAAGCGGTGAC,Pros1
sgRNA_01508,GCTAGAGAAGGTAGGAGCAG,Pros1
sgRNA_01509,GGAAGGAGGTCGGAGGCCGA,Pros1
sgRNA_01510,GCGGGCGGAGCAGCCAGGGG,Pros1
sgRNA_01511,GACCGAAGGTAACCTCGGGA,Prrg4
sgRNA_01512,GTGCGAGAACAGCTGACCGA,Prrg4
sgRNA_01513,GCCACCGCTACCGGACGAGG,Prrg4
sgRNA_01514,GAAGGGCTGGGGACCGAGAG,Prrg4
sgRNA_01515,GCTCGGGAGGGCGCTCTGAT,Prrg4
sgRNA_01516,GAGGAGGTGGGGTTGCCAGA,Prss22
sgRNA_01517,GCCCGGGCATACAACTGATC,Prss22
sgRNA_01518,GCCCCATGCAGGGTGACCCC,Prss22
sgRNA_01519,GAACCAGTTACTGGGTTCTA,Prss22
sgRNA_01520,GAGACTGTGGGTCAAGGAGG,Prss22
sgRNA_01521,GGGTGGGCCAGCCGGGGTCA,Ptpla
sgRNA_01522,Gcctgcccggcctcccgcga,Ptpla
sgRNA_01523,GAGTGCGGACAGCTCTCCCG,Ptpla
sgRNA_01524,GAGGGCCCTAGCCCCGGGGT,Ptpla
sgRNA_01525,GcgccccggcgccgccTCTC,Ptpla
sgRNA_01526,GcggccccgcccccccACCT,Ptpn2
sgRNA_01527,GCGGCCTTGGGGAAAGTACC,Ptpn2
sgRNA_01528,GAGAGACTGCCCAGGTgggg,Ptpn2
sgRNA_01529,GGGGTCGGACGTCGTGGAGG,Ptpn2
sgRNA_01530,GCGCTGCCTGGGCGCCGCGT,Ptpn2
sgRNA_01531,GGGGCGTGCCTGAACGTGCA,Ptprn2
sgRNA_01532,GTAGAACCCGCTTCTCGGGA,Ptprn2
sgRNA_01533,GTGCCTATCCCCCGCGAGGT,Ptprn2
sgRNA_01534,GCACCCTGCAGTGTCCAGAT,Ptprn2
sgRNA_01535,GTTCAGGCACGCCCACCTCG,Ptprn2
sgRNA_01536,GAGCCCGCGAGTGGCAGCCG,Ptprt
sgRNA_01537,GAGCCCGGGAGAGGGTGCGT,Ptprt
sgRNA_01538,GGCCCGCGGCTGCCACTCGC,Ptprt
sgRNA_01539,GGGCGTGTGCCAGGCGCGGG,Ptprt
sgRNA_01540,GccgcccgggcgcTCCGCCT,Ptprt
sgRNA_01541,GAAGGCGGAGATAGAATCGT,Pvrl2
sgRNA_01542,GGGAGCCTGAGCCCTAGGAT,Pvrl2
sgRNA_01543,GGATCCTGAGAGCCAGGCGA,Pvrl2
sgRNA_01544,GTCAGGCTCCGCCCCTCTCA,Pvrl2
sgRNA_01545,GTGACCACGCCCACTCGACA,Pvrl2
sgRNA_01546,GAGCTAATGGGCGCCAGGGT,Pvrl4
sgRNA_01547,GCCCGCACCTCCCCAATTAG,Pvrl4
sgRNA_01548,GGATCTGAGTGCGGGCAGTG,Pvrl4
sgRNA_01549,GAAGGCCCCTGTGTGAGAAA,Pvrl4
sgRNA_01550,GACGGCCTGGGCTAGCTAAT,Pvrl4
sgRNA_01551,GGGAGAAGGCGGGGACCTAA,Rab11fip1
sgRNA_01552,GGGGGACCTAAAGGTCACGT,Rab11fip1
sgRNA_01553,GGGGGCGGGCCTCGCGGAGA,Rab11fip1
sgRNA_01554,GCGCGCGCCACCTGCCCTGG,Rab11fip1
sgRNA_01555,GCGGGCGCAGGGGGCGTGGT,Rab11fip1
sgRNA_01556,GAAGTCAAGGTTGGGGATCT,Rab15
sgRNA_01557,GACCCGGGCAGGGTTCGGAA,Rab15
sgRNA_01558,GCGGCGGTGCAGGGGACGGG,Rab15
sgRNA_01559,GCCGCCTCTCAGATCGTCGG,Rab15
sgRNA_01560,GTGAAGGGGCAACCTAGGTA,Rab15
sgRNA_01561,GAAGCTGTGACGTTAGGGGA,Rab3a
sgRNA_01562,GGGCCTGCGCCGGCAGAAGA,Rab3a
sgRNA_01563,GGACAGCCGCGGGACCACAC,Rab3a
sgRNA_01564,GGCAGGGCCTGGTAAGCCAC,Rab3a
sgRNA_01565,GCGCCGGCAGAAGAGGGGCA,Rab3a
sgRNA_01566,GGTCGCGTTGGGATATAGAC,Ramp3
sgRNA_01567,GAGGCAACGGAGGGAGTCAG,Ramp3
sgRNA_01568,GAGACTGCAGGTTTGGTCTG,Ramp3
sgRNA_01569,GCTCTGGAGGGGCAGGTGGT,Ramp3
sgRNA_01570,GAAGGGGAAGTGCAGTCGGG,Ramp3
sgRNA_01571,Gtgcactgcggcgcccgcgt,Rapgef4
sgRNA_01572,GCCCGCGTCTACCCTCACCT,Rapgef4
sgRNA_01573,GCACCTGCCGCAGGTGTCGT,Rapgef4
sgRNA_01574,GCTTCCCTCCCCCGAGGTGA,Rapgef4
sgRNA_01575,GGGAGCGGGGCACCTGCCGC,Rapgef4
sgRNA_01576,GggccTAAGCAGGGTAGGGG,Rapgefl1
sgRNA_01577,GCGCAGAAGGGCAAAGGCGA,Rapgefl1
sgRNA_01578,GgccgcgcgAGGCTTGAACT,Rapgefl1
sgRNA_01579,GAGCCAGGAGTCCTCTGCTT,Rapgefl1
sgRNA_01580,GCTCCTGGCCCCGGGGAAGG,Rapgefl1
sgRNA_01581,GTGCACGCACATATATTCAT,Rarg
sgRNA_01582,GCGTGCCCAGGTGGGGATTG,Rarg
sgRNA_01583,GTGTAAAAGCAAAGCCTAGA,Rarg
sgRNA_01584,GTCTGTGCAAGCATTTATCT,Rarg
sgRNA_01585,GCATACGTCTACTAGCTGAG,Rarg
sgRNA_01586,GCAGGCAGGGTCAGTATCTG,Rasef
sgRNA_01587,GTAGGGTGGAGCTTACTCAC,Rasef
sgRNA_01588,GGCTCAGGGCAGCAGTCGGG,Rasef
sgRNA_01589,GGGGATGTCCGGGTGAGGCG,Rasef
sgRNA_01590,GTTGGAGTAAAGACACAGGC,Rasef
sgRNA_01591,GAAGGGTCGCCAATGGGAGT,Rassf7
sgRNA_01592,GCGCCAATGGGAGTGGGCAT,Rassf7
sgRNA_01593,GGCCCCATGCCCACTCCCAT,Rassf7
sgRNA_01594,GACCGAGTAACGAGCCAATG,Rassf7
sgRNA_01595,GCCCAACCTCACGGCCTCAT,Rassf7
sgRNA_01596,GAGGGGCCATAGCTGTCCTG,Rbm47
sgRNA_01597,GAAGGCGTGGCTCAGAAAGC,Rbm47
sgRNA_01598,GCCGAGCCAGGAGCCACGTA,Rbm47
sgRNA_01599,GGTGGCTCCTGGCTCGGCAT,Rbm47
sgRNA_01600,GCTGGCTCGGCATTGGCCAA,Rbm47
sgRNA_01601,GGCCGGGCACGCAGTCCAGA,Rbms3
sgRNA_01602,GCAGATAGCTAGCAGAGGGG,Rbms3
sgRNA_01603,GCCACCCACTGGCTGGAAGG,Rbms3
sgRNA_01604,GTGGGGTTCGGTTCCACCCG,Rbms3
sgRNA_01605,GCCCTGCGAGGGGAGCATGA,Rbms3
sgRNA_01606,GgccccgcgcgcggTCTCCG,Rbpms2
sgRNA_01607,GAATCCCCGCAGCCCAGTGC,Rbpms2
sgRNA_01608,GgccggggcgAGCCCGCACT,Rbpms2
sgRNA_01609,GGCCCAGTGCGGGCTcgccc,Rbpms2
sgRNA_01610,GCGGCCCGCGAGTGCGCTcg,Rbpms2
sgRNA_01611,GTGCCCCTCAGGAACACGGT,Reps2
sgRNA_01612,GCAGGTAAGGAACGCAACTC,Reps2
sgRNA_01613,GCCCTTGCAGAGCAGGTGAA,Reps2
sgRNA_01614,GCGGCACATGGAGACAGGCG,Reps2
sgRNA_01615,GCAGAGCAGGTGAAAGGCTT,Reps2
sgRNA_01616,GAAAGGAAGTGAGCTTTctg,Rftn2
sgRNA_01617,GAACAATATTAATTCCAGAA,Rftn2
sgRNA_01618,Gctagaaagttctcagtcct,Rftn2
sgRNA_01619,GagatTGTTTCTTAACGTGT,Rftn2
sgRNA_01620,GCTTTctgaggaaacaacag,Rftn2
sgRNA_01621,Gagagggaggagaccgcgga,Ripk2
sgRNA_01622,GgtaggagCCCGCCCAGGGA,Ripk2
sgRNA_01623,Gcggcagagggaggagaccg,Ripk2
sgRNA_01624,GGGAGGAGCCCGCCGAGTCC,Ripk2
sgRNA_01625,GgggaggagCTCACAGAGAG,Ripk2
sgRNA_01626,GGGGTGTTGCGGTCCCACCA,Ripk4
sgRNA_01627,GGCTCCCTTGAGGGCGTCGG,Ripk4
sgRNA_01628,GCTCCTAGGGGCGTGCGCTG,Ripk4
sgRNA_01629,GCCACCCCCGACGCCCTCAA,Ripk4
sgRNA_01630,GGATTCCACCGATCCCTGGT,Ripk4
sgRNA_01631,GcgagcaagcgGAGAGGAAA,Rnf128
sgRNA_01632,GgGAGAGGAAAAGGACACTG,Rnf128
sgRNA_01633,GCGGGATCCGCCTCTTAAAA,Rnf128
sgRNA_01634,GCAGGATGGGGAAACGTTAC,Rnf128
sgRNA_01635,GCGCCTCTTAAAAGGGTCAC,Rnf128
sgRNA_01636,GCGGCGGCAGCGACGGGCAA,Rnf157
sgRNA_01637,GTGGGGCTCGGCGGCAGCGA,Rnf157
sgRNA_01638,GTCAGACCGCGTGATGTCAG,Rnf157
sgRNA_01639,GCTCCCCCGTGGCACCGGGG,Rnf157
sgRNA_01640,GAGCTCGAGGCAGGCCTCCC,Rnf157
sgRNA_01641,GCAACCTCAAAGAAGTGCGG,Ros1
sgRNA_01642,GCAGCCACCGCACTTCTTTG,Ros1
sgRNA_01643,GGACCTAAGTGTCCTGTGTC,Ros1
sgRNA_01644,GTGGATCTAACTTTTAGCCA,Ros1
sgRNA_01645,GAGGGAATGTCTTTTGTTAT,Ros1
sgRNA_01646,GAAGGCGTGGCTACGCGGAA,Sacs
sgRNA_01647,GGCTCCGCCCCTCTCGTGGA,Sacs
sgRNA_01648,GAAGGCGTGGCCTAAGAAGG,Sacs
sgRNA_01649,GAACGGGGCGGGGTCGAGGC,Sacs
sgRNA_01650,GGGGCTGCAAAGGGCCATGT,Sacs
sgRNA_01651,GCTCCAGCGGGTTGCAAGAG,Samd10
sgRNA_01652,GCGTCCTTGCGCACCTGGGT,Samd10
sgRNA_01653,GGGTCCACGGAGTCCTACCC,Samd10
sgRNA_01654,GAACTGCAAAGGCCCTCCAG,Samd10
sgRNA_01655,GCGCGGGGCTGCGTATGCTT,Samd10
sgRNA_01656,GCAAATGGGAGGCTTCGAGG,Samd12
sgRNA_01657,GAAGGGAACCCCGAGAGTGA,Samd12
sgRNA_01658,GTTGGGAGATTGTGCAAGAA,Samd12
sgRNA_01659,GGCTCCGCGCGAGGCGGCAT,Samd12
sgRNA_01660,GCGGGGCAGGAGGAGTACCT,Samd12
sgRNA_01661,GGTGACCCGCGCGGGTGCGA,Samd5
sgRNA_01662,GCCCAGCTGGGGAACCTCCT,Samd5
sgRNA_01663,GGCTCCGGCGGGCAGACCGG,Samd5
sgRNA_01664,GGTGGCCGCGCATCCAGGGG,Samd5
sgRNA_01665,GTCGCGCTGCGCCGCCCAGG,Samd5
sgRNA_01666,GTAGAGATGGGTGCGAACTA,Sdcbp2
sgRNA_01667,GAGAGCAGTCACCCACGAGT,Sdcbp2
sgRNA_01668,GAGTCACCCACGAGTGGGTG,Sdcbp2
sgRNA_01669,GGAGGAAGTCAGCACGACTG,Sdcbp2
sgRNA_01670,GGAAGTCAGCACGACTGTGG,Sdcbp2
sgRNA_01671,GGGGAAAGTCCAGCAACGAC,Serinc2
sgRNA_01672,GGGCCTCCTAGGACTCACCT,Serinc2
sgRNA_01673,GGGAAAGTGACGAGCGGCTT,Serinc2
sgRNA_01674,GCCTAGCTCAGAGTTGAGTT,Serinc2
sgRNA_01675,GGTCCCAGGTGAGTCCTAGG,Serinc2
sgRNA_01676,GCGCCGCGCGCCAAGCCCAA,Serp2
sgRNA_01677,GCCCGGGCCACGGTGCCCTT,Serp2
sgRNA_01678,GGAGGCGGGAAGCGAGAGGC,Serp2
sgRNA_01679,GACCGTGGCCCGGGGTGTCC,Serp2
sgRNA_01680,GGCAGGAGGCGGGAAGCGAG,Serp2
sgRNA_01681,GCAGACAGCAGCAGCAAGTT,Serpinb5
sgRNA_01682,GCAGAGCCAGAGGGATAAAT,Serpinb5
sgRNA_01683,GTATCCCTCTGGCTCTGCCT,Serpinb5
sgRNA_01684,GGGCAGGAAGGTTCTGTTGG,Serpinb5
sgRNA_01685,GATGTCTTCCAATCTTGCAC,Serpinb5
sgRNA_01686,GTGGGCCTGCAGCACGTGGG,Sgtb
sgRNA_01687,GaggggcggggcCACGGCGT,Sgtb
sgRNA_01688,Ggggcggggcgatggactcg,Sgtb
sgRNA_01689,GggggcCACGGCGTAGGCGT,Sgtb
sgRNA_01690,GCAGCTGGCGCGTGGTCCTC,Sgtb
sgRNA_01691,GGAAGCAGGCGCCGGACAGA,Sh3bgrl2
sgRNA_01692,GTGTCCGGCGCCTGCTTCAC,Sh3bgrl2
sgRNA_01693,GGCACTGCGCTCCTTCTGTC,Sh3bgrl2
sgRNA_01694,GACACGCAGGTGGTTTAGGA,Sh3bgrl2
sgRNA_01695,GGGAAGCGGGACAAGCTAAT,Sh3bgrl2
sgRNA_01696,GGGGCCAGAAGTCGCCTAGA,Sh3yl1
sgRNA_01697,GAGGCGCATGCGCACTGCCA,Sh3yl1
sgRNA_01698,GGCCGCGTACGAACGTGGGG,Sh3yl1
sgRNA_01699,GTGCCCAGGTCGCACGTCTA,Sh3yl1
sgRNA_01700,GTCTGGCCGCGTACGAACGT,Sh3yl1
sgRNA_01701,GTAAGCCAGGTGTCTGAGAA,Sidt1
sgRNA_01702,GAAGGGCTTCTGCTCGAGCA,Sidt1
sgRNA_01703,GTCTCTGAGGGGTTTGTCGT,Sidt1
sgRNA_01704,GAGGTCACGCGTGTGGAGTA,Sidt1
sgRNA_01705,GCTTCCAGCAAGACTCTCGC,Sidt1
sgRNA_01706,GGCTCCCAGCACATGGTCGG,Slc16a6
sgRNA_01707,GGGCCCGGGAGGAGGCGACA,Slc16a6
sgRNA_01708,GGGGTGGCCGAGGCTGGCGT,Slc16a6
sgRNA_01709,GgcggcACGCACGGCCCGGG,Slc16a6
sgRNA_01710,GGAGGAGGCGACAGGGTTGG,Slc16a6
sgRNA_01711,GACCGCCCGGACAGACGCAG,Slc22a23
sgRNA_01712,GCGGGCCGCTGCAAGATCCC,Slc22a23
sgRNA_01713,GCGGCTGTGGGACTTGAGAC,Slc22a23
sgRNA_01714,GCCAGCCAGTGCAGACTCCT,Slc22a23
sgRNA_01715,GGCGACACGGCCCGGCTGGA,Slc22a23
sgRNA_01716,GAGGGAAGTTGGAAGAGTTA,Slc24a5
sgRNA_01717,GCAAATCTAGAGGAAGTCAA,Slc24a5
sgRNA_01718,GAAACAACGGCTATTgggaa,Slc24a5
sgRNA_01719,GGGGGGTGTCGCAGCTTAGG,Slc24a5
sgRNA_01720,GCCCCCCGCAGGCACTGGGG,Slc24a5
sgRNA_01721,GTAGCTGAACCGCACATAGT,Slc41a2
sgRNA_01722,GGCTCCCAAAACTCGAGCGT,Slc41a2
sgRNA_01723,GTCTGGGAGGCCAAAGGACG,Slc41a2
sgRNA_01724,GCCCAAGAGTCAGTGCTCTG,Slc41a2
sgRNA_01725,GTATGTGCGGTTCAGCTAGT,Slc41a2
sgRNA_01726,GgggtggggccggTCCCCAA,Slc45a3
sgRNA_01727,GCAGTCTAGGAGCCACGCGG,Slc45a3
sgRNA_01728,GggTCCCCAAGGGAAGAAAG,Slc45a3
sgRNA_01729,Ggcaaggcgggtcggaggtg,Slc45a3
sgRNA_01730,GCGTCCGGTCGCGACCAGAA,Slc45a3
sgRNA_01731,GGAGCCCAGTGGCCGGTAGG,Slitrk5
sgRNA_01732,GAGGTGGCAGCCGAGGGCGA,Slitrk5
sgRNA_01733,GCGAAGGCGTCCCTGGGCTC,Slitrk5
sgRNA_01734,GTCCACGAATGTGACATCTA,Slitrk5
sgRNA_01735,GCTGCTGGGTAGCGGGTGCA,Slitrk5
sgRNA_01736,GGCTGTGAAGGAGACAGCGA,Smoc2
sgRNA_01737,GAGGGCGAAGAGGGCGGGAC,Smoc2
sgRNA_01738,GcgggcgcggTGGCTAAGGG,Smoc2
sgRNA_01739,GCTAAGGGAGGTGGGGCGGA,Smoc2
sgRNA_01740,GCGCCCTAGGCCAGGAGGGT,Smoc2
sgRNA_01741,GGAAACCCGTCGAAAATAGA,Sntb1
sgRNA_01742,GTGGCCGCTCCGCAGCTCCT,Sntb1
sgRNA_01743,GGAGCCTAGGAGCTGCGGAG,Sntb1
sgRNA_01744,GGCGAACAGGTGAGCGGCTG,Sntb1
sgRNA_01745,GAGCCCTCGACAGGGGAGGA,Sntb1
sgRNA_01746,GAGCGGAGAAAGTGCGCGAA,Sorl1
sgRNA_01747,GGCTGCGAGCTCACACGTGA,Sorl1
sgRNA_01748,GCGGCCCCGCCCCCTGGGAT,Sorl1
sgRNA_01749,GAGGGCGAGGTGTGCGCGAA,Sorl1
sgRNA_01750,Ggcgcccgccaccgcagcca,Sorl1
sgRNA_01751,GAGAAGACGGGCTGCAGAAG,Sostdc1
sgRNA_01752,GAGTGGTAGCAGTTGTGACA,Sostdc1
sgRNA_01753,GCTAGGCTCCGGAGAGGACC,Sostdc1
sgRNA_01754,GTGACCATGAACCTAGGCTC,Sostdc1
sgRNA_01755,GTGCCTGCGATTTCAGAGTT,Sostdc1
sgRNA_01756,GAGAGTGTGCGGCTGTGCAG,Sox5
sgRNA_01757,GCGCTTGGAGAGTCGGGGAG,Sox5
sgRNA_01758,GCCTGTGCGCTTGGAGAGTC,Sox5
sgRNA_01759,Gtacacttccagcagcggtc,Sox5
sgRNA_01760,GGGAGCCAGCCGATCATAGG,Sox5
sgRNA_01761,GGTAGAGTAGCAGATGAACA,Sox6
sgRNA_01762,GGACCCAAGCTCCAGGTGAA,Sox6
sgRNA_01763,GTCAAAGTGTGACCTTCCAT,Sox6
sgRNA_01764,GTGAACTACTCCCTCCTCTG,Sox6
sgRNA_01765,GTCATCTGCTACTCTACTAT,Sox6
sgRNA_01766,Ggaacggaagttgcaggaga,Spink2
sgRNA_01767,Gctagaggctagtccgaaga,Spink2
sgRNA_01768,Ggaagaggaacggaagttgc,Spink2
sgRNA_01769,GGCACCGCGCgggagtgcga,Spink2
sgRNA_01770,GCAGGCGTGGTACTGTGTGA,Spink2
sgRNA_01771,GGCTGCGGCTGGGTCTGGGG,Spint1
sgRNA_01772,GTCCGAACGCCCAGCGGCGT,Spint1
sgRNA_01773,GGGGTGTCGCGGCCCAATGT,Spint1
sgRNA_01774,GCCACCTTGCAGGGGTGTCG,Spint1
sgRNA_01775,GGGGCCTCACCCACGCCGCT,Spint1
sgRNA_01776,GTGGGACCTTAGAGTGAAGG,Sptssb
sgRNA_01777,GTATCAGCGCATAGGAAGTT,Sptssb
sgRNA_01778,GGGGCCGAACACCTAACTCT,Sptssb
sgRNA_01779,GGCCCGCATTCTCTTCTGGA,Sptssb
sgRNA_01780,GGGAGTCGCTGCAAGCCCTG,Sptssb
sgRNA_01781,GGCCGCCGCGAGCCGGAGAA,Src
sgRNA_01782,GGCCGCGAGCCGGAGAAAGG,Src
sgRNA_01783,GCGAGCCCGGCGCGTGGCGT,Src
sgRNA_01784,GGGCGCGTGGCGTGGGGTTg,Src
sgRNA_01785,GTGAACGCTAACGTGGTCCC,Src
sgRNA_01786,GGGCGCCCGCACACCTGTTG,St14
sgRNA_01787,GGAGAGATGGCCAGTATCAA,St14
sgRNA_01788,GACCGGCCGCAACAGGTGTG,St14
sgRNA_01789,GGGGCACAGGCCACTGTCAG,St14
sgRNA_01790,GATCAAAGGACCGGACTGAA,St14
sgRNA_01791,GGGACCCAGGGTCACCAGCA,Steap1
sgRNA_01792,GGCCGTGGGAGGGGCGTCGC,Steap1
sgRNA_01793,GGTGGGAGGGGCGTCGCCGG,Steap1
sgRNA_01794,GGAGCCCTGCTGGTGACCCT,Steap1
sgRNA_01795,GCGGCCGCAGCGAAGCCCCT,Steap1
sgRNA_01796,GgagggcgtgagtgtCGTTC,Styk1
sgRNA_01797,Gttactaggtagccacaggc,Styk1
sgRNA_01798,GGGTGCAAGTAAATCAGAAT,Styk1
sgRNA_01799,Gcaggagttaggtgtaatac,Styk1
sgRNA_01800,Ggagttaggtgtaatacagg,Styk1
sgRNA_01801,GAGGGCCGTTCGGGAAGAGG,Syt11
sgRNA_01802,GCTTCTGCCGAGGGCCGTTC,Syt11
sgRNA_01803,GCCGAGGGCCGTTCGGGAAG,Syt11
sgRNA_01804,GGGCTCCGCCTCTTCCCGAA,Syt11
sgRNA_01805,GAAACACCTACACTTCTTAA,Syt11
sgRNA_01806,GCCCGCCGCTGCCTGGGCGA,Tbx2
sgRNA_01807,GGGGCCCGCTGGCCCGTCAT,Tbx2
sgRNA_01808,GGCCAAGCTCTGGACGGGAG,Tbx2
sgRNA_01809,GCGGGCGCGGGCGGCGAGGT,Tbx2
sgRNA_01810,GTAGCGCAGGGGATCCGAAC,Tbx2
sgRNA_01811,GGAGACCGGTACCTCTGGGG,Tc2n
sgRNA_01812,GACAGCCCCGGCCCTCCTTG,Tc2n
sgRNA_01813,GCTGGAGACCGGTACCTCTG,Tc2n
sgRNA_01814,GGGGCACCTGACGGGGTGAG,Tc2n
sgRNA_01815,GGGAGGAGGGGCACCTGACG,Tc2n
sgRNA_01816,GCCAGTGAGGAGTCAGTCTG,Tenm3
sgRNA_01817,GTCTGCGAAGAGAAAAAGGT,Tenm3
sgRNA_01818,GTCACTGGCCTTCTTAGCTG,Tenm3
sgRNA_01819,GTGTAAATAGAAGAATCTTA,Tenm3
sgRNA_01820,GTGGCCTTCTTAGCTGAGGA,Tenm3
sgRNA_01821,GACTACGCAGGGGACTCGGG,Tgfa
sgRNA_01822,GAGGGTGGTCCGCCTCTCCC,Tgfa
sgRNA_01823,GGCCTCTCCCCGGTCGCCTA,Tgfa
sgRNA_01824,GGGGGCGCCCCATCGCGGGA,Tgfa
sgRNA_01825,GTTCGGGGGCGCCCCATCGC,Tgfa
sgRNA_01826,GCGGGTAAGCAGTTTATGAG,Tgm1
sgRNA_01827,GCACGCGAGTGGAAGGTGTA,Tgm1
sgRNA_01828,GCGAGTGGAAGGTGTAGGGC,Tgm1
sgRNA_01829,GAGGAACTGAGGTCATGCTA,Tgm1
sgRNA_01830,GTGGGGGCTGTCCTCTGGTA,Tgm1
sgRNA_01831,GGACCCGAGGGGACCACCGG,Thsd7a
sgRNA_01832,GAGAGCCAAGGGGACCCGAG,Thsd7a
sgRNA_01833,GTGCCGGGGAGTTCTCGGGG,Thsd7a
sgRNA_01834,GCCCCGCCGGTGGTCCCCTC,Thsd7a
sgRNA_01835,GTGCCCTCGCTGCCCCCCGC,Thsd7a
sgRNA_01836,GTCAAACGAAGTCAGAGAGG,Tll1
sgRNA_01837,GTAAGCAGGATGCGAGTGAT,Tll1
sgRNA_01838,GCGACTGCCCGGAGAGCAAA,Tll1
sgRNA_01839,GCCTCGCGCCACCCCCGGTC,Tll1
sgRNA_01840,GGCAAAGGGGTGTGAGGATT,Tll1
sgRNA_01841,GAGTCACCCGGGTCACCTAG,Tmc4
sgRNA_01842,GTGTAAGGACTTCAATTCCC,Tmc4
sgRNA_01843,GCCTGAGCGGCCAAACTTCA,Tmc4
sgRNA_01844,GCGGGGACTGCCCTCGGTAA,Tmc4
sgRNA_01845,GGGGAGCCCAGAAATGGCTC,Tmc4
sgRNA_01846,GAATCCCCCACCCAGGATCT,Tmcc2
sgRNA_01847,GTGGCTGCAAACCTTGGCAC,Tmcc2
sgRNA_01848,GTGGAGCCATCTCTGACCTA,Tmcc2
sgRNA_01849,GGGGAGTTATTTATGGAAGT,Tmcc2
sgRNA_01850,GTCAGAGATGGCTCCAGACA,Tmcc2
sgRNA_01851,GTGGCCCTGCGACTTCAGTG,Tmem125
sgRNA_01852,GTGGCTGTAGATCTTCGGGG,Tmem125
sgRNA_01853,GCAGAAGCCCCTCCCTTCCC,Tmem125
sgRNA_01854,GTAAGTTGGAGTTGTGGGGT,Tmem125
sgRNA_01855,GGCTTCTGTCCGCTGCTGGT,Tmem125
sgRNA_01856,GTGGCCGTGGTGGGCCCCCA,Tmem184a
sgRNA_01857,GGGGAAGCTTCTGTGGATGA,Tmem184a
sgRNA_01858,GCCCACAGCTGCCCAGAATC,Tmem184a
sgRNA_01859,GGGTCCGAAGGAACCTGAGG,Tmem184a
sgRNA_01860,GCTTCCCTGGGGGCCCACCA,Tmem184a
sgRNA_01861,GCAGCCGGGAGCCCAAAATG,Tmem38a
sgRNA_01862,GCTAACTACGCAGATGTTTA,Tmem38a
sgRNA_01863,GTGGTTAGTCCCATGGAAAA,Tmem38a
sgRNA_01864,GCTGGGGTCCACAAAGAGGA,Tmem38a
sgRNA_01865,GCCCAAAATGCGGGGCCGTA,Tmem38a
sgRNA_01866,GGGGCCCAGGGGCAACGTCA,Tmem40
sgRNA_01867,GAGCCCCTCTTAGGATGCTG,Tmem40
sgRNA_01868,GGGGAAGAGGCAAGTCAGAC,Tmem40
sgRNA_01869,GGCCACCATCAGCCCCTCTT,Tmem40
sgRNA_01870,GCACCCTGGTGCTGTGGCAT,Tmem40
sgRNA_01871,GAGGGGACTCTCAGAAACAG,Tmem45b
sgRNA_01872,GACACTCGGAAGCAGGGAAA,Tmem45b
sgRNA_01873,GCTGCTGCTAGCACGACCTC,Tmem45b
sgRNA_01874,GGCAGGGTTAGGGCCATCTG,Tmem45b
sgRNA_01875,GCTGCTAGCACGACCTCAGG,Tmem45b
sgRNA_01876,GTCCCGGACCTCCTACTCTG,Tmem51
sgRNA_01877,GGGAGCTGGGAGTCCCTGTT,Tmem51
sgRNA_01878,GGCGGCCTGCGCGCACAAGA,Tmem51
sgRNA_01879,GCTGGGGAATGGCTGTCTAC,Tmem51
sgRNA_01880,GCAGGCGGGGACCCGGACCC,Tmem51
sgRNA_01881,GAGGAGGAGGAGTTTCCCCG,Tmprss2
sgRNA_01882,GGGCACCTCGGCCAGAAGGA,Tmprss2
sgRNA_01883,GAAGCCAAGAGCTCGGACAG,Tmprss2
sgRNA_01884,GGGGTCCGCTGGTCCGGAGG,Tmprss2
sgRNA_01885,GCCAGGAAAGGCTGTCCAGG,Tmprss2
sgRNA_01886,GAAGGCGCTCCAGAAACCGA,Tnfrsf21
sgRNA_01887,GGGCACCCTCTCCTTCCCCT,Tnfrsf21
sgRNA_01888,GGCTCCAGAAACCGAGGGGA,Tnfrsf21
sgRNA_01889,GGGAAGGAGAGGGTGCCCCT,Tnfrsf21
sgRNA_01890,GAAAGAGCCCGGCCTCCTCC,Tnfrsf21
sgRNA_01891,GCCACCCTGCACACCTCGCA,Tnni1
sgRNA_01892,GGTGCTGCCGTGTAGACCAC,Tnni1
sgRNA_01893,GGGGAAGACTACACTGGCTG,Tnni1
sgRNA_01894,GCGAGGTGTGCAGGGTGGGA,Tnni1
sgRNA_01895,GCTGCCCTGCGAGGTGTGCA,Tnni1
sgRNA_01896,Gagggcggggccggcgaaga,Trib2
sgRNA_01897,GGCCGCGCGCGCACTGGCAG,Trib2
sgRNA_01898,GGGGCTCCGGGCTCAATgac,Trib2
sgRNA_01899,GgggcTCTGTGGAAATGTGT,Trib2
sgRNA_01900,GgaagagggcgggggcTCTG,Trib2
sgRNA_01901,GCGTGTGGCCCCGAAGGTGA,Trib3
sgRNA_01902,GCTACAATACGGAGAGTCGG,Trib3
sgRNA_01903,GTGGGGGCGTGTGGCCCCGA,Trib3
sgRNA_01904,GAGCTCCGCCCTCACCTTCG,Trib3
sgRNA_01905,Gcacccgctacccggtagtc,Trib3
sgRNA_01906,GAGGAGCAACCTGACAAAAC,Trim29
sgRNA_01907,GCAGCCTAACAGGTTGTCAG,Trim29
sgRNA_01908,GCCCCTGGGGGCAGAAGGTG,Trim29
sgRNA_01909,GTGGTGGGAAGTAATAAAAC,Trim29
sgRNA_01910,GTAAAATCCCGGGCTGGGGA,Trim29
sgRNA_01911,GCAGACTGGGGTGGCTGGAT,Trpm2
sgRNA_01912,GGAAGAGGCTGACCCGCAAG,Trpm2
sgRNA_01913,GTGCGCCTAGCGATGAGATG,Trpm2
sgRNA_01914,GTGGCCAGGCATGACTTCCT,Trpm2
sgRNA_01915,GGTGGAGCCAAGCATGTGCT,Trpm2
sgRNA_01916,GGCAATCAGCGGTGGGATGT,Tspan14
sgRNA_01917,GTGGGAGGGGCAATCAGCGG,Tspan14
sgRNA_01918,GCACAGGCGGGGCGTAGAGA,Tspan14
sgRNA_01919,GGGGGAGGAGCAAAGAGCGG,Tspan14
sgRNA_01920,GGGGCGGTTCCTGCATGGGG,Tspan14
sgRNA_01921,GGCAGTAAGGATGAACGCCA,Ttc23l
sgRNA_01922,GGGAAGATCCCGTGGAAGAA,Ttc23l
sgRNA_01923,GAGACCACTCAGCAGCAGTA,Ttc23l
sgRNA_01924,GTGAACGCCAGGGTTTGCCT,Ttc23l
sgRNA_01925,GGGCCAGCCAAGGCAAACCC,Ttc23l
sgRNA_01926,Ggagtcgaactgagctgata,Ttll1
sgRNA_01927,GGCTCACTCCACTTCCGGAG,Ttll1
sgRNA_01928,GCCAGCGGTTTTCGCGTTCT,Ttll1
sgRNA_01929,GAAAGAAGGTGTCACAACCA,Ttll1
sgRNA_01930,Gcatcacatatgtaggtccc,Ttll1
sgRNA_01931,GGGCTCGCCAGCACCGGCAC,Twist1
sgRNA_01932,GGGGCCAGGTCGGTTTTGAA,Twist1
sgRNA_01933,GAGGGCCCGGAGAACTCCGA,Twist1
sgRNA_01934,Gaggggagaggcgggcgcag,Twist1
sgRNA_01935,GGTGTCTGAGAGTTGGGCGC,Twist1
sgRNA_01936,GGAGATGCGGGCCACAGTCA,Twist2
sgRNA_01937,GACTGTGGCCCGCATCTCGG,Twist2
sgRNA_01938,GGGCGCGGGCCGCTAATCAG,Twist2
sgRNA_01939,GGCGCCTGGGGTAGGAGCGC,Twist2
sgRNA_01940,GAAAACTGAAAGTgccgccc,Twist2
sgRNA_01941,GCCGCCGGGGCGCGTGGACA,Txnip
sgRNA_01942,GGGGAAAATGGTTGTTGTTC,Txnip
sgRNA_01943,GCCCCGGCGGCCTCGCTGAT,Txnip
sgRNA_01944,GGGACACGGTGTGCTCCTAG,Txnip
sgRNA_01945,GGACCCTGAACCTCATCCAG,Txnip
sgRNA_01946,GGAGCCACGGGGCCCAGCGA,Unc5b
sgRNA_01947,GCCACGGGGCCCAGCGAGGG,Unc5b
sgRNA_01948,GCCCCGGCCCGCTGACTCTA,Unc5b
sgRNA_01949,GGGGTACCCTACCGCTGTGT,Unc5b
sgRNA_01950,GAAAACCGGTCCGCTGAAAG,Unc5b
sgRNA_01951,GAGGGGTGGAGGCCTGATCA,Vill
sgRNA_01952,GGGGCAGAGAAGGCTAGGGG,Vill
sgRNA_01953,GCTACCAGGCCACGGGAAGG,Vill
sgRNA_01954,GGGAGGCCTGATCAAGGCTG,Vill
sgRNA_01955,GAGTGGGCAGAGAAGGCTAG,Vill
sgRNA_01956,GAAGCCCAGCAACTTTCCTA,Vsig2
sgRNA_01957,GAAGTTGCTGGGCTTGTGGT,Vsig2
sgRNA_01958,GAAGGGCTTCTGATACCGAT,Vsig2
sgRNA_01959,GTGGGAAGAGAATCTCTATA,Vsig2
sgRNA_01960,GCAGAGATTGCAGGGGGGTT,Vsig2
sgRNA_01961,GCGCCCTCCCAGGACTGCGT,Wnt7b
sgRNA_01962,GCCTGGGAGGGCGATCGGAA,Wnt7b
sgRNA_01963,GTTCCCACGCAGTCCTGGGA,Wnt7b
sgRNA_01964,GCCCACGTAGGTAACGTCTA,Wnt7b
sgRNA_01965,GCGAGCGCGCCCCAGGTAGG,Wnt7b
sgRNA_01966,GGACTCCCACGCAATCTCGA,Zdhhc9
sgRNA_01967,GCAAAAGCGGAGGCGTAAGG,Zdhhc9
sgRNA_01968,GTGGGCTTGTAGCAAGGAGA,Zdhhc9
sgRNA_01969,GTGGCTGGAGCTTGGCAGGT,Zdhhc9
sgRNA_01970,GCCCCAACGCGTACTACCAT,Zdhhc9
sgRNA_01971,GTAGCCGAGGGCTTAAGCTG,Zfp791
sgRNA_01972,GTGCAGCCGCTTCTGAATAA,Zfp791
sgRNA_01973,GAGGAAAGGTGACTCCCTTA,Zfp791
sgRNA_01974,GCGGCTGCAGAAAGACGTCC,Zfp791
sgRNA_01975,GCTACCTGGTCAATCAGGAA,Zfp791
sgRNA_01976,GACCAACATACTTCCATACA,Gm8251
sgRNA_01977,TGGTCACTATTTACTTAGCA,Gm8251
sgRNA_01978,AAACATGTACAGTCCATGTA,Gm8251
sgRNA_01979,TTGCAGTGACAAAAGGTCAC,Gm8251
sgRNA_01980,GTCCATGTATGGAAGTATGT,Gm8251
sgRNA_01981,AAATGTTGGATGGGGCAGGT,mt-Nd6
sgRNA_01982,TCATGATGAAATGTTGGATG,mt-Nd6
sgRNA_01983,ATCATGATGAAATGTTGGAT,mt-Nd6
sgRNA_01984,GATGAAATGTTGGATGGGGC,mt-Nd6
sgRNA_01985,CAGGTAGGTCAATGAATGAG,mt-Nd6
