sgRNA_00001,GTTGTGATAGTAGACCACAG
sgRNA_00002,GTAGGAGATGACAGTCAAGG
sgRNA_00003,AGACATGGAGATCCAATTGG
sgRNA_00004,GATGCCCCGGAGCATCTCGT
sgRNA_00005,TGGGCAGATCTGCAACCTGG
sgRNA_00006,GTTGATGCTGGCCCACTCTG
sgRNA_00007,GTCACAGATGCCAACAACGA
sgRNA_00008,AGTTTCCACCAGTTCAATCG
sgRNA_00009,GGGTCCACCAGAGCCCATGA
sgRNA_00010,AGGAGTCAAGGGTCAGAGAG
sgRNA_00011,GGAGACCAGAGCAAGTACTG
sgRNA_00012,GACACGGGTGGCCATCATGT
sgRNA_00013,GAAGTGTGGAAATGGCTATG
sgRNA_00014,AGAATGGCCGCAGAGAAAGG
sgRNA_00015,GATGACCAAGTACGTAGAGC
sgRNA_00016,GTCCAGACCAGTCAGTAAGA
sgRNA_00017,GCCTATGAAGTAGACCACAG
sgRNA_00018,AGATCTCTTGTACAGAACAT
sgRNA_00019,GATTCATGGTGCAAACTCTG
sgRNA_00020,GGAGCACTCAGAGCGTACGA
sgRNA_00021,GAAAAAATGCAGGAACGCGG
sgRNA_00022,GAAGAAAAAATGCAGGAACG
sgRNA_00023,AGGCTCAATAGAGTTAATGC
sgRNA_00024,GTAACAGGACAGCAGTGTGA
sgRNA_00025,GTATGGAGGAAGGCCCTGTG
sgRNA_00026,GTTGAGCAGGGTAAAGATGT
sgRNA_00027,GGACAACAACAGCCCCACCT
sgRNA_00028,GCAGGCAGAGCATCACATAG
sgRNA_00029,AGTTTGGCCGTGGTGCACTG
sgRNA_00030,AAGGCTGGAATTGATCACCA
sgRNA_00031,GAAACGGCCACGATGAGCGC
sgRNA_00032,TGTGGTTTAAGACCAGACAG
sgRNA_00033,GATTTGTGGGATTCTGTATG
sgRNA_00034,CACAGTGTCAAGCAACATGG
sgRNA_00035,AGGCCCAGGTCAATCCTAAC
sgRNA_00036,AGCCAAAGCAGGGATTTGCA
sgRNA_00037,GAGGCTGGAGGGGATCAACA
sgRNA_00038,GCTGAAGAGATTAATTAGAG
sgRNA_00039,GACTTTCTCAGAATGATGCT
sgRNA_00040,TTAATTAGAGAGGTGTCCAG
sgRNA_00041,AGGGTCACACTGGAGCTAGG
sgRNA_00042,AGCCTTCACCGGCTCCACAG
sgRNA_00043,AGGGCTGTTCATCAAACCCA
sgRNA_00044,GCCGTCGAGTGTGCTCACCA
sgRNA_00045,TGCTGCTGTGAGTCCATAGT
sgRNA_00046,GCTGACCGCAGGGAATTGTG
sgRNA_00047,GATGATAAGCACCAGACCGA
sgRNA_00048,TGGCCACCAACAACACCCTG
sgRNA_00049,ATGATAAGCACCAGACCGAA
sgRNA_00050,TGCTGCCCACAGGAACCAGC
sgRNA_00051,GAAATCGCTGGTCTACAGGG
sgRNA_00052,AGCATGGGGAGGCATCTCTC
sgRNA_00053,TGCTGGTGCCCTGAACCCAT
sgRNA_00054,GTACGCGGGCTCCAACAACG
sgRNA_00055,AGCATCCTGAACCTCCCTGA
sgRNA_00056,AGGTAGAGGAGTGTGCAAGG
sgRNA_00057,GGAGAAGGAAGAGAGAATTC
sgRNA_00058,GTTGCTTGGACATGGAAGGA
sgRNA_00059,GGAAGAGGAAGAAATCCTGA
sgRNA_00060,GTTGGATGGATGCTATGAGA
sgRNA_00061,AGTAGCCGCGCATAGCACCA
sgRNA_00062,GATTCAGGCGAGTTCTGGCT
sgRNA_00063,CGTTACCACAGGCAGCCATG
sgRNA_00064,GATGGCTTCGGAGATCCCCA
sgRNA_00065,AAGAGTTCCTGGCAGTCCCG
sgRNA_00066,AGAGCCCCATGACAGACCCT
sgRNA_00067,ACTCAGAAGAAACCCTATGC
sgRNA_00068,GTGAATGCACGGGAGCACGA
sgRNA_00069,AGCACCATACTCCAGAAGGT
sgRNA_00070,GAACCTGATGAAGCGCTGTT
sgRNA_00071,TTGAAGCTAATATTTCAATG
sgRNA_00072,ATGGATGCCCAAATGCTAGG
sgRNA_00073,AGTTACCCAGCCAAAGTTGT
sgRNA_00074,AGCTACCCACAACTTTGGCT
sgRNA_00075,CACAACGCAGCAATGCACAG
sgRNA_00076,GACAAAAGGGAGCTACATGG
sgRNA_00077,TGTGACCAGGTAGAGGATGC
sgRNA_00078,GAGCAAAACAAAGATAAGCG
sgRNA_00079,TGGGAGGTGTGACCAGGTAG
sgRNA_00080,TGAGCCACCCCAGTTTATGG
sgRNA_00081,ATTGGCACGTGGCCTCTACG
sgRNA_00082,GTCTGCATCACACCTATCGT
sgRNA_00083,GGAGTCAACTCCATCAGATG
sgRNA_00084,CAGGCCATACCCATAATGGG
sgRNA_00085,GGAAGCACCAAGAGGAGCAT
sgRNA_00086,GTGAGTAACTAGAAACACTC
sgRNA_00087,AAGGTCAAAAACAAGGTCAT
sgRNA_00088,GAGTGTTTCTAGTTACTCAC
sgRNA_00089,TAGACGTCAATAGAACAGGG
sgRNA_00090,GACTGGAAACCATTGCACCC
sgRNA_00091,GACAAGCACCAGAAAGACCA
sgRNA_00092,ACTCTGGATAGCATACAGGC
sgRNA_00093,AGTATACTCACGCCACCCAC
sgRNA_00094,GAGCCCAAGACCGTCTACTG
sgRNA_00095,ACTCACTCTGGATAGCATAC
sgRNA_00096,CAGTACCAGAGCAAAAAGGT
sgRNA_00097,AAGCTGTCTGAGGACAAAAG
sgRNA_00098,TGCGCCCATCATGAGAATGG
sgRNA_00099,ATGGCCATCCGCAAGACGTG
sgRNA_00100,CCAGTACCAGAGCAAAAAGG
sgRNA_00101,GGTTTGGAGATATCGTGGGA
sgRNA_00102,GGTGCTGTGTATGATACCTG
sgRNA_00103,AGCCATTCCAGCGCACAGTG
sgRNA_00104,GAAGGTGTGCAATACCGGGA
sgRNA_00105,AGCAGCACCTCACTGTGCGC
sgRNA_00106,GATATGGTGAAGTCTGCGAA
sgRNA_00107,GTTGAGAGAAGAAATTTCCT
sgRNA_00108,GAACAGAGCTGACAGAATCT
sgRNA_00109,GCACAAGATACAAGATATAC
sgRNA_00110,AGACAGTACACATCTACCTG
sgRNA_00111,GACCCGCAGGATGACATCAC
sgRNA_00112,GTAGTGGTACCAGCCCACAG
sgRNA_00113,GCTGGGGCGAGGTAGTTGCG
sgRNA_00114,CAGTCGCTGGAGCAGCATGT
sgRNA_00115,CGGGTTGTTGATGACCCACG
sgRNA_00116,CGTCGGGGGAATCTTCTGGG
sgRNA_00117,GTACAACCGCCAAACTGTCC
sgRNA_00118,ACTGGAGGGGGAGTGCCTGG
sgRNA_00119,GACGCAGGCGCAGGGACACA
sgRNA_00120,TGAGTCTGATGCTGAACACA
sgRNA_00121,GGTAACACCGATACACCCAG
sgRNA_00122,AGATGCGCAGGTATTTAATG
sgRNA_00123,TGAACCGTGGCCCTACGTGG
sgRNA_00124,AGGGCGGAGGAAGAGAACCT
sgRNA_00125,AGCTACTTACACCACCACGT
sgRNA_00126,TGAGTAGCAGCAGGTGAGTG
sgRNA_00127,GATGATCCCAATGAGTAGGC
sgRNA_00128,TGTCACCAAGCTCAAGAGAG
sgRNA_00129,GCAAGATGATCCCAATGAGT
sgRNA_00130,GCAGGCCCAGAAGCATGACA
sgRNA_00131,GCTTCACAGAAGCTTTGTGA
sgRNA_00132,CTCATGTACTCAGTGACCCA
sgRNA_00133,GCTGTTTCTCTTACACCTCC
sgRNA_00134,AAAGCTTCTGTGAAGCTGCC
sgRNA_00135,ATGTGTACTTACACCACAGC
sgRNA_00136,GTAGAAATACTCCTTGACGT
sgRNA_00137,GCTGCCTCGTGCCCACGTCA
sgRNA_00138,AGGCAGCGCGAGGGAGAGGT
sgRNA_00139,TCTCTGGGTTGGCACACACT
sgRNA_00140,GACTCACACGACTGCAAGAT
sgRNA_00141,ACTTACATAACAGCTTCCCA
sgRNA_00142,AGAAACAAAAGATCCCCAAG
sgRNA_00143,TTCCCAGGGACACCGACTAC
sgRNA_00144,CGCTGAAGCCCATCAGAAGT
sgRNA_00145,AAGCGTGGCAGAGATCCTCA
sgRNA_00146,CATGCATCTAGATGGAACGG
sgRNA_00147,GAGACCGGAAGGCCTTCTGG
sgRNA_00148,GGAGCTAGACTCGGGCACCA
sgRNA_00149,TACACAGATATATCCCTCGT
sgRNA_00150,GATACAAGTGACCGAATATG
sgRNA_00151,AGGGCACGTCAACTCTACAC
sgRNA_00152,TCCCCTACTCACCAGCTAGG
sgRNA_00153,GGCCAGAATACAGGTCCCGC
sgRNA_00154,TGATTATGGCTACTGCTGTC
sgRNA_00155,GTTGACATCTGTATCACTCT
sgRNA_00156,TGACTGACAAGACTATCAAG
sgRNA_00157,GACCTCAGCGAAGATAAAGC
sgRNA_00158,AACTGCATTGAGCTAAACAT
sgRNA_00159,GAAGAGAGATCACCAGGAAG
sgRNA_00160,GATGGAGTTCGCCAGTCAAG
sgRNA_00161,GTAGACCAGAGGACCACACA
sgRNA_00162,AGTGCGCCAGAGATCACAGT
sgRNA_00163,GTTCAGAGCCGCCTGGTCGG
sgRNA_00164,GACAGGTGAGAGTTCCTGGG
sgRNA_00165,GGAAAGGACCAAGGGCCAAG
sgRNA_00166,GAAGTAAACAAGAACCACAG
sgRNA_00167,GGAACCCTAATATCACATGG
sgRNA_00168,AGAACCACAGGGGCTTGTAC
sgRNA_00169,GGCACCAGTACAAGCCCCTG
sgRNA_00170,GATGTGGGCAACCTCCACAT
sgRNA_00171,GAAAATGGAAGAGAATTACC
sgRNA_00172,GCCCAGGATGATAAGAGAGT
sgRNA_00173,TTGCTGGGAAACTAAAAGTG
sgRNA_00174,TGAGGAGAGTTGTAACGGCA
sgRNA_00175,CTGGCAAAAACATGACAAAG
sgRNA_00176,GGGCGCTGTGCAAGGCAAGT
sgRNA_00177,GGAGGGCAGCGCAACTTGAG
sgRNA_00178,CGCTGTGCAAGGCAAGTCGG
sgRNA_00179,TAGGAGAGCTGCGGGTCCCA
sgRNA_00180,GACACTGCATAGGAGAGCTG
sgRNA_00181,AGTGTGAATGCCAAGTACCT
sgRNA_00182,CGTTTCCAGAACACACACAA
sgRNA_00183,GCAAGACTGTCACAAAGATA
sgRNA_00184,GCTCGTGCGGCCCAGGTACT
sgRNA_00185,TTGGCAGGACCAGCAAAAGT
sgRNA_00186,GGATCCGATTATCAGTACGT
sgRNA_00187,TGAGAACACAGGCGACATAC
sgRNA_00188,GATCACGATGCACAGAAGGA
sgRNA_00189,GAAGAAGGTGTACACCCTCA
sgRNA_00190,GTCGTCTATAGCATCCTGCA
sgRNA_00191,AGACCGCGCCACACACCACA
sgRNA_00192,GGACAGCTTGACTACCACTG
sgRNA_00193,AGAGGGGGACAATGTCACGC
sgRNA_00194,GATACCAGGCATAGACTAGC
sgRNA_00195,AGAACCAGCGGACCTCAGCG
sgRNA_00196,TGTCCAGGCAGGGTTCATGG
sgRNA_00197,AGATAGTGGCACCTATCAGG
sgRNA_00198,GCACTGCTCAGGATTTCATC
sgRNA_00199,AGTGCTGGGAACACCGTGAA
sgRNA_00200,CAGTGCTGGGAACACCGTGA
sgRNA_00201,GATGGAAGGAAGCCGAACTC
sgRNA_00202,GACGGAGCGATCCAGAGAGC
sgRNA_00203,GACAGACCTTCACAACTGCG
sgRNA_00204,GAACTTAGATGACAGCAAAC
sgRNA_00205,AAGCGCCTGAGCTACCACGG
sgRNA_00206,GAAGAGCAAAGAGCGAAAGC
sgRNA_00207,TGGGAGCAGCTCGACCTAAA
sgRNA_00208,TCAGCATGGACAGTAGCTCC
sgRNA_00209,CGAGCACCGAGTCTACTACT
sgRNA_00210,AGTGGACTGTTGGCTAAAAG
sgRNA_00211,AGGGAGGTGATCCTGAGCGG
sgRNA_00212,GCTCAGCACCGGGTGCAAGT
sgRNA_00213,GCTGAACGTAGACCTCCAGG
sgRNA_00214,TCAGTGGAAGATCCACATGC
sgRNA_00215,GAACCCTTCTAGGTGCACGT
sgRNA_00216,GATGAACAGAATTTGCCGGA
sgRNA_00217,GATAAAGGATCCGAAGCAAG
sgRNA_00218,GAACTCCGTGGTCATCTCGT
sgRNA_00219,TGAGGATGAACAGAATTTGC
sgRNA_00220,GGAGCTCTACAATCCCATCC
sgRNA_00221,AGAGGTTAAAGAGGCGACGC
sgRNA_00222,TGCTGGTGGACGACGCGCAC
sgRNA_00223,GTCAGCCTACCGCAACAAGC
sgRNA_00224,TGTGCCATAGCGCCGCTGGA
sgRNA_00225,GCACGTAGCAGTACAGCAGC
sgRNA_00226,GCTGCGCGGTCGTTACATGC
sgRNA_00227,TGAAGGGCTCCAGCACATAC
sgRNA_00228,GTGCGCTCGATGTGCCACAG
sgRNA_00229,GATGAGGTGCAGCGATTGCG
sgRNA_00230,GAAGAACTCGCCCACGAACG
sgRNA_00231,GTCAAGAGGCACCAACTGAG
sgRNA_00232,GATGGCTCCACGGGACCTGA
sgRNA_00233,AAGGTGCCCTATGAACTGAT
sgRNA_00234,GGACTGGTCGTGTAGTCAAG
sgRNA_00235,AGTCAAGAGGCACCAACTGA
sgRNA_00236,GATGGCAGCAATCAAGACTT
sgRNA_00237,TTGGTGCATACCCAGCACGG
sgRNA_00238,AGGCACCAGAAGCCCTCACG
sgRNA_00239,AGGGAAGGAGATACCTGTGC
sgRNA_00240,GTACCACAACAACACACTGC
sgRNA_00241,CGAGTAGCCAAAGCTCACGA
sgRNA_00242,GAACGGAGGCAGCAATCATG
sgRNA_00243,GGCGGGCAGGCCCAGAACGG
sgRNA_00244,GATGGCGGGCAGGCCCAGAA
sgRNA_00245,TGTCCACCAGGGGTTTGCAG
sgRNA_00246,AAGGCCGAAACGCGCCACAT
sgRNA_00247,ATGGGAGCTGGGTTGTACGT
sgRNA_00248,GAAGGCCGAAACGCGCCACA
sgRNA_00249,GGGAAGGGCGCAGCACACGA
sgRNA_00250,GCCGCGCTGCAGTTGCTAGG
sgRNA_00251,GTTCAAGTACCTCCAAATGC
sgRNA_00252,GGATGGGGATGAGCTCACAC
sgRNA_00253,AGGAGAAGTTAGTTCCCCCG
sgRNA_00254,AGGATGTCACTGTTTCACAA
sgRNA_00255,TGCGTGTTCAATCTCCCGGT
sgRNA_00256,GGAGAACCCAAGCTGCCATC
sgRNA_00257,AGCTTGGGTTCTCCATACGC
sgRNA_00258,GCTGCTGACTGTGAATTCTG
sgRNA_00259,GCCATAGCTACTGAGGTGAG
sgRNA_00260,AGTCAGCAGCAGGACCAAGT
sgRNA_00261,CGAGAGCGGGAACATGACAC
sgRNA_00262,AGAACTCCGAAGCTGGATAG
sgRNA_00263,GCACTGGCCGGCCTTCATGG
sgRNA_00264,AGGAAGCAGAACTCCGAAGC
sgRNA_00265,AGCTGGATAGAGGGACTCAC
sgRNA_00266,GGAAGGCTTCGGCTACATAG
sgRNA_00267,GAAGTTCGAGCGTACAGTGA
sgRNA_00268,AAGTGGAAGAAGGCATGAGT
sgRNA_00269,AGCCCAGACCCACATACCGC
sgRNA_00270,TGAGTTGGTCATTGCCTGGG
sgRNA_00271,GACACAGTCCACATGCACAG
sgRNA_00272,AGTCAGTCTTACCTGAAGTG
sgRNA_00273,TGATGCAAATGGGTACCCAC
sgRNA_00274,GAAAGCAGAAAGGGGGACAA
sgRNA_00275,GCTGCACTCACCAGTCACGT
sgRNA_00276,GAACTCTAACAACCTCACGG
sgRNA_00277,AGTATGTGGGAAACATGCAC
sgRNA_00278,GGTGGAACCAGAGACCCGGG
sgRNA_00279,AGTTCAAGGAGCGAATCCAC
sgRNA_00280,GAACCGGAAGTCAAGTATGT
sgRNA_00281,GTGGCTGCAAAGTACTCACG
sgRNA_00282,TGACCTGGCATAGCACCCGA
sgRNA_00283,TGCTATGCCAGGTCAGAGGG
sgRNA_00284,AGATGGTAGAACAGGCCTGG
sgRNA_00285,GATCCAGGTAGCCTGCACTC
sgRNA_00286,GATCAAGCTGAGCTTCACGC
sgRNA_00287,GGGGAGTAGCAAGAAGATCA
sgRNA_00288,GCAGAGCCAGGTCACTACAC
sgRNA_00289,GTAGACATGATACAAACTGG
sgRNA_00290,GTCCCCCAGGCGGACAACAG
sgRNA_00291,AGTCATCGATGCAAAATATC
sgRNA_00292,GCTGTGGCCAGCTACAATAT
sgRNA_00293,CGTCAGGTGACAGGGTCAGG
sgRNA_00294,GGACCTCACCACCTGCCCTC
sgRNA_00295,GGAGCGTCCTCACTTCCCGC
sgRNA_00296,TGATAGTGCAAACTGTGACC
sgRNA_00297,AGCACCAGGGATCACACCTG
sgRNA_00298,GGAACAACGACTTAACAATG
sgRNA_00299,GATGTTCCGATCTGACAATC
sgRNA_00300,ATGATGTGTACCATATTCGG
sgRNA_00301,CTCACATGATCTCAACACGT
sgRNA_00302,GATGATTTCAAGCTTCCCTA
sgRNA_00303,AGAAAATGACGGCAGCACTT
sgRNA_00304,AGCGGACCGTCCTTGCGAGA
sgRNA_00305,CGTGGGCAGGATAGGCTCGC
sgRNA_00306,GAAGAAGCTAAGGAGCATGA
sgRNA_00307,GCTGAAAAGGCAGTCTATGT
sgRNA_00308,GCTGGCTGCCATATTATGTG
sgRNA_00309,GTACCGGCTGCACCTGTCAG
sgRNA_00310,GATGACCCCCAAAAGGATGA
sgRNA_00311,AGGCTTTACTCACAAACAAG
sgRNA_00312,ACTGTGGAAAAGCAGGACAA
sgRNA_00313,GTTCTGGTTCTGGAGTCTGT
sgRNA_00314,GACAGCCCCGCTCACTGTGC
sgRNA_00315,AACCTTGAAGAAAAAATGGG
sgRNA_00316,GTAGCTGAAAGGGCCAAAAA
sgRNA_00317,AGAAATTGGAGCGGAAATCT
sgRNA_00318,AGGTGACACAAAAGACACAT
sgRNA_00319,AGGGACATCGGATCATAACA
sgRNA_00320,GCAAAAACCACAGATTTACA
sgRNA_00321,GGTGACACGCGCCTACACCG
sgRNA_00322,GTTCCGCTACTGCCGCATGC
sgRNA_00323,GTCTTTCCCAACCAGCCCGG
sgRNA_00324,GCTCCATACATAGACCAGCA
sgRNA_00325,AGAAGTTGACCCTCACGTGA
sgRNA_00326,GTAGGAGAGCAGTAGCCGTG
sgRNA_00327,AGCCCCTACCACCAGTACGG
sgRNA_00328,AGGAGAGCAGTAGCCGTGCG
sgRNA_00329,AGAGCAGTAGCCGTGCGGGG
sgRNA_00330,AGAGTCCCAAGCATCCGATC
sgRNA_00331,AGGACAAGAGGATTGAGCGT
sgRNA_00332,GGGGCCGGGACACACGTCGA
sgRNA_00333,ACATGGTCCGAAAGACCCTG
sgRNA_00334,GCCGATGGACCACAATGGAC
sgRNA_00335,AGGGCGAGCGCCTGAAGCAC
sgRNA_00336,GAAGTGCTCCAACAATGGAT
sgRNA_00337,GCTTTGGGGTGTAGGCATGC
sgRNA_00338,TGCTTCTTACCATTCCATGC
sgRNA_00339,CTGGTGGGAGGAGATCAACA
sgRNA_00340,TGGGAGGAGATCAACAGGGC
sgRNA_00341,GGGGTGAGTAGATCTCTCTG
sgRNA_00342,GGACATAAAGCACAACATAG
sgRNA_00343,GAAGCTGGGTAATTGGATGA
sgRNA_00344,AGTCCACAGCGGCATCAAAG
sgRNA_00345,TGGGAAGTGCAGCGCTACGA
sgRNA_00346,CAGGAGGGAAGCCATCCAGC
sgRNA_00347,AGTTGGGATAGGGAGCTAGG
sgRNA_00348,GCAGTCTGCAGCACAGGTGG
sgRNA_00349,AGTGAAGCCACACACCTTGG
sgRNA_00350,GTTGGGATAGGGAGCTAGGT
sgRNA_00351,GCCAAGCAGGAAAAGAACTC
sgRNA_00352,TGGAAGGAAGGAAACTACGA
sgRNA_00353,GAACAGCAGAGAGAAGATCA
sgRNA_00354,GTCGTACCGTATGGACTGGG
sgRNA_00355,AACAGCAGAGAGAAGATCAC
sgRNA_00356,CATGAGTGCCGGCATCTTGG
sgRNA_00357,ATGGGCTTGAGAGTGAGCGG
sgRNA_00358,GCCGGGTCAGCTCGTCTGAG
sgRNA_00359,TGCGGATGTGAGTGGTGAGG
sgRNA_00360,GGTTGTAGTCAGGAATCATG
sgRNA_00361,GTCATCCAACAACAAGTCAA
sgRNA_00362,GAATACTCAATCCACCACAT
sgRNA_00363,GCGAGGACGGCACATCACAT
sgRNA_00364,GATGCAGCTGTAGACAAACG
sgRNA_00365,GACATCAAGGATACCATCCT
sgRNA_00366,AGAATTTAAAAGCGAATACA
sgRNA_00367,CTGATCGGCCATGACTGGGG
sgRNA_00368,AGAGGAAGATGCGTTTATGG
sgRNA_00369,GTTGTTGCATTGGATTTGAG
sgRNA_00370,TGAGCTTCATTATCATCTCA
sgRNA_00371,GGCAGGAGGAGCAATCAGAC
sgRNA_00372,CATGTACACCCGCAGTAAGG
sgRNA_00373,TGGGCCCACCACCTTACTGC
sgRNA_00374,GTTTCCACTCACCCATCTCG
sgRNA_00375,AGAGATGGAAGCAACAGAAC
sgRNA_00376,GACGACCGGAAGAAAGACCG
sgRNA_00377,AGGTGGTAGGAGATCTTCAG
sgRNA_00378,CGTCTTGATCATGAGCACGT
sgRNA_00379,GTTGGCCATGTAAATCACGG
sgRNA_00380,GGAGACCGAGGCCGCCAGAA
sgRNA_00381,CGGGAGGGGGGCACAACTGC
sgRNA_00382,TGTCCACAGGTGGTCTCAGG
sgRNA_00383,AAGGAGCCTAGTGAGCTCCA
sgRNA_00384,TTACAGCAGCAGTTGCACAA
sgRNA_00385,TGACCTCCTGAGACCACCTG
sgRNA_00386,AGAGGACGGCAGTTGGATGG
sgRNA_00387,GGTGACCAACAGTAGCGTGT
sgRNA_00388,GTCGGAGAACGAAGATGTGC
sgRNA_00389,CAGGTGGTGTCGCAAAGCGC
sgRNA_00390,GCCAGAGGACGGCAGTTGGA
sgRNA_00391,AGGGTATGGGGAGCCCCCGA
sgRNA_00392,GCCCGACCAAACCAGCACCG
sgRNA_00393,GGTGAGCTTACAGCTCTGAG
sgRNA_00394,GCACCGTGAGCCACGCTGAC
sgRNA_00395,GGGCACGGAGGAATTCCCGA
sgRNA_00396,GAATGAGAAAGGCCCCCTGG
sgRNA_00397,CGGCTACTACATCACCACAC
sgRNA_00398,GACCTAGTGCGGCACTACAT
sgRNA_00399,GTCACGGATGGACAGGGAGT
sgRNA_00400,CGAATGAGAAAGGCCCCCTG
sgRNA_00401,GCTGGAGGAGAGGTTCACGC
sgRNA_00402,GGGAACTGGAGACTTCCCTG
sgRNA_00403,GCAGCTGTATGTCTCGTGCG
sgRNA_00404,GATGCCACTGCTTAACTGGG
sgRNA_00405,AGGCTACGCTCGTAGTCCGT
sgRNA_00406,GCAGACGGTGACATGCCATG
sgRNA_00407,AGCCCATGCCTGCTACACGC
sgRNA_00408,GATGGCGCCTATCAGATTAG
sgRNA_00409,TGTGGCCTGAATGCCCCCAT
sgRNA_00410,AGCGGCAAGTACCTGCGTGG
sgRNA_00411,GATGCCTAGGTACACATCGA
sgRNA_00412,ACGCTGCCGGAGGTATATAG
sgRNA_00413,GACACAGGAAGGCCAAATAG
sgRNA_00414,GTTCCTGCGAGAACCTGCAT
sgRNA_00415,AAGGCCATCGATGTGTACCT
sgRNA_00416,GACATGGAAGCGAAGCATGG
sgRNA_00417,ATGGAAACGGAGACTTGCAG
sgRNA_00418,GCCACCAAACGCATCCTGGA
sgRNA_00419,GCGGGTCAGAAATACCAGCT
sgRNA_00420,ATGGACATGGAAGCGAAGCA
sgRNA_00421,AGAGCCGGACGGTATTGTAG
sgRNA_00422,GTCGTTGAGATACAAGATGA
sgRNA_00423,GTCACCTCTACAATACCGTC
sgRNA_00424,ACAGGGACTGAAGAGCCGGA
sgRNA_00425,CAAATGGGACAACTGGATCG
sgRNA_00426,GATCGAGGTGCGCTGACCGT
sgRNA_00427,GATACCTTCTGAATGCATGT
sgRNA_00428,AGCATTGGGAACCCCGTGGG
sgRNA_00429,GTGGAGTTTGAGACACACTT
sgRNA_00430,GACTTACATCATAACCTCGG
sgRNA_00431,CATCTCCAGGAACCACAATG
sgRNA_00432,GGCACTGTGAAGTTGCTCGT
sgRNA_00433,CTGACCTAGAGCTACCGAGC
sgRNA_00434,AGGAGCAGTGAGGGGAACGC
sgRNA_00435,AGCAGTGGTGGGAAGCGCCT
sgRNA_00436,GAGGGGGTCCTCCCGCACGT
sgRNA_00437,GATGGAAGCCTGCATGGACA
sgRNA_00438,GGGCTTCACAGTAGGCCAGG
sgRNA_00439,CTACTGTGAAGCCCACGTGC
sgRNA_00440,AGCCTGCATGGACAGGGTGA
sgRNA_00441,GATGGCAATGGAGAGGAACG
sgRNA_00442,AGGATCACAAGCCACGACAG
sgRNA_00443,AGACCCCTAGCACTCCCAGG
sgRNA_00444,AATCAGGAGCAGAACGATCC
sgRNA_00445,TGGCGAAGAGGACTCCGAAG
sgRNA_00446,AAGGGAAGCCGAGAACTACC
sgRNA_00447,GCTGGTACCCACCCCCAGGT
sgRNA_00448,ACTCTGAGGAACAACTACCC
sgRNA_00449,ATAGACTTCAATACGTTCAG
sgRNA_00450,GAGAATGTGGCGTCACTCTG
sgRNA_00451,GCTTGCTGGAAACCAGTTGG
sgRNA_00452,GGTGCTTGCTGGAAACCAGT
sgRNA_00453,GCTAGCAGCATCCAAAATCC
sgRNA_00454,GCTGAATGTTAAGTAAATGA
sgRNA_00455,ATAGAACATTACCTTTATGG
sgRNA_00456,GCAGGCGTTGTATTTACAGC
sgRNA_00457,TGAGCGGGATTCGGTGGTGA
sgRNA_00458,AGTGACATCCAAGAGTCACG
sgRNA_00459,GACGAACATTGGGTGACAGT
sgRNA_00460,CAGCAGGTTCCAGTACCACC
sgRNA_00461,GCACAGCACAGAGAGCACAC
sgRNA_00462,GGTAGAAGGGGTCACTGTGC
sgRNA_00463,CTGCACTTCCAGAAGCACTG
sgRNA_00464,GTCACTCTAGCATCCCGTAC
sgRNA_00465,CGAGGTACAGGAGCCCAGAC
sgRNA_00466,AAGAACTTACACGTTACAGT
sgRNA_00467,TGTGCAGGGGACCTCCGTGG
sgRNA_00468,GCCATATACGGTCTTGAGTG
sgRNA_00469,AGTTTAAGTAGAGCCATATA
sgRNA_00470,AAGTATAGACACCAGGCCAT
sgRNA_00471,TAACTGCTTAGGATTCACGT
sgRNA_00472,GATAGTAGGCGTGCATGTGG
sgRNA_00473,GATGGCCATGAGGTAAGAGC
sgRNA_00474,GCTTTCGCTCCATTAAGCTG
sgRNA_00475,GCAATCTGACTTACAAACAC
sgRNA_00476,GACGGGGCCAAGGATATCGA
sgRNA_00477,GGACAAGAGGCGCAAGATCT
sgRNA_00478,AGGGGGGCATAGTTGACAGT
sgRNA_00479,CAGGTGCAGGAGTTTCCGAA
sgRNA_00480,GGGATGGCTAGCCAGTGGGG
sgRNA_00481,GCTACCTGACCCGAAGGAGA
sgRNA_00482,GGAATATTACGGCCGGACCA
sgRNA_00483,ACAACCGCTACCTGACCCGA
sgRNA_00484,AGAGCGGCTGCGATTTCTCA
sgRNA_00485,CAGGACCTGCTGCCGGGTGT
sgRNA_00486,GGTACCAGGCAAGACCCTTG
sgRNA_00487,GCTACCACAAGGGTCTTGCC
sgRNA_00488,GCAGGCAAGGATAAGACAGT
sgRNA_00489,AGCACCTCGCGCGCGATGGT
sgRNA_00490,GCACCCCACCATCGCGCGCG
sgRNA_00491,AGTGAACACGAAATACAAGG
sgRNA_00492,GGTGAGAAAAGGGGGCACAA
sgRNA_00493,TGAAGTGAACACGAAATACA
sgRNA_00494,GCAATTTGGTAATGACGGAG
sgRNA_00495,GATTATACTCAGGTGCTAGA
sgRNA_00496,AGAGATGGGAAGTCGCATCG
sgRNA_00497,GACGCCGGAAGTTCCCTGTG
sgRNA_00498,CGAGGACTTACAGAGAAACG
sgRNA_00499,CGTGGATGACCTCATGACTC
sgRNA_00500,CGATCCCGGCCTGAGTCATG
sgRNA_00501,GGTGACCAGGGCATGCAGAG
sgRNA_00502,AGGAAAGGGTGTAGCCCACA
sgRNA_00503,GGACTGGTTTGTGCACACCC
sgRNA_00504,CAGGGCTGCTGAGAACATGT
sgRNA_00505,GACTTGCTGCCGTCACTTCA
sgRNA_00506,AGCACAAACAGAGACCTGGT
sgRNA_00507,AGAGGAGATTGACCACACCG
sgRNA_00508,AGCTTCATCAGCATTCAGGG
sgRNA_00509,GAAGAGGAGATTGACCACAC
sgRNA_00510,GTAAGGAACAAGGTCAGTTA
sgRNA_00511,GAAGAAAAGGAAGTTCCGGT
sgRNA_00512,GTCTTATGCAGACTGTGTCC
sgRNA_00513,CATACCCAGACAGATATATG
sgRNA_00514,TAGGGAACAGCAATATTGCG
sgRNA_00515,AGTAGGGAACAGCAATATTG
sgRNA_00516,GAAGGACAGAATTCACTGTG
sgRNA_00517,TGAAGATGGAATCTCTGACA
sgRNA_00518,GTACAGGACATATTCCATCA
sgRNA_00519,TGAGTAATTATGTCTCAGAG
sgRNA_00520,TTATTCTGTGTGACTCACTG
sgRNA_00521,TGTTGATAGCGACAGCTGGA
sgRNA_00522,AAGTTGAAAAACTGTATAGC
sgRNA_00523,GATCAGAAGTACAAAGTCCA
sgRNA_00524,CAGCATGATGAAAAAAATGT
sgRNA_00525,ATTTCATAAGTGTAACACCT
sgRNA_00526,GGGCTGGAAGAAACTCTCAG
sgRNA_00527,GCACGTGTACCATATATGTG
sgRNA_00528,GCCACCTCACCACAGCATAG
sgRNA_00529,AGAGTGTGGCAGCTTTGTCC
sgRNA_00530,GGAATTGAGACAAGCGCATA
sgRNA_00531,GCAGAGCAGTAATAATGCTA
sgRNA_00532,GCTTATAAAAAGCCAGACCT
sgRNA_00533,TGACTCTGACATCTTCAAAG
sgRNA_00534,TGCTCCGTGGGCAAAGACCC
sgRNA_00535,TGCTTGCAAAGGATCCGCCA
sgRNA_00536,GATCCCTAGTACCTCATATG
sgRNA_00537,TATGTCAAGGAGGTCCACGG
sgRNA_00538,GTTGTAGAAGCATTCAAGAT
sgRNA_00539,ACGTAGAGGGACAGGCTCCA
sgRNA_00540,AGGTATCTGAGCCATGACAT
sgRNA_00541,AAGGGGTGAAAGCAACTGGA
sgRNA_00542,GAAAGTGGAAATGCCCAGGA
sgRNA_00543,GGGAGACTAGGCCATACGAC
sgRNA_00544,AGTACTGAGGAAGTGGAGAT
sgRNA_00545,GACTTCCATCCACTTCCAAC
sgRNA_00546,GCGATCAGAAAGCTTCATGT
sgRNA_00547,GGACACTGGAAAGATGTGCC
sgRNA_00548,GGCAAAGGTGATGATCTCCG
sgRNA_00549,AGGGGCTGTGACCCCTCATG
sgRNA_00550,AGTGGTTAATGACTGTTGAG
sgRNA_00551,GCTGTTGACGAACCCCAAGG
sgRNA_00552,AGGACTCGGTCGCACCAGGA
sgRNA_00553,TGTTCAATGGAACCTCCTTG
sgRNA_00554,GAAGAGGTGGGTGAAGCGGT
sgRNA_00555,AAGATGAGGGAGAAGCTCTA
sgRNA_00556,GCAGAGGAACGGAATCCAGG
sgRNA_00557,GGGACCGGCAGAGCTCAATC
sgRNA_00558,AGACTCGGTTCAGCGCTGGA
sgRNA_00559,GGCAAAGCCCATCAGCCTGG
sgRNA_00560,GACGTGCCATGCACGCTCCA
sgRNA_00561,GATGCTACCGTCGAGCAGCG
sgRNA_00562,AAGCCAAAGACATACCAAAG
sgRNA_00563,GATGCTATGCAGGGACACGG
sgRNA_00564,GTAGGACAGCCCCAGAAGGG
sgRNA_00565,GCGAGGCACAGGCCACATAC
sgRNA_00566,GTATTGGTCAGCAAGAACAT
sgRNA_00567,AGGGTACAGGACAGGAATGT
sgRNA_00568,GTACAGGACAGGAATGTGGG
sgRNA_00569,TGTAATGATGACAAGCACCT
sgRNA_00570,GATGTGAGAGGGGGCTACCT
sgRNA_00571,AGTCTGGAGCAAACACATAC
sgRNA_00572,CTACTTTGAGGACCGCCACG
sgRNA_00573,TGGACAGCTCCGAGATCCAC
sgRNA_00574,TTGCTCCAGACTGTGAGAGT
sgRNA_00575,ATATGCACCAAGCAGTTACC
sgRNA_00576,GGTGGAAGGGATGATCCTAG
sgRNA_00577,AGTCAGGGTAGCAAGAATCG
sgRNA_00578,GATGATCCTAGAGGTAACTC
sgRNA_00579,GTTTCTGTCATACATGTAGC
sgRNA_00580,TGTGTACCCGAGTTACCTCT
sgRNA_00581,GTACGTGGAAGGAGTATGTG
sgRNA_00582,GCACATAGGCGAATACTCCT
sgRNA_00583,GCACCCTCAGACCTACGAAA
sgRNA_00584,GTAGTGACCATGACTACCTT
sgRNA_00585,TGGAAGGAGTATGTGTGGTG
sgRNA_00586,GATGAGGAAAGCGTCCACGA
sgRNA_00587,GCATGCGGTTATCTCCATGA
sgRNA_00588,GACCTGAACAAAGCCCATGT
sgRNA_00589,GAAGAGCCAGGCCACGGTGT
sgRNA_00590,TGGGTGATCGCTTATACCCG
sgRNA_00591,GTAGTCCCCTAGGCCAATGG
sgRNA_00592,AGTCTGCAACACGAGCACCA
sgRNA_00593,TGAGGCAGTCAGAAGTAGCA
sgRNA_00594,CATGGAGGTCGGAAACACGG
sgRNA_00595,GCAGCAAGATGAGTTCTGTG
sgRNA_00596,GAAATTCCGAAGCCCCACCA
sgRNA_00597,GGCCAGGAGAGAATCCAAGA
sgRNA_00598,GACCGTCGTGGGGCAAGTGT
sgRNA_00599,AGAAATGGTTGGCTAGAATC
sgRNA_00600,AGACAAGATCAAGTTCTGGT
sgRNA_00601,GTCCAAGAGAAGCCCAAAGT
sgRNA_00602,AAACTACAGAGAAAACCTGG
sgRNA_00603,TGAGCCTGGATGCTTCATCA
sgRNA_00604,TGGGCACCTGCCCAGTGCGC
sgRNA_00605,AGAAGGACATTAGAGCCAAG
sgRNA_00606,GAAGAGCTGCAGATCACTGC
sgRNA_00607,TGAGTTCGTGACCATCAAGA
sgRNA_00608,GTCCATGGACAGGACAACAT
sgRNA_00609,AGTGTGCAGGTACCTTGCTC
sgRNA_00610,GAAGAGTGACCAGTCACGGA
sgRNA_00611,TGGAGATTGAGACCTACCGC
sgRNA_00612,TGGAAAACAAAATTCGAGAG
sgRNA_00613,GGCTCGCTGGCTGAAACCGA
sgRNA_00614,GCTGCTGCACCTGAGACAGT
sgRNA_00615,TGACAGACTAGCTTCCTACC
sgRNA_00616,GCTGTGGAAGCTGATCTCCA
sgRNA_00617,GCAGAACCTGAACGACAGAT
sgRNA_00618,GCTTAGCATTGTCAATTCGC
sgRNA_00619,AGGAAGTTGAGGTTCTTCGC
sgRNA_00620,GTAGGAGCTATAGTCTCGGA
sgRNA_00621,TGGCAGTGTCAGCTGTACGA
sgRNA_00622,GCGGTTCGGGAGGCGCACGG
sgRNA_00623,GACATTGAAGCCATCTCTGT
sgRNA_00624,GCCTGGGAAAGAGCTCCCCG
sgRNA_00625,GACAGCTTGAGGACTCCTGA
sgRNA_00626,AGACCAAGGCCTTTACATGT
sgRNA_00627,GGTGCTGAAGGCTCAAAGGA
sgRNA_00628,GCTACAAGCTGAGTCTACCA
sgRNA_00629,GTTCAGAAAGAGACACTGTG
sgRNA_00630,TGGTGCTGAAGGCTCAAAGG
sgRNA_00631,AGAGCTGTCTCTAACCAGGA
sgRNA_00632,GTGAAGAAATACCACATTGA
sgRNA_00633,AGAGAAGTATGGCGGCAGGG
sgRNA_00634,GGAAAGTCAAGTCTACTTGT
sgRNA_00635,GAAGGGCTCTCGGTCAAGAG
sgRNA_00636,GATGTCACCAGATATGTCAA
sgRNA_00637,GACTCTGGCAAAAAGAGATC
sgRNA_00638,CTGGGGGTGAAAGAGGAAGG
sgRNA_00639,GCTTGACAGTGTAGAATCGA
sgRNA_00640,TGGCCTGTATGCAGGCAAGA
sgRNA_00641,GAACGACAAAATCTGAGAGT
sgRNA_00642,GTTTAAAGAAATCTATGTGC
sgRNA_00643,AAGGAGTCCATCATCTGCGT
sgRNA_00644,GGCCAGCAAAGGCATCGTCC
sgRNA_00645,CAGGTCACGGAGGCCCCGAA
sgRNA_00646,TGTGAAAATAGACGACATGG
sgRNA_00647,GATGCACACCCACACCAGCG
sgRNA_00648,AGTGGTTTGTGATGATACAC
sgRNA_00649,GATGTGAAAATAGACGACAT
sgRNA_00650,AGTCTGGTGGAAGTGAACAG
sgRNA_00651,ATGCAAGCGCAACACATCGA
sgRNA_00652,GCTCACCTGAGGCTGGACGC
sgRNA_00653,TTACGCAGCCAAGTGCAAAG
sgRNA_00654,GTGCACGCACGAGCTTTCTG
sgRNA_00655,TGAGCACGGAGCCCAATGCC
sgRNA_00656,GATGAACACCGACAGGCAGA
sgRNA_00657,TGAGAACCAGAACCCTTCGT
sgRNA_00658,GGTCACAATCGGTACCAGAG
sgRNA_00659,GGTGTTCATCACGTTTGTGG
sgRNA_00660,CTTCAAAGGAATCAACTCAG
sgRNA_00661,GCCCTCCAGCAGCAACTCGG
sgRNA_00662,GGTGAGGGCAAGATGCACGA
sgRNA_00663,CGTTATGGTACACGAGCGTG
sgRNA_00664,GATAGGCACTGCCAACAACA
sgRNA_00665,TGTGGCAGGAGCTACTTCCC
sgRNA_00666,GATCCGATGAACCAAAGGCA
sgRNA_00667,TGGGCGATGCAGCAACACGG
sgRNA_00668,GTTCAGAGTAGCATTCCATG
sgRNA_00669,GCCACCCTGACTGTACAAGG
sgRNA_00670,GTTAGAGAGAGGCAGCGTGA
sgRNA_00671,GAGATACCAAGGCTACACTG
sgRNA_00672,GGATTGTGTGAACAGACCAG
sgRNA_00673,GATTTCTTGACACAACTGAG
sgRNA_00674,GATCCCCGGCAAAACCACAT
sgRNA_00675,GAAGCCGGTGACAGAATACA
sgRNA_00676,GACACTCTGGGAAACCCTGA
sgRNA_00677,AGGCTTTGCAGGTATAGGGT
sgRNA_00678,AGACACTCTGGGAAACCCTG
sgRNA_00679,GGAGGCCTCTGAGCACACAT
sgRNA_00680,GTACTCACTGTAGACAAGCA
sgRNA_00681,GTGCTGTTGGCACTGATATT
sgRNA_00682,TGCACTCACAGGATTCGCAC
sgRNA_00683,GATCCTACTGACCAATCTCC
sgRNA_00684,TGACCTATGCAACGTGGATG
sgRNA_00685,CAAGACTACGCTCTACTCCC
sgRNA_00686,GCCGTGGAGTACATGGAGCG
sgRNA_00687,GTCACGATGACCAAGACGCG
sgRNA_00688,GCAGGGCACCATGACCGGGC
sgRNA_00689,CGGCGCGAAAAGGCGCCCAG
sgRNA_00690,GCCCACTAGGAACTGCCTCA
sgRNA_00691,AGCTGGTGCTGAATGTCTGG
sgRNA_00692,CGCCACCAAGCACAAGATCC
sgRNA_00693,TTGGGCTAGAGGCTGGATCT
sgRNA_00694,AAGTCAGAGGAAGATATGAA
sgRNA_00695,AAGGTGGAGGCCGACCTTGC
sgRNA_00696,AGTCAGGAAAGGTGGCACAG
sgRNA_00697,GGGAAATGGAGAGTGTCCTG
sgRNA_00698,TGGGAGCCACAAGGGTAAAG
sgRNA_00699,AAGAAGATCATCGACGAGAG
sgRNA_00700,GATGCCTACCAGCCATATCT
sgRNA_00701,GGTTCGCTAATGCTAGACGT
sgRNA_00702,ATGTTCAGGGCAACGCTGAA
sgRNA_00703,GTCGGCTGAAGAACACTGTC
sgRNA_00704,GGTGGCCATGACATGTCTCA
sgRNA_00705,GAAGGTAAGGCATAAGCGAC
sgRNA_00706,GAAACGGGACAAGTCTGTGG
sgRNA_00707,CGATGATGAACGATGGACAG
sgRNA_00708,AGCAGCAACCAGGAATAGGT
sgRNA_00709,ACTTTGACGATGATGAACGA
sgRNA_00710,CAGGATTGTGAATTATACAC
sgRNA_00711,GGTGAAGGGAAAGTGACATG
sgRNA_00712,GTACCGCTATGGTTACACCC
sgRNA_00713,AGGGTACAGCCTGTTCCTGG
sgRNA_00714,CGGCCCGGGTGTAACCATAG
sgRNA_00715,CGCTTCGGGTCCGTACACGC
sgRNA_00716,GCTGTCTGTGAACACCACGG
sgRNA_00717,GAACTGGTAGGTGTAACCAG
sgRNA_00718,GAAGGGCTGCGCGAATACTT
sgRNA_00719,GGACGAAGAAGATCTTCGTG
sgRNA_00720,TGTTCATCGGAGGACTCAGT
sgRNA_00721,AAGGTACAGGAGTAGATCCG
sgRNA_00722,AGGCCACAATAAGACCTATG
sgRNA_00723,GAACACTCCAGTACGATCCC
sgRNA_00724,GTTGAGTGGGGCCCAACAAA
sgRNA_00725,TGAGCTGACAGACTGGGTGA
sgRNA_00726,GCTGCCCATAGCTCTTTCGG
sgRNA_00727,AGAACTGGTAGGTAGCACCG
sgRNA_00728,CGTGGTGGTAGAATCGACTG
sgRNA_00729,AGGCACTAAAAGTACCCTCC
sgRNA_00730,GCTTATACAGCATAAGAAGG
sgRNA_00731,GTTGAAGGCAACCAACCCCT
sgRNA_00732,GTGCTCAGTGAGGTCCTTAG
sgRNA_00733,GAGAGCCGTGAAACTCACGA
sgRNA_00734,AGGCCACGGTCAGCCGTACA
sgRNA_00735,TGTCACCGAAGTTCCAACAG
sgRNA_00736,GAATATCGAAACCACACAGA
sgRNA_00737,TGGTACCAGACACAGAACGA
sgRNA_00738,GTAGAAGGAATCCCGCAGGG
sgRNA_00739,GAAGTTGGCATTATCCAAAG
sgRNA_00740,AGCCAGGGAACTCTCCAGTG
sgRNA_00741,GCTGCACAACTACTCTGCAG
sgRNA_00742,GGTAGGCCAGAATCACCTTG
sgRNA_00743,GTGCAGCGCACACTCCAGGT
sgRNA_00744,GCCAGCGAGAGGGTCATGCC
sgRNA_00745,GCGGGTCACAGCAAAACAGA
sgRNA_00746,AGGAGGTCACATCAACTCTG
sgRNA_00747,TGTCACTGTGACTGACAGTG
sgRNA_00748,AGACAGTGGAACTCAAAGAC
sgRNA_00749,ACAACCCATAGAGTACTGTG
sgRNA_00750,AGAGAGCAAAACCAGTGCCT
sgRNA_00751,GACTCCCGGGAGTCCATAGG
sgRNA_00752,GGTGGCAGCCACGTGCAAGA
sgRNA_00753,TGCACCTGTTTGCTGCCCGG
sgRNA_00754,CTGGAAGCCAGAGACTTCGA
sgRNA_00755,GCAAGACGGAACGGCCCTGG
sgRNA_00756,GCAACAGAATAGCACCGACG
sgRNA_00757,CGGTTGGTTCCTCTGCAATG
sgRNA_00758,GGCGCTCACATACATCTCTG
sgRNA_00759,GAAGGATTCAGTGAGAGAGG
sgRNA_00760,AGTGATTCACGAAGCCCCGT
sgRNA_00761,AGACCTCATAGCCAGCACAG
sgRNA_00762,TGGAGCAATAGACAGGAATG
sgRNA_00763,GAGGTCGAGAAGCTGCTCAA
sgRNA_00764,GCCAAGATGGAGCAATAGAC
sgRNA_00765,GACAGGAATGAGGTTGTCAG
sgRNA_00766,GGCCACTATCCAGAAATCAG
sgRNA_00767,GACACAGAGCTTCTGTATCC
sgRNA_00768,GACCACTGATTTCTGGATAG
sgRNA_00769,AGTCTGGCTCCATCTCATAC
sgRNA_00770,GGGTTCTACAGTGAGCACCC
sgRNA_00771,ACTGTATGGACATAGCTCTG
sgRNA_00772,GCAAGCTCAGGTCTTTGAGC
sgRNA_00773,GCTGCAGGCGGGTTGCATGG
sgRNA_00774,GTTCACAAAGGATCCACCGC
sgRNA_00775,TGGGCCCGCTGCAAGCGTCT
sgRNA_00776,GGAGATCCTAGGTTTCTCTG
sgRNA_00777,GATACTGAGCCAGCTTGCAA
sgRNA_00778,GACGAGTGTCCGTTGCAAGC
sgRNA_00779,AGCCTTGAAGAAGAGTGGAT
sgRNA_00780,GGTGCAGAAGCCCCTCACAG
sgRNA_00781,AGATGCCGACACCATACTGG
sgRNA_00782,GACTGTGTCCAGCAGACGCC
sgRNA_00783,AGCACACTCAACCAGCGTGC
sgRNA_00784,CAGAGATGCCGACACCATAC
sgRNA_00785,GCAGAGTCTGGACTGACGTG
sgRNA_00786,GATGTAGTTGAACATCCCAT
sgRNA_00787,GGGCACAATCCACACCCAGT
sgRNA_00788,GCCAGGAGGAGCACACCCCG
sgRNA_00789,ATGGGGCAAGAACCCCACAA
sgRNA_00790,GCTGCTTGTAGCCGGCATAG
sgRNA_00791,GATGTTGATGGGCAGCACGA
sgRNA_00792,GATAAGGCGTCCAGCAGAGG
sgRNA_00793,GAAAGTGTTGTACTGGTCGA
sgRNA_00794,AGCGCGTGCTGTCAGTCTGG
sgRNA_00795,GAGCGCCGACCGATACCTGG
sgRNA_00796,GCCCGGCAACATCATCCCGT
sgRNA_00797,GCTGCCGAGCGACTTCCGAG
sgRNA_00798,GTAGTTTGTACGGAGAGGAA
sgRNA_00799,TGGCACCCCATTAAGCCAGG
sgRNA_00800,AGGGTGACTGAGCTGGAGCG
sgRNA_00801,AGTGCCTCAAAGTGGGCATG
sgRNA_00802,GCTTCTCACATACTCCTCCA
sgRNA_00803,ACCTGACGTGAATAGCACGA
sgRNA_00804,GAACACTGGATGGACATGTA
sgRNA_00805,TGAATAGCACGATGGCTTTG
sgRNA_00806,GCTTCTGGACACGTCAATGG
sgRNA_00807,AGTGTCGGGATGGTTAAGGA
sgRNA_00808,GAAGGCACTGAAGTCGATGC
sgRNA_00809,GAAATCTGCAGTACTGACAT
sgRNA_00810,GCATTCATCATACAGATCGG
sgRNA_00811,GCATACAAGGAAATGGAGGG
sgRNA_00812,GCTGCCTGGCGGAGTCAGCG
sgRNA_00813,GGGACGATTAAAAAGGGTGG
sgRNA_00814,TTTGCATACAAGGAAATGGA
sgRNA_00815,GGTGGGACGATTAAAAAGGG
sgRNA_00816,AGCATAAAGAGGCAAAGTTG
sgRNA_00817,GAAGCGGTAATAAAAATGGG
sgRNA_00818,GATGTCCTAATGGTCAACAC
sgRNA_00819,GGTACTGAAAGCCAACTCAT
sgRNA_00820,ACACCGAGGCTGGAACAGCG
sgRNA_00821,TGGAGGGACCCACAGATTGG
sgRNA_00822,GATCCAAGTAAACCCAAATG
sgRNA_00823,TGTCCTTCTGGGGTTATGGG
sgRNA_00824,GACTTCCAGATACTGGAGTG
sgRNA_00825,AGCCCCAGCTCAGCCTAGGA
sgRNA_00826,TGGACCTGGTTATAAAATAC
sgRNA_00827,TGACAGAGGAAGCTATGGCC
sgRNA_00828,AGAGTCGTAACTCTCCAGCG
sgRNA_00829,GGAGTGACGAAAAGTGGCAT
sgRNA_00830,GCAGTTAGAAGAATTCGTGC
sgRNA_00831,GTCGCTTTGTATCTACTGGA
sgRNA_00832,AAAGATGGTAAGCAGCTCTA
sgRNA_00833,GGATCCAGCTGATCCAACGT
sgRNA_00834,AGGAGCGAGGAGTACACCTG
sgRNA_00835,GAAGATGACGAGTTCGACAT
sgRNA_00836,CCGGCAGGGAAACAGAACAC
sgRNA_00837,TGTGGATGAGCAAGCACTGT
sgRNA_00838,CTGTGGATGAGCAAGCACTG
sgRNA_00839,GACACAAACACAGAGAGGGA
sgRNA_00840,AGTGCTTATCACCTCAAGAG
sgRNA_00841,TATCAGTGGGTTCAGCACTG
sgRNA_00842,TGATAGCAGTGTAGCGAAGT
sgRNA_00843,GGCCATCACAGCCAGCAAGA
sgRNA_00844,GATGCAGCCTAGGAATGATA
sgRNA_00845,CACAGGCAGTATATCCATGG
sgRNA_00846,GACTGGCAGTAGAACACACT
sgRNA_00847,AGGATACAGCCGCCAACTGA
sgRNA_00848,TGAGAGAGAGAGGTGTTAGG
sgRNA_00849,GAAAGTGGTCTATGACATAG
sgRNA_00850,GCAATAATTCCATAGAAAAG
sgRNA_00851,TTAGCAGCTTCATGCTGGAC
sgRNA_00852,ATCCTGTAATTTATACGCTA
sgRNA_00853,TCTCAACTCAGTGTTGCACA
sgRNA_00854,AATTTATACGCTAAGGAATA
sgRNA_00855,TTCCTTAGCGTATAAATTAC
sgRNA_00856,GGGCAGGTGGAAGGTCAGAA
sgRNA_00857,AGGCTGCTAACCAGCTGCAC
sgRNA_00858,TTCCTCAGTGCATAAATTAT
sgRNA_00859,GAAAGGATGATGCACAGGAA
sgRNA_00860,GCTGGTTAGCAGCCTCATGC
sgRNA_00861,AGAATGCAGACGTTGGTCCA
sgRNA_00862,ACATGGGAGAATGCAGACGT
sgRNA_00863,AGCAGAGATCCAAAAAAGAG
sgRNA_00864,AACATGACTACAAACAAATG
sgRNA_00865,AAACAAATGTGGTAGACAGG
sgRNA_00866,GTAAGGGTAAAAGTAACACG
sgRNA_00867,TGATGGCAGAGTAACGGAGT
sgRNA_00868,AGGACATCACCACTAGGAGA
sgRNA_00869,TGGGGAATGGAACCATCGTG
sgRNA_00870,TGCATAAGAGACCACAATTG
sgRNA_00871,GCCACACAGGGGTACCCAGA
sgRNA_00872,ATGTGAGAGGGGCAATAAGG
sgRNA_00873,AGAGAGAAACAACAGTAAGA
sgRNA_00874,GCCAGCAGTTGGCAAAAACG
sgRNA_00875,AGAGGTTAAATAGCAGCTGG
sgRNA_00876,AAAATGCTATACGAATGTCC
sgRNA_00877,CAAGCTTAAATAATTGTTGC
sgRNA_00878,TTCAACAACACCAAAGAAAT
sgRNA_00879,GTCATCCTGTTCTTTGTGCC
sgRNA_00880,GATTAGGATGACAGCATAGG
sgRNA_00881,AAAAGGAGTAAGCACACCTG
sgRNA_00882,TGGAGTAGCAGAAATCTATA
sgRNA_00883,GACTACCAGCTCATTTACAT
sgRNA_00884,CAGCACCTATGTAAATGAGC
sgRNA_00885,TGTTGTGGGCATTGATATAG
sgRNA_00886,CTCATGTAGGATGTATATTT
sgRNA_00887,CTGCCTGAGAACATGGAAAA
sgRNA_00888,CCCATCATCTTCCCATTCGA
sgRNA_00889,TGTTTCAGAAAGTTACATGC
sgRNA_00890,TGATGAAAGCATAAGAACTG
sgRNA_00891,GATATCACAGAACAGATCTG
sgRNA_00892,GAAGAATGTCACATAAGTAA
sgRNA_00893,AATAATCTACATAATCACAG
sgRNA_00894,TATCACAGAACAGATCTGAG
sgRNA_00895,AGGATGTCAAGGTGGCATTA
sgRNA_00896,AGATGCTGAAAAATTTATGG
sgRNA_00897,AAGGCGCGAAAGCAGGATGA
sgRNA_00898,GAGAAACACTACCACCAAGT
sgRNA_00899,AACCAGCGTCAACAAGTAAG
sgRNA_00900,AGAGAAACACTACCACCAAG
sgRNA_00901,ACAGTGACAGAGTTTATCCT
sgRNA_00902,TGACAGAGTTTATCCTCGGG
sgRNA_00903,GTCTATGCCGTAGGACTCAT
sgRNA_00904,TAAAATGCTCATCAACTTTG
sgRNA_00905,TGCTGAACCGATGAGTCCTA
sgRNA_00906,GAATCTTCAAGACTGAGAGA
sgRNA_00907,GGCCACGGAGGTCAGGTGAG
sgRNA_00908,GCACAATTAACCATATGCAG
sgRNA_00909,GATAGATGGCCACGGAGGTC
sgRNA_00910,TACAAGTGGAAACTACACCT
sgRNA_00911,CAGGACTAAGGGAATCGAGG
sgRNA_00912,ATCCAGGACTAAGGGAATCG
sgRNA_00913,GTTGTCAGATCACCCAAAGC
sgRNA_00914,GGTCAGCACCCCATAAAATA
sgRNA_00915,GGAAGGAGCCAATCAGTCTA
sgRNA_00916,AAAAAATGATCACCACGGTG
sgRNA_00917,ATCAAGGACTAAGGGAACGG
sgRNA_00918,GGTGGGCGGAGAGGCCCAAC
sgRNA_00919,CCCATAAAAAATGATCACCA
sgRNA_00920,GCTCATCTTGTCAATGTACC
sgRNA_00921,GGTGACAAAAAAGAACATTT
sgRNA_00922,TGTGAGCAGAAAGCAGTTGT
sgRNA_00923,AGCCTGCCAAGGATATGGGA
sgRNA_00924,TCAGGCTGGAAAGCATCCGT
sgRNA_00925,AAGGTTGTAAAAAATCAGGC
sgRNA_00926,GGGGATCTACATAATCACCA
sgRNA_00927,TGTTGAGCCTATGAGTCCCA
sgRNA_00928,GGAAATGAGTACGGTTAAGC
sgRNA_00929,GCCTGTTAGTTAGCCCTCTG
sgRNA_00930,TGGTGATTATGTAGATCCCC
sgRNA_00931,GCTGCCTGGAGAGTCCCAGA
sgRNA_00932,AAGAAAGGCACAAAGCTGAT
sgRNA_00933,GACAAGAGGATGCAAACAAA
sgRNA_00934,GGCTCAACTCTACTTCTGTG
sgRNA_00935,AGATGAGGGGTTGAAATACA
sgRNA_00936,AGAAGAGGGAGACAACGAGG
sgRNA_00937,ATGAGGTGAAGGCTGCATTG
sgRNA_00938,TGGGAACCCGGAGAACCAAG
sgRNA_00939,GATCACAGATCGCCATGTAG
sgRNA_00940,AGGGAAACTGAAAATCCATG
sgRNA_00941,AGCATAGAGATGACACAGTC
sgRNA_00942,GATAGGGAGAAAACCAGAGA
sgRNA_00943,TGATGGCATTCTAAGAATGG
sgRNA_00944,GACGAGGGTTCATAATGAAC
sgRNA_00945,GATGCTACTGCACCCTTCCT
sgRNA_00946,CCAAAACTAAAAATCCACAG
sgRNA_00947,AGCATCTGTTATGTACAGTG
sgRNA_00948,AAGATGGGAATCTGTAATGG
sgRNA_00949,TTTGCAGCTATACTGCTGGG
sgRNA_00950,AAACTAAAAATCCACAGAGG
sgRNA_00951,AGAAGATAATCACAACAGTG
sgRNA_00952,AGTAAGACAGGCGAGAAATG
sgRNA_00953,TGGACAGCTGATCTCCTTTG
sgRNA_00954,AGAGCTTACAGACTTTATCC
sgRNA_00955,TGTTGGGGCCACAGTAAGAC
sgRNA_00956,AGAAAAGGGCTACTACAGAG
sgRNA_00957,GCAGGAAAGTCGGAGAAGTG
sgRNA_00958,AGAATACCAGACGGGCCATG
sgRNA_00959,ACACAGATAGACTCCAATGG
sgRNA_00960,GAGGCCAGGATGCAGACAAA
sgRNA_00961,AGGATGTGAAGAAAGCATTG
sgRNA_00962,TAGAACAGGAGAGATTGAGC
sgRNA_00963,GAAATAATGGCTTATGATAT
sgRNA_00964,GCATTGGGGAGATTCTTTGT
sgRNA_00965,TGAACCCTCCAATAATAAAT
sgRNA_00966,ACTCTGCAATACCAAATATG
sgRNA_00967,TTCAATGATAAACGTATTAG
sgRNA_00968,GGAGTGAATGCAGAGGATGG
sgRNA_00969,CATCCTCTGCATTCACTCCA
sgRNA_00970,CATCTCTTACTCTGGATGTA
sgRNA_00971,TAGAAACGGAAGCATAATGG
sgRNA_00972,GGTTCCCCAGCACTGTAATA
sgRNA_00973,CTGCTGTGAAGATTACCAGT
sgRNA_00974,TTGCGGGTCCCATCTCTCAG
sgRNA_00975,CAGCACTGTAATAAGGTACA
sgRNA_00976,AGAGCTCATATGGTAGACAG
sgRNA_00977,AGTGGCCAGAATCCGCGCAT
sgRNA_00978,TTGAGCTGTGCATCCCACAA
sgRNA_00979,TGATAATCCAACAGATCCGG
sgRNA_00980,GTAAGAGTGTGGTACCATAT
sgRNA_00981,GACAACCATAGTAAGGTGAG
sgRNA_00982,AGCACAGGACAACCATAGTA
sgRNA_00983,GACGACAGCAAGGGTTTCAC
sgRNA_00984,AAGGAATAAAGAGGTTAAGG
sgRNA_00985,AGCCAATCTGACGACAGCAA
sgRNA_00986,TTGAGTGAGGCACTGCATGT
sgRNA_00987,TAAAAAAATAGACTTGAGTG
sgRNA_00988,GACAGGAAACACACATAACA
sgRNA_00989,CATCAGTCCCAGCTGAACTG
sgRNA_00990,AACACATGTCTACAAATGAG
sgRNA_00991,GATGTACTTCATGATAGGCT
sgRNA_00992,GGCATGGTCTCACATGAGGG
sgRNA_00993,TGTGGAAAAGACCCGGACGT
sgRNA_00994,TGTTCCCAAACACTGTGATG
sgRNA_00995,GCACAGATGTACTTCATGAT
sgRNA_00996,ACTCCGCAATTGCAAATATG
sgRNA_00997,TTTATATGATCACTGTAGCA
sgRNA_00998,TGTAGGAAGTAATAATGGTC
sgRNA_00999,AGAATGAATGATATGACATC
sgRNA_01000,ATCACTGTAGCAGGGAATTT
sgRNA_01001,CCCCACTAAAGTGAACACAC
sgRNA_01002,CAGGAGAAAGCTGACTATCC
sgRNA_01003,AAACTACCAAGGCTTGTGGT
sgRNA_01004,CCTGTGTGTTCACTTTAGTG
sgRNA_01005,AAAGTCATTCTTGTTTGGTG
sgRNA_01006,TGTGAGAAAGCAGCCTAACT
sgRNA_01007,GAGTGTGAATCAATGCCATG
sgRNA_01008,ATGGCAATAGGATAGGCGGA
sgRNA_01009,TTGTGACCATATACAATAGA
sgRNA_01010,GGTATCAGAGTGCTTGCTCC
sgRNA_01011,GAACATGACAAGTAAAATGG
sgRNA_01012,GAAGGGGGTGAGGACTGTGT
sgRNA_01013,GGCATGTGGAGAGAATGTAC
sgRNA_01014,ATGTGGAGAGAATGTACTGG
sgRNA_01015,GGTTGCCTAGCAGAGTGAAG
sgRNA_01016,GAATGGGATAGTGAAGTGGG
sgRNA_01017,TTATAGCTTGAGGAACAGGG
sgRNA_01018,GACATTTCCACAGAGCGCCA
sgRNA_01019,AGACACAGCAAGCAAAGAGC
sgRNA_01020,TGATGGAATAATTCAGATGG
sgRNA_01021,GGTGAAGAGGATGTCAACAC
sgRNA_01022,AGAATAGGGCCACCACAGAA
sgRNA_01023,GAGGATGTCAACACAGGAAA
sgRNA_01024,TTGGACCCTTACAACCGTTG
sgRNA_01025,TGTCCATGTCTCCAAAAGTC
sgRNA_01026,TAAGTGCATGATAATGCAGG
sgRNA_01027,GGACTTGAGGTAAATTATGG
sgRNA_01028,GGAAGGCTGAGAAACCAAAG
sgRNA_01029,TGAGGGGTGTGACACACACC
sgRNA_01030,AGCATGTCAGACAGCATTCG
sgRNA_01031,GACAATAGGGAAACCAATGC
sgRNA_01032,AGAGAGAGTGTGGATAAAAT
sgRNA_01033,AGGATGGTGGTATACCTTAG
sgRNA_01034,GAAATGTTGAGCCACATTGA
sgRNA_01035,TGTCTGCAATGCCTTCAATG
sgRNA_01036,GCACTGGGAGCACTGCTCAG
sgRNA_01037,GAACATGGGAATGGCAGTAT
sgRNA_01038,AGAAAGGGATAGAGATCCAG
sgRNA_01039,AGAACATGGGAATGGCAGTA
sgRNA_01040,ACCAGAGGGAGATTGCACAA
sgRNA_01041,TGGAGCTGGTGCATTACTCA
sgRNA_01042,TTTGATGAGTAGTATGGATG
sgRNA_01043,ATTTGATGAGTAGTATGGAT
sgRNA_01044,CATTTGATGAGTAGTATGGA
sgRNA_01045,AGAGAGTCACTAATGTTTCT
sgRNA_01046,CTATGTGCGAATCTTCATCA
sgRNA_01047,GAGCAATATCAATGGAAATG
sgRNA_01048,CATTTGATGAGCAATATCAA
sgRNA_01049,TGATGTTCACAGGGGTTTCT
sgRNA_01050,AGATGGCAAAGGCAACAAGG
sgRNA_01051,GGGGAACACAGCCATCGTGG
sgRNA_01052,AGGTACATGACTGAGCACAG
sgRNA_01053,AGGCCATGACGGCCAACAGC
sgRNA_01054,ATGAGCACGGGGTACCTGAG
sgRNA_01055,GACGGCCAACAGCAGGCACT
sgRNA_01056,CATCTTGGGAGCAACAATGG
sgRNA_01057,AACAAAAATCCACAAAAGAG
sgRNA_01058,AATCTAGTTACAATGAACAG
sgRNA_01059,GATGGTTATAGCTGTCAGAT
sgRNA_01060,ATAGGATCCCAATACCAGCA
sgRNA_01061,TGGTGGGATCCTACGCATGG
sgRNA_01062,GGACAGTGACAACAATGAAC
sgRNA_01063,CCAGAAACTCTGTATCACAC
sgRNA_01064,GGTGGTGGGATCCTACGCAT
sgRNA_01065,TGTGCTGACAGCATTAAATG
sgRNA_01066,TGAGTAGCAAATGTCAACGA
sgRNA_01067,ACAGCATGGTCACTGCCATG
sgRNA_01068,GGGTCTCTGCATGCGCATGG
sgRNA_01069,GCAAAAGTGGAGCTGAAATA
sgRNA_01070,GGTCACTGCCATGAGGTGCG
sgRNA_01071,GATCTTCTGAAAGACCAATA
sgRNA_01072,ATGATGACTGTGTAGTTAAG
sgRNA_01073,TCCAAGATAAAAGAACCAGA
sgRNA_01074,AATAAGGAGGAAATGTACTA
sgRNA_01075,CCAGAAGGCCACAGATTCGA
sgRNA_01076,AGTATGAATGAAAAACATCT
sgRNA_01077,GGACAGCAGCGTGACGCAGT
sgRNA_01078,TGGAATACCAATAAGCAGGA
sgRNA_01079,GTCCTGGAATACCAATAAGC
sgRNA_01080,CCGGGAGTCAAACCAAAAGA
sgRNA_01081,GCTCTGGAGAGGCTATTAGA
sgRNA_01082,ATGTGAAGAAAGCTCTGGAG
sgRNA_01083,AAGTACATGGGTGTGTGCAG
sgRNA_01084,ACAATGAATGTGTAATACAA
sgRNA_01085,GTACAAGATTCATTATGAGG
sgRNA_01086,GATGGTGGGGACAGAAGGGC
sgRNA_01087,AGGACAGTCGAATCAAAGCA
sgRNA_01088,GCTTTGATTCGACTGTCCTG
sgRNA_01089,ACAGAAGGGCAGGCGCAGAG
sgRNA_01090,GGCCTGGACGATTGGCCTAG
sgRNA_01091,AGGAGAGTCGAATTAAAGAT
sgRNA_01092,TTAAAGATGGGACTTCACAC
sgRNA_01093,AAGCATGGAAAAAGGCTTTG
sgRNA_01094,GATTACTGAGCTGTAGAAGA
sgRNA_01095,GGTCAAAAGACATCACTGTC
sgRNA_01096,TGTTGCTAGTATCTTCATTG
sgRNA_01097,AGGAGGTAAAAAGAGCATTC
sgRNA_01098,CCAGTTGGCAGGTATAGCTT
sgRNA_01099,GAAAGTTGTCTATCTGCCTG
sgRNA_01100,CCCAAGCTATACCTGCCAAC
sgRNA_01101,GGAACAGAAGGGCAGTGTGA
sgRNA_01102,TGAGGCTCAGAGGTACAAGC
sgRNA_01103,AATGACTGAGCTGTAAAAGA
sgRNA_01104,TGGTGTCCCCACAAGAGAGT
sgRNA_01105,AAGAGAGTCGGATTAGAGAT
sgRNA_01106,GCCATAAAATAGGCAGACCG
sgRNA_01107,AGACAGCGGGGTGCGCACAG
sgRNA_01108,AGGTGGCAGAGCCATAAAAT
sgRNA_01109,TGAGGGGGAAAACTCCAAGA
sgRNA_01110,GACGGCCAGCAGCACGCACT
sgRNA_01111,AGAGAGACACCACTACCAGG
sgRNA_01112,CGAGCTGCACACAAACCCTG
sgRNA_01113,GGGGCACAAGATGATAAGGG
sgRNA_01114,GGTCTTGCGGGGCTCTAGTG
sgRNA_01115,AGAAGTGAGGGACAGCGTTG
sgRNA_01116,TGAACACAGAAAAAAACAGG
sgRNA_01117,GGGGCCACAGAATCTCAACT
sgRNA_01118,GCAGCCAGCCACAGATATGG
sgRNA_01119,TGAGGTGTGGGTATCGTAGA
sgRNA_01120,CAGCAGAAAACACTCATCTG
sgRNA_01121,ATGCAATCCAATCCAGAACG
sgRNA_01122,GTAACTGGCCACCCAAAGAT
sgRNA_01123,CGATGCAATCCAATCCAGAA
sgRNA_01124,CGTTCTGGATTGGATTGCAT
sgRNA_01125,AACTGTGCATACCTTCAAGA
sgRNA_01126,GAGGTCCGTGAACACCAGGC
sgRNA_01127,TCGCACAGAGGGTTCTATGC
sgRNA_01128,GCAGGCGATCTTCGCACAGA
sgRNA_01129,GGAGGTCCGTGAACACCAGG
sgRNA_01130,GCGGGATGGAGAGCTCTGGT
sgRNA_01131,GAGCACTGTGTACACCACAC
sgRNA_01132,GGGGAACACAGAATCACTCT
sgRNA_01133,AGTGCCCGGCACAATATCCT
sgRNA_01134,AGAATCAGGCGAACCTCACG
sgRNA_01135,GTGTGGTGTACACAGTGCTC
sgRNA_01136,GGGTGATCTCGTGCACACTG
sgRNA_01137,GCCCTGAAGGTGGTCCACTG
sgRNA_01138,GCACATGAACCACTGGACGC
sgRNA_01139,TCTGCCACAAGGCATTTCGG
sgRNA_01140,TGAGACCGTAGAGGCCCTGA
sgRNA_01141,GTGAGAGGAAAAAAGCATTG
sgRNA_01142,TGGAAGCGTAGGTACGATGT
sgRNA_01143,GGAAAAAGGATGGAAATACA
sgRNA_01144,AAGTTCAGCAATTACAACCA
sgRNA_01145,TGATCTTGGGTACAAACAGA
sgRNA_01146,ATGGGAAGGAGTATCCCTTG
sgRNA_01147,GAAGGGCTCCCGGCGCACGT
sgRNA_01148,TTGGGGAGAATCCTCATCGG
sgRNA_01149,GGTGAGGTAGAGTACTGCAT
sgRNA_01150,GCTCCCGCTTCAGTACCTCG
sgRNA_01151,TGTCACAGGGCCGCACACCC
sgRNA_01152,GGGGGTGTGAACCAGCTCGG
sgRNA_01153,CGTGGTGAGGCAGCGCATCG
sgRNA_01154,CAGTGGGGGGCACATGAGGG
sgRNA_01155,ACAGGGCCGCACACCCTGGT
sgRNA_01156,GATGTGTTTCACCACAGTAG
sgRNA_01157,GATGCCCAGAATGTCCGTGA
sgRNA_01158,AGCTCCCGGCAAAATCGAAC
sgRNA_01159,CGTGCGAGACCCGTAGCTGG
sgRNA_01160,GGCGGCTGATGTCACAAGGT
sgRNA_01161,GGGCTTCAGGAACATCAGGT
sgRNA_01162,GTTGGAGTCGAGCACTCGGA
sgRNA_01163,GCCGGGTGCCTACATTTACG
sgRNA_01164,GCACCGCTACGTGCTGACCG
sgRNA_01165,GATGCTGAGCACAATCCCTG
sgRNA_01166,GACCCCCGAAGGCCTCTACC
sgRNA_01167,GAAGTGTACACCGTAGACGT
sgRNA_01168,GTTCTGGAATGCTCACATGA
sgRNA_01169,GACCAGGCAACGGTACTGCC
sgRNA_01170,CAGGTACTTGTAGTCCCAGG
sgRNA_01171,GCTGGAGAACCATCACCTCG
sgRNA_01172,GGTGCCCAGCAACACGTGTG
sgRNA_01173,ACACGACGTAGACCACCCGG
sgRNA_01174,GTGTGCGGACTGCACCACAT
sgRNA_01175,CATGTGCTTAGACATATCTG
sgRNA_01176,GAACTTCATGAGCTGTACGA
sgRNA_01177,GATGGGCGACAAGTGGAATG
sgRNA_01178,AGGGGTACTAACCATACACA
sgRNA_01179,GCAGTGTGTGACCCTGTGAT
sgRNA_01180,GCAGGCTACGCCCATTGGAA
sgRNA_01181,GGGGCACCCAGTTCGCTACG
sgRNA_01182,GTGGTGATCTCACACACAGC
sgRNA_01183,AAGGTGATGCCAATAGACAT
sgRNA_01184,GGGCACGATGAAACTGCAGG
sgRNA_01185,AGGCGGCTAGAGCACTCGGA
sgRNA_01186,TGTGTATAATGAGTGCACAT
sgRNA_01187,GATTATCATAATCAAGTCCG
sgRNA_01188,GAAGGGACAAAAGAATCACA
sgRNA_01189,CATGTGCACTCATTATACAC
sgRNA_01190,GCAGTCCTGAGGGTAAGGAA
sgRNA_01191,GACACTGGGAGCTACAAGTG
sgRNA_01192,GATGTGATCATTAACACCCT
sgRNA_01193,GGCAACCTGGAGTTCTATTG
sgRNA_01194,GGTGTTAATGATCACATCAC
sgRNA_01195,GAAAGAGAGATACAGAATGT
sgRNA_01196,GGACCAGGACAACTCCACGC
sgRNA_01197,AGGTCCGGATGGCATCTGAG
sgRNA_01198,CGGCAGGTCTATCAGCTGGG
sgRNA_01199,TGGGCACCTCGGCGTCCAGG
sgRNA_01200,GAAGCATTCGTACGCCAGCG
sgRNA_01201,GAACCAAAGCGGATCAGGGA
sgRNA_01202,TAATACCTGGAAACCCATGT
sgRNA_01203,GGAACCAAAGCGGATCAGGG
sgRNA_01204,TGCCAGAGACAATTGACTTG
sgRNA_01205,TGAGTGGATCAAAGCCATCC
sgRNA_01206,TGCTGGGGAACAAAGAGCGC
sgRNA_01207,AGCGGGCTGACAGCTTGTAG
sgRNA_01208,GGTGTCAGGTGGAATGCCGG
sgRNA_01209,AGGGTGCAGGGGCCCTGGTA
sgRNA_01210,CGAGGCGGGGCATAGACCTG
sgRNA_01211,GGACAATATGACCTGCATGG
sgRNA_01212,GGGCTGGCGCGCACGCATGG
sgRNA_01213,TGCCAGGTAGAGGAATCGCG
sgRNA_01214,GTAAGCTTCAGCAATGACAG
sgRNA_01215,TGTGCCAGGTAGAGGAATCG
sgRNA_01216,AGTGTGGTTGAACTCGACAG
sgRNA_01217,TGAGCATGTAGCGCCCACTG
sgRNA_01218,TGGGCGCTACATGCTCACGA
sgRNA_01219,GCTCACGAGGGATTACCTCA
sgRNA_01220,GATGCCAGAGGTTGATGCGT
sgRNA_01221,GTCCACCTGAGAGTGCACAG
sgRNA_01222,GAAGTGGTGGAACTCCTCTC
sgRNA_01223,GGATAGGATAAACCACCCGA
sgRNA_01224,GGTCCAAAGCGTGTTCCCTT
sgRNA_01225,AGTAAGGAGTACATACCGAA
sgRNA_01226,AGCCGGAAGTAAGAGCACCG
sgRNA_01227,TGAGCAGACAAATCACCAGG
sgRNA_01228,GAGCAGACAAATCACCAGGA
sgRNA_01229,GTTCGGCATAGGGAAAGCCA
sgRNA_01230,TGACCTTTGAGCAAGTCTAC
sgRNA_01231,GACTGAGATGAACACATACG
sgRNA_01232,GCATTCCGATAGAAGCACCA
sgRNA_01233,CGAGTGGAGCTGTACCACGC
sgRNA_01234,GCCCAGGGCAAAGTAGACTG
sgRNA_01235,TAAACAGGCTGGCAAAACGT
sgRNA_01236,GGGCCCCGTTGACATTGCAC
sgRNA_01237,GATAACTGTCACGAGTCCAA
sgRNA_01238,TGGATGCAGGGCTAAGTAGG
sgRNA_01239,TGACCTGTGCAATGTCAACG
sgRNA_01240,GCGATGTAAAGCAACTGTGC
sgRNA_01241,GATTTGGGAGTACCGCATCT
sgRNA_01242,TGTTCCAGATGATCACAGCC
sgRNA_01243,GCCTTCGCTAGTTCAAACTC
sgRNA_01244,TTCAGGAGATGCGAACACAG
sgRNA_01245,AGTTGTAGATAAAGGACCCT
sgRNA_01246,AGTTGGAGGACACAGCACAT
sgRNA_01247,AAGGCGACAGAGGTGTCTGA
sgRNA_01248,TGTGACCATGACAATAACTG
sgRNA_01249,GTAGCAGAAATCTTATATCG
sgRNA_01250,AGAATACTGGCCAAGCATGG
sgRNA_01251,TGGGTGGTAGTACCCCCCTG
sgRNA_01252,GCTGAGGCGACGCCAAGCCA
sgRNA_01253,GCCTCAGCCATGCCTCAGGG
sgRNA_01254,CAGCACCCAGGCGAGCTGGG
sgRNA_01255,GCTGCCTGGGATGACAGCGC
sgRNA_01256,GCAGTTGGTCAGCATAACCA
sgRNA_01257,CTGGTGGAGGAACACATACT
sgRNA_01258,GGAACAGCAGAGCCACACCC
sgRNA_01259,GTTGCGCCAATTCCACTACC
sgRNA_01260,CGTCAGAAAACTGGACAGTG
sgRNA_01261,GACCATGTCAATAAGGATGT
sgRNA_01262,GTTGCCGGAGCACACCTTGT
sgRNA_01263,GAAGTCCAGCAGCGGCCGGG
sgRNA_01264,TGAGCCTGGTGGCTGGAGTG
sgRNA_01265,GTACTCTGACCTCATAGACG
sgRNA_01266,GGTACAGCTGAATCTCATAG
sgRNA_01267,CAGACCAGAGAGCACAAAGC
sgRNA_01268,ACAGAGATTCAGGCGCACGG
sgRNA_01269,GTCGAATCCTGTCACATCCG
sgRNA_01270,GCTTACCTGCGGGCAGCCAG
sgRNA_01271,GATGATTCAGAACACACAGG
sgRNA_01272,GCTGATGATTCAGAACACAC
sgRNA_01273,GAACCACAGCGTATGCATGC
sgRNA_01274,AATCCAGCCGCAGAACACAG
sgRNA_01275,AGGTTGTGGTATGAGAACCC
sgRNA_01276,GGCGGGTACGCACTGTCTGT
sgRNA_01277,TGTGATGGTGGACAGTAAGC
sgRNA_01278,ACAGTAAGCCGGTGAACCTG
sgRNA_01279,CTTACTGTCCACCATCACAT
sgRNA_01280,GCTGTGGGATACCGCAGGTC
sgRNA_01281,GTCGATGGAACAGTTCATGA
sgRNA_01282,AGGCCAAGCGCAAGGCAAGT
sgRNA_01283,GCTCACGATGGCGTCCACAA
sgRNA_01284,GCGCCCTGTAGAGCTCACGA
sgRNA_01285,CTGGCCTCAGGACCTCGTGC
sgRNA_01286,GCTGTTGAAGGAGTGGACGG
sgRNA_01287,GAAACACCGGACCCGCATGC
sgRNA_01288,CGAGCCAGAAGGTCATGAGG
sgRNA_01289,GCAGCTGTTGAAGGAGTGGA
sgRNA_01290,GCAGCTGACTCACATTGAAC
sgRNA_01291,GAAGTGTGTGCAGACATGGT
sgRNA_01292,AGTCCGTGTCGATGATCCAG
sgRNA_01293,GCAGGAGTACTGCAGAGCGA
sgRNA_01294,CTTGCAAAAAGAGACCCTCG
sgRNA_01295,TGACCACTGGATCATCGACA
sgRNA_01296,GCTCATTGAAAGAACCATGA
sgRNA_01297,GATGTGGCGAACCATGCCTG
sgRNA_01298,AAAACCTGTAAGTTACACGG
sgRNA_01299,TGCCCGTGTCTACAAGGTAA
sgRNA_01300,AGCTCGCGACCGTCACAATG
sgRNA_01301,GTCGAACTCGCACAGCACGT
sgRNA_01302,CGTGCTGTGCGAGTTCGACG
sgRNA_01303,GCTCTAGGTGCTCCTCATAG
sgRNA_01304,AAGGTGCAGACTCAGTGTAC
sgRNA_01305,TCGGCGAGGTCACCTTTCCG
sgRNA_01306,GATCTGCTGGAAACGTTCGC
sgRNA_01307,TGAAGTAAGCCAGACCCCGT
sgRNA_01308,GCTGGGCCCAGTCCTTTGAG
sgRNA_01309,GGATCAGGATTGCACCGTGC
sgRNA_01310,TGCTGCGTGTATCTACCTGA
sgRNA_01311,TGTGGCCACAACCAGCACCG
sgRNA_01312,GGTGAAGCGCACCAACAGTG
sgRNA_01313,TGTGGGGAAAACCTCACTGT
sgRNA_01314,GTTCAGGAACGAGTTATGGT
sgRNA_01315,TTGATGCAGGAAGCCCTGTG
sgRNA_01316,TGAGTTTGGAGACATCCTTC
sgRNA_01317,GGACTATGCTGAATATCATG
sgRNA_01318,GAAAAGGAGAAGTATCAAGG
sgRNA_01319,AGAGGTATGAAGGAGAACGC
sgRNA_01320,GTCAAGGCCAGAGTTCACAT
sgRNA_01321,GATTAGAAAAAATTCACCTG
sgRNA_01322,GATGATCTTCCGGGGAACCG
sgRNA_01323,GATGACGAAGATCAGTGCCC
sgRNA_01324,AGGCCCTGGTCACTGTGAGA
sgRNA_01325,TATTGCAACCGACAGCACGC
sgRNA_01326,GTGGTAGTTGACACTCACGG
sgRNA_01327,AGTTCTCACCCTCAATTAGG
sgRNA_01328,AGTGGTAGTTGACACTCACG
sgRNA_01329,GCTTGTGAGATTCTGCAAGG
sgRNA_01330,CAGGACAGGGGTGAATACTT
sgRNA_01331,GGGGCAGGAGGTCAGCATGC
sgRNA_01332,GACGTGCTGGCCGACCACGC
sgRNA_01333,GCCGCATGGACGAGGCCGTG
sgRNA_01334,AGGAGGCGCCGTAAAAGAGG
sgRNA_01335,GACCCCAGGATGCACTACCC
sgRNA_01336,AAGTCTAGGTAAAAAAGTGA
sgRNA_01337,GAAGTCTAGGTAAAAAAGTG
sgRNA_01338,TGGACAATGAAGAAAAAAGT
sgRNA_01339,GGGATGCTGAACAATAAAGT
sgRNA_01340,AGGGGCTGTCATCATCCAGT
sgRNA_01341,AGACGGAAATTATGGCAGGG
sgRNA_01342,GACATGCTGAAAGAAATATA
sgRNA_01343,TTACTGCCGCAAGCCCTTGG
sgRNA_01344,AGCCAAAAGCCACAATTAGC
sgRNA_01345,TGTTTATACAAGGACATATG
sgRNA_01346,GCTTACCCAGCCAGAAATGC
sgRNA_01347,GAAGATGGCGAAGCTCTACA
sgRNA_01348,AAGTCACCATAGGCACCCTG
sgRNA_01349,GTCCTCTGGGATAAGTGTAG
sgRNA_01350,TGAACCATCAGAGCTCATGA
sgRNA_01351,AGGCAGCAGAAGCAGAATAG
sgRNA_01352,GCCTCCACTTCACTCCACAC
sgRNA_01353,TAAACAAACAGGCCGATGTG
sgRNA_01354,GCACTTGAGGAGTCTGCCTG
sgRNA_01355,GCAGGGATACCGAGGCGAGC
sgRNA_01356,GCAGACCTTTGGCATCCAGA
sgRNA_01357,GCAGTATGAACACACCGTGC
sgRNA_01358,AGACACTCGGAGGAAGATCA
sgRNA_01359,CAGCTGCCTGTGGAATACGG
sgRNA_01360,CGATGATGTCGTACCAGACA
sgRNA_01361,GAAAAATGTCACCAACACCG
sgRNA_01362,TGGCCAGAGAAGCCAAGATG
sgRNA_01363,GTTCCGCACTGGGTACATGT
sgRNA_01364,AGTGCGGAACTACTCCCCCA
sgRNA_01365,AGGGAGTTCAGATCTCATCC
sgRNA_01366,GCAGATGAGCACCTCTACTC
sgRNA_01367,GCTGGGTGCAATATGATGGA
sgRNA_01368,GGAAAGTGCTGACCATCGCT
sgRNA_01369,CTGGATGTACCACTCAACAG
sgRNA_01370,GTATAAGTCCGTGTACCCAG
sgRNA_01371,TGACTGTGCAGGATGCAATG
sgRNA_01372,GGACAGAAAGAACTTGTCGT
sgRNA_01373,ACGCCGTGGAACATGACTGT
sgRNA_01374,GAGATCCATGATCAGATCAG
sgRNA_01375,AGGCCTGTGAGATGGCGCTC
sgRNA_01376,AGAGCATAAAACGTAGTCAG
sgRNA_01377,GAAATCAGGGCTCTGAAATC
sgRNA_01378,GATTCTGTTAGCAACGCTGA
sgRNA_01379,AGATTCTGTTAGCAACGCTG
sgRNA_01380,GAGCTGAGCAGTAACAACGT
sgRNA_01381,TGGGAGGCTGACAGCTACGG
sgRNA_01382,ACCACAGGATCACATTACAG
sgRNA_01383,GGAGCCAGCTCACACCTGGC
sgRNA_01384,TGATCAGAACAGACCTTCGC
sgRNA_01385,TGCCGGGTACCAAACACTAT
sgRNA_01386,AGGAACTCCAGGGTACAGAT
sgRNA_01387,GATATGTGGACACTGGCAGG
sgRNA_01388,TGGGTGCGTACATGGCACAA
sgRNA_01389,GTACGCACCCATCTGTACCC
sgRNA_01390,CTGGAGAGATACAAACTCCA
sgRNA_01391,TGTTGGGCTACACATGACTA
sgRNA_01392,GATGGGAGAGAAGGTCCACG
sgRNA_01393,GAGGAATCAAAGGTGAAAGC
sgRNA_01394,AGCCCAATTAGAATAGACCA
sgRNA_01395,CATTCTCAGTAGCAGAACGT
sgRNA_01396,GAAAGGGGTACCCTACCTGG
sgRNA_01397,GAAGGTTGGCCACCGTCAGG
sgRNA_01398,AGTAAAGGCGAAAAGATCAA
sgRNA_01399,GGTGCTGAGAGTGCCCTCGT
sgRNA_01400,ACAGGGAGGCAACACACTGA
sgRNA_01401,GTGTAGACGAAGAGGCAAAG
sgRNA_01402,AGACCATGGGGTATCTTCGT
sgRNA_01403,GACAGGATAAAGCCTGTGAG
sgRNA_01404,AGGACATATAAAGAGACCAT
sgRNA_01405,AGGAACTGGCTCCAATATCC
sgRNA_01406,AGCAAGATCAGGATATTCCA
sgRNA_01407,TGGGCAGACATAGCACAATC
sgRNA_01408,AGGTCATCAAGACCCAGCAC
sgRNA_01409,CAGACATAGCACAATCAGGT
sgRNA_01410,AGTGGTGCTCTGGTTCACGA
sgRNA_01411,GAAGGTCTGCATGATGTAGT
sgRNA_01412,CGACTGCTAGAGCCACGTAG
sgRNA_01413,TGTCACAAAGCGCCACGTAA
sgRNA_01414,AGAGGGCAGCAGCAGCACTA
sgRNA_01415,GAATTTGATGCATCACCTTG
sgRNA_01416,GATATACTCCAGGATAACCC
sgRNA_01417,GTAGAAGGAAGAAGGAAACG
sgRNA_01418,GACGCCCAGTAGATGTACTG
sgRNA_01419,GAAGCCACTGGCAATGACGT
sgRNA_01420,TGCCTCTGCAGTTACCACAC
sgRNA_01421,GATGCCGAGACAGACCTGGG
sgRNA_01422,TGGGCTCCCCAGGTATACCG
sgRNA_01423,GACCACTGACAGCCCACTGT
sgRNA_01424,GACGAAGGTAAGGCATAGGC
sgRNA_01425,GCAATGGGCACAAACCGCGA
sgRNA_01426,GCTGCTCACAGGTATAGCAT
sgRNA_01427,GTACTGGAGACAGTGGAAGC
sgRNA_01428,TGTCTGGCCACCGACCCTGA
sgRNA_01429,GCAGCCTGGAGCATGGGCTA
sgRNA_01430,GCAGCCACATGGCCCAGCGA
sgRNA_01431,GATCGCCTCAGCCCGCATAG
sgRNA_01432,GTCGCGCAAGCAGACGAGCG
sgRNA_01433,GGTGGTGGAACGGCGCTACT
sgRNA_01434,TAACTCCAGCATGACCACAA
sgRNA_01435,AGCTCTGCTTACCACAAACT
sgRNA_01436,GTTGTCTGGCAACACCGACC
sgRNA_01437,GGTGTCTAGAGGGACAAGGG
sgRNA_01438,TGCACCTTGCAGCTATTCAC
sgRNA_01439,GCACCAGCGCACTCAAGAGT
sgRNA_01440,GCTGCCAGCAGCCTCGACGG
sgRNA_01441,GTTCCCCGACTACTGCACGC
sgRNA_01442,GAAGATCCCGTTCATCAGGG
sgRNA_01443,GCTGAGCGAGATGATCGCGG
sgRNA_01444,GTTCATGGCGTGCAGCCCGG
sgRNA_01445,TGTGGTCCAAGATCGAGCGC
sgRNA_01446,GAATTTATGATCCTGTGTGT
sgRNA_01447,AAAGCACAGAACACATTCAT
sgRNA_01448,GACATCCCGCCACTGCATCA
sgRNA_01449,CACACAGGATCATAAATTCT
sgRNA_01450,CAGATCTTCGACAATGAAGG
sgRNA_01451,GAGGCAAAAGCGGAGGACTG
sgRNA_01452,CGGAGGAGGAAAACGAAATG
sgRNA_01453,GGACCCAGCATGCCCCAAAG
sgRNA_01454,GGGGCCCTGACCCTGAGCGG
sgRNA_01455,AGAGGCCACAACCACATCAG
sgRNA_01456,GTTCACACTTACCTGCCCAG
sgRNA_01457,AGAAAGGTGATCCTCAGCTG
sgRNA_01458,TGTGATCATGCCCAGGACGG
sgRNA_01459,TGAGCACGGTGAAGATAGAG
sgRNA_01460,AGTGGCCTGGGCTATATCAC
sgRNA_01461,AGAGGCACTCCAGATCACAG
sgRNA_01462,AGACTAGAAGCACAGATGAG
sgRNA_01463,TGGGGGCAGAGGCCTCAAGA
sgRNA_01464,GCTGACAGGGAACTGGCGAT
sgRNA_01465,GCCAAGTAAGCTCTCCAGCG
sgRNA_01466,GTCACCGGAGGCTCACACAC
sgRNA_01467,GAATGTTACTGAGCTCCGTG
sgRNA_01468,GCGTAATGCAAACTTTGTGG
sgRNA_01469,GCCTATGCCAGCCCAGTCTG
sgRNA_01470,GCCGGGGGGCGGTCGGACGG
sgRNA_01471,CTGGTTGTGGAACATCTGTG
sgRNA_01472,ATACAGGGGTGACAGTTGGG
sgRNA_01473,AGAGCATGATCCAGGAACCA
sgRNA_01474,GATACAGGGGTGACAGTTGG
sgRNA_01475,GTAGCCCTGATCAGGAACCT
sgRNA_01476,GCATGAATAAGTCTAAGTGA
sgRNA_01477,GTTGTGCAAAGAGCATTTGG
sgRNA_01478,GACTTATTCATGCAGTCAGA
sgRNA_01479,TGCGCTCAATTAGAAAACGG
sgRNA_01480,AGGAGAGAAGCACGTGGAGT
sgRNA_01481,TGGAGGGATAACCTTCACCT
sgRNA_01482,AAGGGAAGAGAGGAGAATAT
sgRNA_01483,GGGTGACAAAAACAGTATCC
sgRNA_01484,TGAAGGTTATCCCTCCAAGA
sgRNA_01485,TGGCCTCACCATTAACCTAG
sgRNA_01486,GACCTGCGGGGAAGATGTGA
sgRNA_01487,CGGCATTGACCAAACAGTGC
sgRNA_01488,GTGAAATCCAGGGTTTACAT
sgRNA_01489,ATGACGTTTCTGCACAACGC
sgRNA_01490,AGGTTCACAAGGTCCACATA
sgRNA_01491,GCCTCGATAGAGCTGCAGAA
sgRNA_01492,TGGCAGCGAGAATACCAGGG
sgRNA_01493,AATACCAGGGAGGTACACCA
sgRNA_01494,GGATTGAAAATGCTTCAGTG
sgRNA_01495,GTGGGCTGTGCACAAGACCA
sgRNA_01496,ACAGATTAAGGAAAACCGTG
sgRNA_01497,AGGTGAAGCAGATCAACAAG
sgRNA_01498,GGAGGAGATTCAGAAAAAGC
sgRNA_01499,AGTTCGTGGAGCTTCTGAGA
sgRNA_01500,GGCATGCTGCAGAGGTTCGC
sgRNA_01501,TGGATTGTGGAGCAATGTGT
sgRNA_01502,GAAGCATCACCTATGGACTG
sgRNA_01503,AGCAGCCAGAGGGTAATAGA
sgRNA_01504,GCCAGACCTGAACACCAAAG
sgRNA_01505,GACCCTACCTGGATCCAGGG
sgRNA_01506,GAAATCTATAAGCAAAAGAT
sgRNA_01507,TGACCATGTGAAAGGATGGT
sgRNA_01508,GGTGTTGAATGATGGTTCGC
sgRNA_01509,GGTTTGACCATGTGAAAGGA
sgRNA_01510,TTTCTGGACAAACAACTGTA
sgRNA_01511,ATACTTAAGGAAAAGCACGT
sgRNA_01512,GCCGGGGCTGGACATCATCA
sgRNA_01513,AGGGCAGGAAGCGGTACGGG
sgRNA_01514,TGCTGGAGTACCCACAGCCG
sgRNA_01515,AGACACATACCCCGACCCAC
sgRNA_01516,GCAATGCGGGTGAAGATCTC
sgRNA_01517,TGGAGTCATACGCATTCTGG
sgRNA_01518,GTAGGAAGGAGTCCTAGGTG
sgRNA_01519,TGATGGAACAGGCTTGATGG
sgRNA_01520,GATTCCAGGGATATCTTCAA
sgRNA_01521,GGTGAGGTGGGCGATGTAGG
sgRNA_01522,ATGCGATCAAGACTGTATAT
sgRNA_01523,GCTCCAGGAAGGCGTGTCGC
sgRNA_01524,ATATACAGTCTTGATCGCAT
sgRNA_01525,GCGGGTGAGGTGGGCGATGT
sgRNA_01526,GATACTTACCAATTGTGCAG
sgRNA_01527,TGTCTGAAAAGAGAACACTC
sgRNA_01528,TGGTAGCCGGAGCACAAAGT
sgRNA_01529,TGTGATTCGAGGCCAAGTGG
sgRNA_01530,GAAACAGAGATACCAGACAT
sgRNA_01531,GGGTAGCGAAGCCCAGACAT
sgRNA_01532,GTAATCCAGAACCTTCGAGC
sgRNA_01533,TGACGGACTCCACAGAACAG
sgRNA_01534,GTCGCACGGGAACAAACGTC
sgRNA_01535,TGTCCAGGCTGGCAATGAGC
sgRNA_01536,GAAAGAAACTCTCCACGTGG
sgRNA_01537,CAGGAAAGAAACTCTCCACG
sgRNA_01538,AGATTCCCAAGAACAGAACA
sgRNA_01539,TAGGCCGTGGGGAACTCCCG
sgRNA_01540,ATTGAAGGGCCAGCAAAACT
sgRNA_01541,AAGCAGGAAAGAGTGCACGT
sgRNA_01542,GATTACGTGGAGATCTGGAG
sgRNA_01543,GACTGGTGATGAGACCACTT
sgRNA_01544,GAAACCCTGCAAGAATCCAG
sgRNA_01545,GATCACTTACTAATGTGATG
sgRNA_01546,GAACCCAAAGATGAGACACT
sgRNA_01547,GAAAGGAAGCCACAGATCTG
sgRNA_01548,GAAGGAGAACCCCAGATCTG
sgRNA_01549,GCATCAGAAGGGGCACCCAA
sgRNA_01550,AGAACCCAAAGATGAGACAC
sgRNA_01551,GAAGGCCCAGAGCAGTACAG
sgRNA_01552,GATGTTGAGTACGAGCACGG
sgRNA_01553,GGGCATGAGCAACCCTCCAG
sgRNA_01554,TGATTTGGATAAGAAGAGGC
sgRNA_01555,GCACCTGCAATTTCTCAATG
sgRNA_01556,GTAGATGGAGACTCTATAAG
sgRNA_01557,TGAGCAAAATCACAGCCCAA
sgRNA_01558,TGCTGGGAGCAATTCCAGAG
sgRNA_01559,GACTCCATGAACTATCACAA
sgRNA_01560,CGTAGATGGAGACTCTATAA
sgRNA_01561,GTAGACAAGGTACAACCCAT
sgRNA_01562,TGAGATAGCAAATCGGCTGA
sgRNA_01563,TGGTATGAGCCCATATACCT
sgRNA_01564,TTGTCCCTTGAAGAGAACCT
sgRNA_01565,GGGGCTTCCAGAACTCCAGG
sgRNA_01566,TGTTGCTGAGGACAAATATG
sgRNA_01567,TGCAGCTTGTCAGTACATGT
sgRNA_01568,TCACCAGGGGTACAAAGTGC
sgRNA_01569,GGGTGTTCAGGATACTGACC
sgRNA_01570,AGTGCTGGCTGTCATAGCCT
sgRNA_01571,GTTGGGCCCAGGTTTCACAA
sgRNA_01572,GTATCATCGATTATGGAATC
sgRNA_01573,GCTGCTGGATGGATGGCCAA
sgRNA_01574,TGGGCCCAGGTTTCACAATG
sgRNA_01575,GGTCAAAGTCCAAAAAGCTC
sgRNA_01576,GCAATACACACACTCATCAC
sgRNA_01577,GCTGTGCTGCGCACTCCTGG
sgRNA_01578,AGTGCTTGAGGGCATACATC
sgRNA_01579,TGAAGAAGGCCTCTTCACAC
sgRNA_01580,ATGGTGAAGAAGATCATCCA
sgRNA_01581,GATGCAGGTGACGTTGACGT
sgRNA_01582,TGAGGCAAGCATGTATACCC
sgRNA_01583,GGTGTCAGAGAACGTCCCTG
sgRNA_01584,GACCAGCGCGACCCAGAGGG
sgRNA_01585,GTACGAGTGCCAGATCTCAC
sgRNA_01586,AACATCTGCAGAGTGTGTGC
sgRNA_01587,GGGAAACAACTGTTACAACG
sgRNA_01588,GTACTGGCGTCTGTCGACCC
sgRNA_01589,ATGCTGGAGAAGGTACTTGG
sgRNA_01590,GTTCGGCTGTCCACCTATGC
sgRNA_01591,GAAGTACATCAACAAATCCC
sgRNA_01592,GTTCCAGTCCCTCTACCTTG
sgRNA_01593,GGAAGAAGGAGACAGACTAA
sgRNA_01594,TGTGTGGTGACATCAGTCGG
sgRNA_01595,GGGAAATGACAACAGGCAGC
sgRNA_01596,GGAGCTGAAAACTAAACTGG
sgRNA_01597,AGAGGGCGACAGGCAGCTCG
sgRNA_01598,TGAACGAAAGATAAAACACT
sgRNA_01599,GTTGAAAGAAAACAACGCTC
sgRNA_01600,GCCTTGTGCTGTACACGTGG
sgRNA_01601,AGAGATGAATGGCAAGAACT
sgRNA_01602,TGGAAGAGCTGGCAACTAAG
sgRNA_01603,GTTCCTTGCCCGCTATCAGC
sgRNA_01604,GCCAGCGGGCAAGAGATGAA
sgRNA_01605,TGCTAGAGTAATCAACTATG
sgRNA_01606,GTTCTGGTCAAGTAGCATAA
sgRNA_01607,GCCACAGAGTGAGACCAACG
sgRNA_01608,GCACAGTCTGCGACTCATGG
sgRNA_01609,GGTGGAATTACAGCAAACCC
sgRNA_01610,GCTGGAAGGAGGCTGAGCTC
sgRNA_01611,GTATAGTCCCGATGACCCTG
sgRNA_01612,GAACCCCTGAGCATTGATTG
sgRNA_01613,GGAGAAGAGGGAATCCTGGA
sgRNA_01614,TGATAGGAGGTCCGGCACAC
sgRNA_01615,AGAGAACATGGGATCCACCG
sgRNA_01616,GATCCGCTGATGCTGACCTG
sgRNA_01617,GGAACCAGTCGTTACACAGA
sgRNA_01618,AGAGCGGTTTGATTCAAGTG
sgRNA_01619,CGGAACCAGTCGTTACACAG
sgRNA_01620,GGTACACGCCCACTCTTCTG
sgRNA_01621,TAGGAGGAAGATAAACACTC
sgRNA_01622,AGCTGAGGCCAAAAGCCAGT
sgRNA_01623,AGTAAGTACTCCCTACACAC
sgRNA_01624,GTAAGTACTCCCTACACACA
sgRNA_01625,GGTGGTTGAGGAGTTCTATG
sgRNA_01626,GAATTTGTGAGGTTTGATTC
sgRNA_01627,TGCAAGTACTAGTACGGATG
sgRNA_01628,TTATTCTGGAGATTGCATGA
sgRNA_01629,CCTGACTGGAGATTTGAAAG
sgRNA_01630,GCCCTCAATGACCACTGCCC
sgRNA_01631,GATGACCAGCTGCAGCTACG
sgRNA_01632,GGTGCCCAGACTGTCCACGG
sgRNA_01633,GAGGAAGTCTATGTACCTGG
sgRNA_01634,GCACGTTGGCCAGGATGCGC
sgRNA_01635,GAAGGCCTCGTTGAGCGACT
sgRNA_01636,TGAGAGATTCGAGACACTTG
sgRNA_01637,TGAGGGGAAGAGATGTCTTT
sgRNA_01638,GAGGTTAGTTCAACTTTACG
sgRNA_01639,GATCGGAAGTGGTCAGTTTG
sgRNA_01640,TGGAGAGGTGTGATCCTCAC
sgRNA_01641,AGTTCGAAGATCCAGCTCAG
sgRNA_01642,TTGTCCGTTCAGACCAATGG
sgRNA_01643,AGGTTGTCCGTTCAGACCAA
sgRNA_01644,TCTGACAACACACTGCACTG
sgRNA_01645,GAATTGCAACGGAAAGAAGC
sgRNA_01646,GCTGAGTCTCTCCTGCACCG
sgRNA_01647,GATCCCTTTGAGCTCCACAA
sgRNA_01648,ATGAGGAAGGACGTCCATCC
sgRNA_01649,GTATGGGTAGATCGTATCCC
sgRNA_01650,GATGTGGTGTTTGATTCCCA
sgRNA_01651,GAAAGGCAAGACAAGGAAAT
sgRNA_01652,AAAGGCAGAAAGGCAAGACA
sgRNA_01653,GTATTACTGGTATAAGATTG
sgRNA_01654,GGCAAGACAAGGAAATAGGA
sgRNA_01655,ATCTTATACCAGTAATACAA
sgRNA_01656,GGGACGAAGAAGCTTTCCGT
sgRNA_01657,AGAATGCCGCATCACCGAGT
sgRNA_01658,GGACACTGCGTGCACCACCC
sgRNA_01659,GCAGCAGCGCCCCTACTGTG
sgRNA_01660,CGGAAAGGGCTTGAGCCACG
sgRNA_01661,GCATTGCAGAGAGGACACAC
sgRNA_01662,GGGATGGGGGCATTGCAGAG
sgRNA_01663,GCAACTTCTGCATTCAGCAC
sgRNA_01664,GCCATCGGGAGTCAGTTGGC
sgRNA_01665,GGGACACTTATGACCCACGT
sgRNA_01666,GGAGTCAGGGATGTCGACCA
sgRNA_01667,AGTGCTGAGTAAATACCGTG
sgRNA_01668,TTGTCGAAAAGATGCACTTG
sgRNA_01669,GATTATACCGGAAAAATATG
sgRNA_01670,GAACTGATGAAGGAGACACA
sgRNA_01671,AACCTAATACTAATATGAGT
sgRNA_01672,GATTACCAGAAGTAACTCAA
sgRNA_01673,TTGTTTATAGTTGAGTACGA
sgRNA_01674,TTATGAGGTTGAGTAGAGTG
sgRNA_01675,GTTGCTGCTTCAGTTGATCG
sgRNA_01676,CTAATGGGACCATTACACCA
sgRNA_01677,GGAGGCAGGGATACTAATGG
sgRNA_01678,AGCAGTATCCACAACCACAT
sgRNA_01679,ATGGGTATCGAATGAAACTG
sgRNA_01680,AAGACAACAGACACCTCAGT
