"sgRNA_00001,GTTGTGATAGTAGACCACAG,Abcc8"
"sgRNA_00002,GTAGGAGATGACAGTCAAGG,Abcc8"
"sgRNA_00003,AGACATGGAGATCCAATTGG,Abcc8"
"sgRNA_00004,GATGCCCCGGAGCATCTCGT,Abcc8"
"sgRNA_00005,TGGGCAGATCTGCAACCTGG,Abcc8"
"sgRNA_00006,GTTGATGCTGGCCCACTCTG,Acap1"
"sgRNA_00007,GTCACAGATGCCAACAACGA,Acap1"
"sgRNA_00008,AGTTTCCACCAGTTCAATCG,Acap1"
"sgRNA_00009,GGGTCCACCAGAGCCCATGA,Acap1"
"sgRNA_00010,AGGAGTCAAGGGTCAGAGAG,Acap1"
"sgRNA_00011,GGAGACCAGAGCAAGTACTG,Adam12"
"sgRNA_00012,GACACGGGTGGCCATCATGT,Adam12"
"sgRNA_00013,GAAGTGTGGAAATGGCTATG,Adam12"
"sgRNA_00014,AGAATGGCCGCAGAGAAAGG,Adam12"
"sgRNA_00015,GATGACCAAGTACGTAGAGC,Adam12"
"sgRNA_00016,GTCCAGACCAGTCAGTAAGA,Adamts16"
"sgRNA_00017,GCCTATGAAGTAGACCACAG,Adamts16"
"sgRNA_00018,AGATCTCTTGTACAGAACAT,Adamts16"
"sgRNA_00019,GATTCATGGTGCAAACTCTG,Adamts16"
"sgRNA_00020,GGAGCACTCAGAGCGTACGA,Adamts16"
"sgRNA_00021,GAAAAAATGCAGGAACGCGG,Adgrb3"
"sgRNA_00022,GAAGAAAAAATGCAGGAACG,Adgrb3"
"sgRNA_00023,AGGCTCAATAGAGTTAATGC,Adgrb3"
"sgRNA_00024,GTAACAGGACAGCAGTGTGA,Adgrb3"
"sgRNA_00025,GTATGGAGGAAGGCCCTGTG,Adgrb3"
"sgRNA_00026,GTTGAGCAGGGTAAAGATGT,Adgre5"
"sgRNA_00027,GGACAACAACAGCCCCACCT,Adgre5"
"sgRNA_00028,GCAGGCAGAGCATCACATAG,Adgre5"
"sgRNA_00029,AGTTTGGCCGTGGTGCACTG,Adgre5"
"sgRNA_00030,AAGGCTGGAATTGATCACCA,Adgre5"
"sgRNA_00031,GAAACGGCCACGATGAGCGC,Adgrl3"
"sgRNA_00032,TGTGGTTTAAGACCAGACAG,Adgrl3"
"sgRNA_00033,GATTTGTGGGATTCTGTATG,Adgrl3"
"sgRNA_00034,CACAGTGTCAAGCAACATGG,Adgrl3"
"sgRNA_00035,AGGCCCAGGTCAATCCTAAC,Adgrl3"
"sgRNA_00036,AGCCAAAGCAGGGATTTGCA,Aif1"
"sgRNA_00037,GAGGCTGGAGGGGATCAACA,Aif1"
"sgRNA_00038,GCTGAAGAGATTAATTAGAG,Aif1"
"sgRNA_00039,GACTTTCTCAGAATGATGCT,Aif1"
"sgRNA_00040,TTAATTAGAGAGGTGTCCAG,Aif1"
"sgRNA_00041,AGGGTCACACTGGAGCTAGG,Aldh1a3"
"sgRNA_00042,AGCCTTCACCGGCTCCACAG,Aldh1a3"
"sgRNA_00043,AGGGCTGTTCATCAAACCCA,Aldh1a3"
"sgRNA_00044,GCCGTCGAGTGTGCTCACCA,Aldh1a3"
"sgRNA_00045,TGCTGCTGTGAGTCCATAGT,Aldh1a3"
"sgRNA_00046,GCTGACCGCAGGGAATTGTG,Aldh3b1"
"sgRNA_00047,GATGATAAGCACCAGACCGA,Aldh3b1"
"sgRNA_00048,TGGCCACCAACAACACCCTG,Aldh3b1"
"sgRNA_00049,ATGATAAGCACCAGACCGAA,Aldh3b1"
"sgRNA_00050,TGCTGCCCACAGGAACCAGC,Aldh3b1"
"sgRNA_00051,GAAATCGCTGGTCTACAGGG,Alox15"
"sgRNA_00052,AGCATGGGGAGGCATCTCTC,Alox15"
"sgRNA_00053,TGCTGGTGCCCTGAACCCAT,Alox15"
"sgRNA_00054,GTACGCGGGCTCCAACAACG,Alox15"
"sgRNA_00055,AGCATCCTGAACCTCCCTGA,Alox15"
"sgRNA_00056,AGGTAGAGGAGTGTGCAAGG,Amot"
"sgRNA_00057,GGAGAAGGAAGAGAGAATTC,Amot"
"sgRNA_00058,GTTGCTTGGACATGGAAGGA,Amot"
"sgRNA_00059,GGAAGAGGAAGAAATCCTGA,Amot"
"sgRNA_00060,GTTGGATGGATGCTATGAGA,Amot"
"sgRNA_00061,AGTAGCCGCGCATAGCACCA,Angptl4"
"sgRNA_00062,GATTCAGGCGAGTTCTGGCT,Angptl4"
"sgRNA_00063,CGTTACCACAGGCAGCCATG,Angptl4"
"sgRNA_00064,GATGGCTTCGGAGATCCCCA,Angptl4"
"sgRNA_00065,AAGAGTTCCTGGCAGTCCCG,Angptl4"
"sgRNA_00066,AGAGCCCCATGACAGACCCT,Ankk1"
"sgRNA_00067,ACTCAGAAGAAACCCTATGC,Ankk1"
"sgRNA_00068,GTGAATGCACGGGAGCACGA,Ankk1"
"sgRNA_00069,AGCACCATACTCCAGAAGGT,Ankk1"
"sgRNA_00070,GAACCTGATGAAGCGCTGTT,Ankk1"
"sgRNA_00071,TTGAAGCTAATATTTCAATG,Anxa10"
"sgRNA_00072,ATGGATGCCCAAATGCTAGG,Anxa10"
"sgRNA_00073,AGTTACCCAGCCAAAGTTGT,Anxa10"
"sgRNA_00074,AGCTACCCACAACTTTGGCT,Anxa10"
"sgRNA_00075,CACAACGCAGCAATGCACAG,Anxa10"
"sgRNA_00076,GACAAAAGGGAGCTACATGG,Aqp4"
"sgRNA_00077,TGTGACCAGGTAGAGGATGC,Aqp4"
"sgRNA_00078,GAGCAAAACAAAGATAAGCG,Aqp4"
"sgRNA_00079,TGGGAGGTGTGACCAGGTAG,Aqp4"
"sgRNA_00080,TGAGCCACCCCAGTTTATGG,Aqp4"
"sgRNA_00081,ATTGGCACGTGGCCTCTACG,Arhgdig"
"sgRNA_00082,GTCTGCATCACACCTATCGT,Arhgdig"
"sgRNA_00083,GGAGTCAACTCCATCAGATG,Arhgdig"
"sgRNA_00084,CAGGCCATACCCATAATGGG,Arhgdig"
"sgRNA_00085,GGAAGCACCAAGAGGAGCAT,Arhgdig"
"sgRNA_00086,GTGAGTAACTAGAAACACTC,Aspa"
"sgRNA_00087,AAGGTCAAAAACAAGGTCAT,Aspa"
"sgRNA_00088,GAGTGTTTCTAGTTACTCAC,Aspa"
"sgRNA_00089,TAGACGTCAATAGAACAGGG,Aspa"
"sgRNA_00090,GACTGGAAACCATTGCACCC,Aspa"
"sgRNA_00091,GACAAGCACCAGAAAGACCA,B2m"
"sgRNA_00092,ACTCTGGATAGCATACAGGC,B2m"
"sgRNA_00093,AGTATACTCACGCCACCCAC,B2m"
"sgRNA_00094,GAGCCCAAGACCGTCTACTG,B2m"
"sgRNA_00095,ACTCACTCTGGATAGCATAC,B2m"
"sgRNA_00096,CAGTACCAGAGCAAAAAGGT,B3galt5"
"sgRNA_00097,AAGCTGTCTGAGGACAAAAG,B3galt5"
"sgRNA_00098,TGCGCCCATCATGAGAATGG,B3galt5"
"sgRNA_00099,ATGGCCATCCGCAAGACGTG,B3galt5"
"sgRNA_00100,CCAGTACCAGAGCAAAAAGG,B3galt5"
"sgRNA_00101,GGTTTGGAGATATCGTGGGA,Bmper"
"sgRNA_00102,GGTGCTGTGTATGATACCTG,Bmper"
"sgRNA_00103,AGCCATTCCAGCGCACAGTG,Bmper"
"sgRNA_00104,GAAGGTGTGCAATACCGGGA,Bmper"
"sgRNA_00105,AGCAGCACCTCACTGTGCGC,Bmper"
"sgRNA_00106,GATATGGTGAAGTCTGCGAA,Brinp3"
"sgRNA_00107,GTTGAGAGAAGAAATTTCCT,Brinp3"
"sgRNA_00108,GAACAGAGCTGACAGAATCT,Brinp3"
"sgRNA_00109,GCACAAGATACAAGATATAC,Brinp3"
"sgRNA_00110,AGACAGTACACATCTACCTG,Brinp3"
"sgRNA_00111,GACCCGCAGGATGACATCAC,Btbd17"
"sgRNA_00112,GTAGTGGTACCAGCCCACAG,Btbd17"
"sgRNA_00113,GCTGGGGCGAGGTAGTTGCG,Btbd17"
"sgRNA_00114,CAGTCGCTGGAGCAGCATGT,Btbd17"
"sgRNA_00115,CGGGTTGTTGATGACCCACG,Btbd17"
"sgRNA_00116,CGTCGGGGGAATCTTCTGGG,Cbln3"
"sgRNA_00117,GTACAACCGCCAAACTGTCC,Cbln3"
"sgRNA_00118,ACTGGAGGGGGAGTGCCTGG,Cbln3"
"sgRNA_00119,GACGCAGGCGCAGGGACACA,Cbln3"
"sgRNA_00120,TGAGTCTGATGCTGAACACA,Cbln3"
"sgRNA_00121,GGTAACACCGATACACCCAG,Ccdc33"
"sgRNA_00122,AGATGCGCAGGTATTTAATG,Ccdc33"
"sgRNA_00123,TGAACCGTGGCCCTACGTGG,Ccdc33"
"sgRNA_00124,AGGGCGGAGGAAGAGAACCT,Ccdc33"
"sgRNA_00125,AGCTACTTACACCACCACGT,Ccdc33"
"sgRNA_00126,TGAGTAGCAGCAGGTGAGTG,Ccl2"
"sgRNA_00127,GATGATCCCAATGAGTAGGC,Ccl2"
"sgRNA_00128,TGTCACCAAGCTCAAGAGAG,Ccl2"
"sgRNA_00129,GCAAGATGATCCCAATGAGT,Ccl2"
"sgRNA_00130,GCAGGCCCAGAAGCATGACA,Ccl2"
"sgRNA_00131,GCTTCACAGAAGCTTTGTGA,Ccl4"
"sgRNA_00132,CTCATGTACTCAGTGACCCA,Ccl4"
"sgRNA_00133,GCTGTTTCTCTTACACCTCC,Ccl4"
"sgRNA_00134,AAAGCTTCTGTGAAGCTGCC,Ccl4"
"sgRNA_00135,ATGTGTACTTACACCACAGC,Ccl4"
"sgRNA_00136,GTAGAAATACTCCTTGACGT,Ccl5"
"sgRNA_00137,GCTGCCTCGTGCCCACGTCA,Ccl5"
"sgRNA_00138,AGGCAGCGCGAGGGAGAGGT,Ccl5"
"sgRNA_00139,TCTCTGGGTTGGCACACACT,Ccl5"
"sgRNA_00140,GACTCACACGACTGCAAGAT,Ccl5"
"sgRNA_00141,ACTTACATAACAGCTTCCCA,Ccl7"
"sgRNA_00142,AGAAACAAAAGATCCCCAAG,Ccl7"
"sgRNA_00143,TTCCCAGGGACACCGACTAC,Ccl7"
"sgRNA_00144,CGCTGAAGCCCATCAGAAGT,Ccl7"
"sgRNA_00145,AAGCGTGGCAGAGATCCTCA,Ccl7"
"sgRNA_00146,CATGCATCTAGATGGAACGG,Cd3d"
"sgRNA_00147,GAGACCGGAAGGCCTTCTGG,Cd3d"
"sgRNA_00148,GGAGCTAGACTCGGGCACCA,Cd3d"
"sgRNA_00149,TACACAGATATATCCCTCGT,Cd3d"
"sgRNA_00150,GATACAAGTGACCGAATATG,Cd3d"
"sgRNA_00151,AGGGCACGTCAACTCTACAC,Cd3e"
"sgRNA_00152,TCCCCTACTCACCAGCTAGG,Cd3e"
"sgRNA_00153,GGCCAGAATACAGGTCCCGC,Cd3e"
"sgRNA_00154,TGATTATGGCTACTGCTGTC,Cd3e"
"sgRNA_00155,GTTGACATCTGTATCACTCT,Cd3e"
"sgRNA_00156,TGACTGACAAGACTATCAAG,Cd3g"
"sgRNA_00157,GACCTCAGCGAAGATAAAGC,Cd3g"
"sgRNA_00158,AACTGCATTGAGCTAAACAT,Cd3g"
"sgRNA_00159,GAAGAGAGATCACCAGGAAG,Cd3g"
"sgRNA_00160,GATGGAGTTCGCCAGTCAAG,Cd3g"
"sgRNA_00161,GTAGACCAGAGGACCACACA,Cd5"
"sgRNA_00162,AGTGCGCCAGAGATCACAGT,Cd5"
"sgRNA_00163,GTTCAGAGCCGCCTGGTCGG,Cd5"
"sgRNA_00164,GACAGGTGAGAGTTCCTGGG,Cd5"
"sgRNA_00165,GGAAAGGACCAAGGGCCAAG,Cd5"
"sgRNA_00166,GAAGTAAACAAGAACCACAG,Cd79a"
"sgRNA_00167,GGAACCCTAATATCACATGG,Cd79a"
"sgRNA_00168,AGAACCACAGGGGCTTGTAC,Cd79a"
"sgRNA_00169,GGCACCAGTACAAGCCCCTG,Cd79a"
"sgRNA_00170,GATGTGGGCAACCTCCACAT,Cd79a"
"sgRNA_00171,GAAAATGGAAGAGAATTACC,Cd80"
"sgRNA_00172,GCCCAGGATGATAAGAGAGT,Cd80"
"sgRNA_00173,TTGCTGGGAAACTAAAAGTG,Cd80"
"sgRNA_00174,TGAGGAGAGTTGTAACGGCA,Cd80"
"sgRNA_00175,CTGGCAAAAACATGACAAAG,Cd80"
"sgRNA_00176,GGGCGCTGTGCAAGGCAAGT,Cd83"
"sgRNA_00177,GGAGGGCAGCGCAACTTGAG,Cd83"
"sgRNA_00178,CGCTGTGCAAGGCAAGTCGG,Cd83"
"sgRNA_00179,TAGGAGAGCTGCGGGTCCCA,Cd83"
"sgRNA_00180,GACACTGCATAGGAGAGCTG,Cd83"
"sgRNA_00181,AGTGTGAATGCCAAGTACCT,Cd86"
"sgRNA_00182,CGTTTCCAGAACACACACAA,Cd86"
"sgRNA_00183,GCAAGACTGTCACAAAGATA,Cd86"
"sgRNA_00184,GCTCGTGCGGCCCAGGTACT,Cd86"
"sgRNA_00185,TTGGCAGGACCAGCAAAAGT,Cd86"
"sgRNA_00186,GGATCCGATTATCAGTACGT,Cdh6"
"sgRNA_00187,TGAGAACACAGGCGACATAC,Cdh6"
"sgRNA_00188,GATCACGATGCACAGAAGGA,Cdh6"
"sgRNA_00189,GAAGAAGGTGTACACCCTCA,Cdh6"
"sgRNA_00190,GTCGTCTATAGCATCCTGCA,Cdh6"
"sgRNA_00191,AGACCGCGCCACACACCACA,Ceacam16"
"sgRNA_00192,GGACAGCTTGACTACCACTG,Ceacam16"
"sgRNA_00193,AGAGGGGGACAATGTCACGC,Ceacam16"
"sgRNA_00194,GATACCAGGCATAGACTAGC,Ceacam16"
"sgRNA_00195,AGAACCAGCGGACCTCAGCG,Ceacam16"
"sgRNA_00196,TGTCCAGGCAGGGTTCATGG,Ceacam19"
"sgRNA_00197,AGATAGTGGCACCTATCAGG,Ceacam19"
"sgRNA_00198,GCACTGCTCAGGATTTCATC,Ceacam19"
"sgRNA_00199,AGTGCTGGGAACACCGTGAA,Ceacam19"
"sgRNA_00200,CAGTGCTGGGAACACCGTGA,Ceacam19"
"sgRNA_00201,GATGGAAGGAAGCCGAACTC,Cfap57"
"sgRNA_00202,GACGGAGCGATCCAGAGAGC,Cfap57"
"sgRNA_00203,GACAGACCTTCACAACTGCG,Cfap57"
"sgRNA_00204,GAACTTAGATGACAGCAAAC,Cfap57"
"sgRNA_00205,AAGCGCCTGAGCTACCACGG,Cfap57"
"sgRNA_00206,GAAGAGCAAAGAGCGAAAGC,Cgref1"
"sgRNA_00207,TGGGAGCAGCTCGACCTAAA,Cgref1"
"sgRNA_00208,TCAGCATGGACAGTAGCTCC,Cgref1"
"sgRNA_00209,CGAGCACCGAGTCTACTACT,Cgref1"
"sgRNA_00210,AGTGGACTGTTGGCTAAAAG,Cgref1"
"sgRNA_00211,AGGGAGGTGATCCTGAGCGG,Chdh"
"sgRNA_00212,GCTCAGCACCGGGTGCAAGT,Chdh"
"sgRNA_00213,GCTGAACGTAGACCTCCAGG,Chdh"
"sgRNA_00214,TCAGTGGAAGATCCACATGC,Chdh"
"sgRNA_00215,GAACCCTTCTAGGTGCACGT,Chdh"
"sgRNA_00216,GATGAACAGAATTTGCCGGA,Chst11"
"sgRNA_00217,GATAAAGGATCCGAAGCAAG,Chst11"
"sgRNA_00218,GAACTCCGTGGTCATCTCGT,Chst11"
"sgRNA_00219,TGAGGATGAACAGAATTTGC,Chst11"
"sgRNA_00220,GGAGCTCTACAATCCCATCC,Chst11"
"sgRNA_00221,AGAGGTTAAAGAGGCGACGC,Chst13"
"sgRNA_00222,TGCTGGTGGACGACGCGCAC,Chst13"
"sgRNA_00223,GTCAGCCTACCGCAACAAGC,Chst13"
"sgRNA_00224,TGTGCCATAGCGCCGCTGGA,Chst13"
"sgRNA_00225,GCACGTAGCAGTACAGCAGC,Chst13"
"sgRNA_00226,GCTGCGCGGTCGTTACATGC,Chst3"
"sgRNA_00227,TGAAGGGCTCCAGCACATAC,Chst3"
"sgRNA_00228,GTGCGCTCGATGTGCCACAG,Chst3"
"sgRNA_00229,GATGAGGTGCAGCGATTGCG,Chst3"
"sgRNA_00230,GAAGAACTCGCCCACGAACG,Chst3"
"sgRNA_00231,GTCAAGAGGCACCAACTGAG,Cib3"
"sgRNA_00232,GATGGCTCCACGGGACCTGA,Cib3"
"sgRNA_00233,AAGGTGCCCTATGAACTGAT,Cib3"
"sgRNA_00234,GGACTGGTCGTGTAGTCAAG,Cib3"
"sgRNA_00235,AGTCAAGAGGCACCAACTGA,Cib3"
"sgRNA_00236,GATGGCAGCAATCAAGACTT,Cilp"
"sgRNA_00237,TTGGTGCATACCCAGCACGG,Cilp"
"sgRNA_00238,AGGCACCAGAAGCCCTCACG,Cilp"
"sgRNA_00239,AGGGAAGGAGATACCTGTGC,Cilp"
"sgRNA_00240,GTACCACAACAACACACTGC,Cilp"
"sgRNA_00241,CGAGTAGCCAAAGCTCACGA,Cldn11"
"sgRNA_00242,GAACGGAGGCAGCAATCATG,Cldn11"
"sgRNA_00243,GGCGGGCAGGCCCAGAACGG,Cldn11"
"sgRNA_00244,GATGGCGGGCAGGCCCAGAA,Cldn11"
"sgRNA_00245,TGTCCACCAGGGGTTTGCAG,Cldn11"
"sgRNA_00246,AAGGCCGAAACGCGCCACAT,Cldn3"
"sgRNA_00247,ATGGGAGCTGGGTTGTACGT,Cldn3"
"sgRNA_00248,GAAGGCCGAAACGCGCCACA,Cldn3"
"sgRNA_00249,GGGAAGGGCGCAGCACACGA,Cldn3"
"sgRNA_00250,GCCGCGCTGCAGTTGCTAGG,Cldn3"
"sgRNA_00251,GTTCAAGTACCTCCAAATGC,Clic6"
"sgRNA_00252,GGATGGGGATGAGCTCACAC,Clic6"
"sgRNA_00253,AGGAGAAGTTAGTTCCCCCG,Clic6"
"sgRNA_00254,AGGATGTCACTGTTTCACAA,Clic6"
"sgRNA_00255,TGCGTGTTCAATCTCCCGGT,Clic6"
"sgRNA_00256,GGAGAACCCAAGCTGCCATC,Cmpk2"
"sgRNA_00257,AGCTTGGGTTCTCCATACGC,Cmpk2"
"sgRNA_00258,GCTGCTGACTGTGAATTCTG,Cmpk2"
"sgRNA_00259,GCCATAGCTACTGAGGTGAG,Cmpk2"
"sgRNA_00260,AGTCAGCAGCAGGACCAAGT,Cmpk2"
"sgRNA_00261,CGAGAGCGGGAACATGACAC,Cnn2"
"sgRNA_00262,AGAACTCCGAAGCTGGATAG,Cnn2"
"sgRNA_00263,GCACTGGCCGGCCTTCATGG,Cnn2"
"sgRNA_00264,AGGAAGCAGAACTCCGAAGC,Cnn2"
"sgRNA_00265,AGCTGGATAGAGGGACTCAC,Cnn2"
"sgRNA_00266,GGAAGGCTTCGGCTACATAG,Cntn5"
"sgRNA_00267,GAAGTTCGAGCGTACAGTGA,Cntn5"
"sgRNA_00268,AAGTGGAAGAAGGCATGAGT,Cntn5"
"sgRNA_00269,AGCCCAGACCCACATACCGC,Cntn5"
"sgRNA_00270,TGAGTTGGTCATTGCCTGGG,Cntn5"
"sgRNA_00271,GACACAGTCCACATGCACAG,Col16a1"
"sgRNA_00272,AGTCAGTCTTACCTGAAGTG,Col16a1"
"sgRNA_00273,TGATGCAAATGGGTACCCAC,Col16a1"
"sgRNA_00274,GAAAGCAGAAAGGGGGACAA,Col16a1"
"sgRNA_00275,GCTGCACTCACCAGTCACGT,Col16a1"
"sgRNA_00276,GAACTCTAACAACCTCACGG,Cpn1"
"sgRNA_00277,AGTATGTGGGAAACATGCAC,Cpn1"
"sgRNA_00278,GGTGGAACCAGAGACCCGGG,Cpn1"
"sgRNA_00279,AGTTCAAGGAGCGAATCCAC,Cpn1"
"sgRNA_00280,GAACCGGAAGTCAAGTATGT,Cpn1"
"sgRNA_00281,GTGGCTGCAAAGTACTCACG,Crnn"
"sgRNA_00282,TGACCTGGCATAGCACCCGA,Crnn"
"sgRNA_00283,TGCTATGCCAGGTCAGAGGG,Crnn"
"sgRNA_00284,AGATGGTAGAACAGGCCTGG,Crnn"
"sgRNA_00285,GATCCAGGTAGCCTGCACTC,Crnn"
"sgRNA_00286,GATCAAGCTGAGCTTCACGC,Csf3r"
"sgRNA_00287,GGGGAGTAGCAAGAAGATCA,Csf3r"
"sgRNA_00288,GCAGAGCCAGGTCACTACAC,Csf3r"
"sgRNA_00289,GTAGACATGATACAAACTGG,Csf3r"
"sgRNA_00290,GTCCCCCAGGCGGACAACAG,Csf3r"
"sgRNA_00291,AGTCATCGATGCAAAATATC,Cst6"
"sgRNA_00292,GCTGTGGCCAGCTACAATAT,Cst6"
"sgRNA_00293,CGTCAGGTGACAGGGTCAGG,Cst6"
"sgRNA_00294,GGACCTCACCACCTGCCCTC,Cst6"
"sgRNA_00295,GGAGCGTCCTCACTTCCCGC,Cst6"
"sgRNA_00296,TGATAGTGCAAACTGTGACC,Cwh43"
"sgRNA_00297,AGCACCAGGGATCACACCTG,Cwh43"
"sgRNA_00298,GGAACAACGACTTAACAATG,Cwh43"
"sgRNA_00299,GATGTTCCGATCTGACAATC,Cwh43"
"sgRNA_00300,ATGATGTGTACCATATTCGG,Cwh43"
"sgRNA_00301,CTCACATGATCTCAACACGT,Cxcl10"
"sgRNA_00302,GATGATTTCAAGCTTCCCTA,Cxcl10"
"sgRNA_00303,AGAAAATGACGGCAGCACTT,Cxcl10"
"sgRNA_00304,AGCGGACCGTCCTTGCGAGA,Cxcl10"
"sgRNA_00305,CGTGGGCAGGATAGGCTCGC,Cxcl10"
"sgRNA_00306,GAAGAAGCTAAGGAGCATGA,Cxcr4"
"sgRNA_00307,GCTGAAAAGGCAGTCTATGT,Cxcr4"
"sgRNA_00308,GCTGGCTGCCATATTATGTG,Cxcr4"
"sgRNA_00309,GTACCGGCTGCACCTGTCAG,Cxcr4"
"sgRNA_00310,GATGACCCCCAAAAGGATGA,Cxcr4"
"sgRNA_00311,AGGCTTTACTCACAAACAAG,Cytip"
"sgRNA_00312,ACTGTGGAAAAGCAGGACAA,Cytip"
"sgRNA_00313,GTTCTGGTTCTGGAGTCTGT,Cytip"
"sgRNA_00314,GACAGCCCCGCTCACTGTGC,Cytip"
"sgRNA_00315,AACCTTGAAGAAAAAATGGG,Cytip"
"sgRNA_00316,GTAGCTGAAAGGGCCAAAAA,Ddx60"
"sgRNA_00317,AGAAATTGGAGCGGAAATCT,Ddx60"
"sgRNA_00318,AGGTGACACAAAAGACACAT,Ddx60"
"sgRNA_00319,AGGGACATCGGATCATAACA,Ddx60"
"sgRNA_00320,GCAAAAACCACAGATTTACA,Ddx60"
"sgRNA_00321,GGTGACACGCGCCTACACCG,Derl3"
"sgRNA_00322,GTTCCGCTACTGCCGCATGC,Derl3"
"sgRNA_00323,GTCTTTCCCAACCAGCCCGG,Derl3"
"sgRNA_00324,GCTCCATACATAGACCAGCA,Derl3"
"sgRNA_00325,AGAAGTTGACCCTCACGTGA,Derl3"
"sgRNA_00326,GTAGGAGAGCAGTAGCCGTG,Dlx5"
"sgRNA_00327,AGCCCCTACCACCAGTACGG,Dlx5"
"sgRNA_00328,AGGAGAGCAGTAGCCGTGCG,Dlx5"
"sgRNA_00329,AGAGCAGTAGCCGTGCGGGG,Dlx5"
"sgRNA_00330,AGAGTCCCAAGCATCCGATC,Dlx5"
"sgRNA_00331,AGGACAAGAGGATTGAGCGT,Doc2b"
"sgRNA_00332,GGGGCCGGGACACACGTCGA,Doc2b"
"sgRNA_00333,ACATGGTCCGAAAGACCCTG,Doc2b"
"sgRNA_00334,GCCGATGGACCACAATGGAC,Doc2b"
"sgRNA_00335,AGGGCGAGCGCCTGAAGCAC,Doc2b"
"sgRNA_00336,GAAGTGCTCCAACAATGGAT,Dpt"
"sgRNA_00337,GCTTTGGGGTGTAGGCATGC,Dpt"
"sgRNA_00338,TGCTTCTTACCATTCCATGC,Dpt"
"sgRNA_00339,CTGGTGGGAGGAGATCAACA,Dpt"
"sgRNA_00340,TGGGAGGAGATCAACAGGGC,Dpt"
"sgRNA_00341,GGGGTGAGTAGATCTCTCTG,Duox2"
"sgRNA_00342,GGACATAAAGCACAACATAG,Duox2"
"sgRNA_00343,GAAGCTGGGTAATTGGATGA,Duox2"
"sgRNA_00344,AGTCCACAGCGGCATCAAAG,Duox2"
"sgRNA_00345,TGGGAAGTGCAGCGCTACGA,Duox2"
"sgRNA_00346,CAGGAGGGAAGCCATCCAGC,Ecm1"
"sgRNA_00347,AGTTGGGATAGGGAGCTAGG,Ecm1"
"sgRNA_00348,GCAGTCTGCAGCACAGGTGG,Ecm1"
"sgRNA_00349,AGTGAAGCCACACACCTTGG,Ecm1"
"sgRNA_00350,GTTGGGATAGGGAGCTAGGT,Ecm1"
"sgRNA_00351,GCCAAGCAGGAAAAGAACTC,Edn1"
"sgRNA_00352,TGGAAGGAAGGAAACTACGA,Edn1"
"sgRNA_00353,GAACAGCAGAGAGAAGATCA,Edn1"
"sgRNA_00354,GTCGTACCGTATGGACTGGG,Edn1"
"sgRNA_00355,AACAGCAGAGAGAAGATCAC,Edn1"
"sgRNA_00356,CATGAGTGCCGGCATCTTGG,Egr3"
"sgRNA_00357,ATGGGCTTGAGAGTGAGCGG,Egr3"
"sgRNA_00358,GCCGGGTCAGCTCGTCTGAG,Egr3"
"sgRNA_00359,TGCGGATGTGAGTGGTGAGG,Egr3"
"sgRNA_00360,GGTTGTAGTCAGGAATCATG,Egr3"
"sgRNA_00361,GTCATCCAACAACAAGTCAA,Ephx3"
"sgRNA_00362,GAATACTCAATCCACCACAT,Ephx3"
"sgRNA_00363,GCGAGGACGGCACATCACAT,Ephx3"
"sgRNA_00364,GATGCAGCTGTAGACAAACG,Ephx3"
"sgRNA_00365,GACATCAAGGATACCATCCT,Ephx3"
"sgRNA_00366,AGAATTTAAAAGCGAATACA,Ephx4"
"sgRNA_00367,CTGATCGGCCATGACTGGGG,Ephx4"
"sgRNA_00368,AGAGGAAGATGCGTTTATGG,Ephx4"
"sgRNA_00369,GTTGTTGCATTGGATTTGAG,Ephx4"
"sgRNA_00370,TGAGCTTCATTATCATCTCA,Ephx4"
"sgRNA_00371,GGCAGGAGGAGCAATCAGAC,Epsti1"
"sgRNA_00372,CATGTACACCCGCAGTAAGG,Epsti1"
"sgRNA_00373,TGGGCCCACCACCTTACTGC,Epsti1"
"sgRNA_00374,GTTTCCACTCACCCATCTCG,Epsti1"
"sgRNA_00375,AGAGATGGAAGCAACAGAAC,Epsti1"
"sgRNA_00376,GACGACCGGAAGAAAGACCG,F2rl1"
"sgRNA_00377,AGGTGGTAGGAGATCTTCAG,F2rl1"
"sgRNA_00378,CGTCTTGATCATGAGCACGT,F2rl1"
"sgRNA_00379,GTTGGCCATGTAAATCACGG,F2rl1"
"sgRNA_00380,GGAGACCGAGGCCGCCAGAA,F2rl1"
"sgRNA_00381,CGGGAGGGGGGCACAACTGC,Fam71a"
"sgRNA_00382,TGTCCACAGGTGGTCTCAGG,Fam71a"
"sgRNA_00383,AAGGAGCCTAGTGAGCTCCA,Fam71a"
"sgRNA_00384,TTACAGCAGCAGTTGCACAA,Fam71a"
"sgRNA_00385,TGACCTCCTGAGACCACCTG,Fam71a"
"sgRNA_00386,AGAGGACGGCAGTTGGATGG,Fbxo2"
"sgRNA_00387,GGTGACCAACAGTAGCGTGT,Fbxo2"
"sgRNA_00388,GTCGGAGAACGAAGATGTGC,Fbxo2"
"sgRNA_00389,CAGGTGGTGTCGCAAAGCGC,Fbxo2"
"sgRNA_00390,GCCAGAGGACGGCAGTTGGA,Fbxo2"
"sgRNA_00391,AGGGTATGGGGAGCCCCCGA,Fgfr4"
"sgRNA_00392,GCCCGACCAAACCAGCACCG,Fgfr4"
"sgRNA_00393,GGTGAGCTTACAGCTCTGAG,Fgfr4"
"sgRNA_00394,GCACCGTGAGCCACGCTGAC,Fgfr4"
"sgRNA_00395,GGGCACGGAGGAATTCCCGA,Fgfr4"
"sgRNA_00396,GAATGAGAAAGGCCCCCTGG,Fgr"
"sgRNA_00397,CGGCTACTACATCACCACAC,Fgr"
"sgRNA_00398,GACCTAGTGCGGCACTACAT,Fgr"
"sgRNA_00399,GTCACGGATGGACAGGGAGT,Fgr"
"sgRNA_00400,CGAATGAGAAAGGCCCCCTG,Fgr"
"sgRNA_00401,GCTGGAGGAGAGGTTCACGC,Fmnl1"
"sgRNA_00402,GGGAACTGGAGACTTCCCTG,Fmnl1"
"sgRNA_00403,GCAGCTGTATGTCTCGTGCG,Fmnl1"
"sgRNA_00404,GATGCCACTGCTTAACTGGG,Fmnl1"
"sgRNA_00405,AGGCTACGCTCGTAGTCCGT,Fmnl1"
"sgRNA_00406,GCAGACGGTGACATGCCATG,Fscn2"
"sgRNA_00407,AGCCCATGCCTGCTACACGC,Fscn2"
"sgRNA_00408,GATGGCGCCTATCAGATTAG,Fscn2"
"sgRNA_00409,TGTGGCCTGAATGCCCCCAT,Fscn2"
"sgRNA_00410,AGCGGCAAGTACCTGCGTGG,Fscn2"
"sgRNA_00411,GATGCCTAGGTACACATCGA,Gabrp"
"sgRNA_00412,ACGCTGCCGGAGGTATATAG,Gabrp"
"sgRNA_00413,GACACAGGAAGGCCAAATAG,Gabrp"
"sgRNA_00414,GTTCCTGCGAGAACCTGCAT,Gabrp"
"sgRNA_00415,AAGGCCATCGATGTGTACCT,Gabrp"
"sgRNA_00416,GACATGGAAGCGAAGCATGG,Gcnt2"
"sgRNA_00417,ATGGAAACGGAGACTTGCAG,Gcnt2"
"sgRNA_00418,GCCACCAAACGCATCCTGGA,Gcnt2"
"sgRNA_00419,GCGGGTCAGAAATACCAGCT,Gcnt2"
"sgRNA_00420,ATGGACATGGAAGCGAAGCA,Gcnt2"
"sgRNA_00421,AGAGCCGGACGGTATTGTAG,Gdf9"
"sgRNA_00422,GTCGTTGAGATACAAGATGA,Gdf9"
"sgRNA_00423,GTCACCTCTACAATACCGTC,Gdf9"
"sgRNA_00424,ACAGGGACTGAAGAGCCGGA,Gdf9"
"sgRNA_00425,CAAATGGGACAACTGGATCG,Gdf9"
"sgRNA_00426,GATCGAGGTGCGCTGACCGT,Gfpt2"
"sgRNA_00427,GATACCTTCTGAATGCATGT,Gfpt2"
"sgRNA_00428,AGCATTGGGAACCCCGTGGG,Gfpt2"
"sgRNA_00429,GTGGAGTTTGAGACACACTT,Gfpt2"
"sgRNA_00430,GACTTACATCATAACCTCGG,Gfpt2"
"sgRNA_00431,CATCTCCAGGAACCACAATG,Gm2a"
"sgRNA_00432,GGCACTGTGAAGTTGCTCGT,Gm2a"
"sgRNA_00433,CTGACCTAGAGCTACCGAGC,Gm2a"
"sgRNA_00434,AGGAGCAGTGAGGGGAACGC,Gm2a"
"sgRNA_00435,AGCAGTGGTGGGAAGCGCCT,Gm2a"
"sgRNA_00436,GAGGGGGTCCTCCCGCACGT,Gng4"
"sgRNA_00437,GATGGAAGCCTGCATGGACA,Gng4"
"sgRNA_00438,GGGCTTCACAGTAGGCCAGG,Gng4"
"sgRNA_00439,CTACTGTGAAGCCCACGTGC,Gng4"
"sgRNA_00440,AGCCTGCATGGACAGGGTGA,Gng4"
"sgRNA_00441,GATGGCAATGGAGAGGAACG,Gprc5a"
"sgRNA_00442,AGGATCACAAGCCACGACAG,Gprc5a"
"sgRNA_00443,AGACCCCTAGCACTCCCAGG,Gprc5a"
"sgRNA_00444,AATCAGGAGCAGAACGATCC,Gprc5a"
"sgRNA_00445,TGGCGAAGAGGACTCCGAAG,Gprc5a"
"sgRNA_00446,AAGGGAAGCCGAGAACTACC,Gpx2"
"sgRNA_00447,GCTGGTACCCACCCCCAGGT,Gpx2"
"sgRNA_00448,ACTCTGAGGAACAACTACCC,Gpx2"
"sgRNA_00449,ATAGACTTCAATACGTTCAG,Gpx2"
"sgRNA_00450,GAGAATGTGGCGTCACTCTG,Gpx2"
"sgRNA_00451,GCTTGCTGGAAACCAGTTGG,Gsap"
"sgRNA_00452,GGTGCTTGCTGGAAACCAGT,Gsap"
"sgRNA_00453,GCTAGCAGCATCCAAAATCC,Gsap"
"sgRNA_00454,GCTGAATGTTAAGTAAATGA,Gsap"
"sgRNA_00455,ATAGAACATTACCTTTATGG,Gsap"
"sgRNA_00456,GCAGGCGTTGTATTTACAGC,Gtsf1l"
"sgRNA_00457,TGAGCGGGATTCGGTGGTGA,Gtsf1l"
"sgRNA_00458,AGTGACATCCAAGAGTCACG,Gtsf1l"
"sgRNA_00459,GACGAACATTGGGTGACAGT,Gtsf1l"
"sgRNA_00460,CAGCAGGTTCCAGTACCACC,Gtsf1l"
"sgRNA_00461,GCACAGCACAGAGAGCACAC,Guca2a"
"sgRNA_00462,GGTAGAAGGGGTCACTGTGC,Guca2a"
"sgRNA_00463,CTGCACTTCCAGAAGCACTG,Guca2a"
"sgRNA_00464,GTCACTCTAGCATCCCGTAC,Guca2a"
"sgRNA_00465,CGAGGTACAGGAGCCCAGAC,Guca2a"
"sgRNA_00466,AAGAACTTACACGTTACAGT,Gzma"
"sgRNA_00467,TGTGCAGGGGACCTCCGTGG,Gzma"
"sgRNA_00468,GCCATATACGGTCTTGAGTG,Gzma"
"sgRNA_00469,AGTTTAAGTAGAGCCATATA,Gzma"
"sgRNA_00470,AAGTATAGACACCAGGCCAT,Gzma"
"sgRNA_00471,TAACTGCTTAGGATTCACGT,Hdc"
"sgRNA_00472,GATAGTAGGCGTGCATGTGG,Hdc"
"sgRNA_00473,GATGGCCATGAGGTAAGAGC,Hdc"
"sgRNA_00474,GCTTTCGCTCCATTAAGCTG,Hdc"
"sgRNA_00475,GCAATCTGACTTACAAACAC,Hdc"
"sgRNA_00476,GACGGGGCCAAGGATATCGA,Hoxb13"
"sgRNA_00477,GGACAAGAGGCGCAAGATCT,Hoxb13"
"sgRNA_00478,AGGGGGGCATAGTTGACAGT,Hoxb13"
"sgRNA_00479,CAGGTGCAGGAGTTTCCGAA,Hoxb13"
"sgRNA_00480,GGGATGGCTAGCCAGTGGGG,Hoxb13"
"sgRNA_00481,GCTACCTGACCCGAAGGAGA,Hoxc4"
"sgRNA_00482,GGAATATTACGGCCGGACCA,Hoxc4"
"sgRNA_00483,ACAACCGCTACCTGACCCGA,Hoxc4"
"sgRNA_00484,AGAGCGGCTGCGATTTCTCA,Hoxc4"
"sgRNA_00485,CAGGACCTGCTGCCGGGTGT,Hoxc4"
"sgRNA_00486,GGTACCAGGCAAGACCCTTG,Hs3st3b1"
"sgRNA_00487,GCTACCACAAGGGTCTTGCC,Hs3st3b1"
"sgRNA_00488,GCAGGCAAGGATAAGACAGT,Hs3st3b1"
"sgRNA_00489,AGCACCTCGCGCGCGATGGT,Hs3st3b1"
"sgRNA_00490,GCACCCCACCATCGCGCGCG,Hs3st3b1"
"sgRNA_00491,AGTGAACACGAAATACAAGG,Hs3st5"
"sgRNA_00492,GGTGAGAAAAGGGGGCACAA,Hs3st5"
"sgRNA_00493,TGAAGTGAACACGAAATACA,Hs3st5"
"sgRNA_00494,GCAATTTGGTAATGACGGAG,Hs3st5"
"sgRNA_00495,GATTATACTCAGGTGCTAGA,Hs3st5"
"sgRNA_00496,AGAGATGGGAAGTCGCATCG,Hsbp1l1"
"sgRNA_00497,GACGCCGGAAGTTCCCTGTG,Hsbp1l1"
"sgRNA_00498,CGAGGACTTACAGAGAAACG,Hsbp1l1"
"sgRNA_00499,CGTGGATGACCTCATGACTC,Hsbp1l1"
"sgRNA_00500,CGATCCCGGCCTGAGTCATG,Hsbp1l1"
"sgRNA_00501,GGTGACCAGGGCATGCAGAG,Hsh2d"
"sgRNA_00502,AGGAAAGGGTGTAGCCCACA,Hsh2d"
"sgRNA_00503,GGACTGGTTTGTGCACACCC,Hsh2d"
"sgRNA_00504,CAGGGCTGCTGAGAACATGT,Hsh2d"
"sgRNA_00505,GACTTGCTGCCGTCACTTCA,Hsh2d"
"sgRNA_00506,AGCACAAACAGAGACCTGGT,Hspa4l"
"sgRNA_00507,AGAGGAGATTGACCACACCG,Hspa4l"
"sgRNA_00508,AGCTTCATCAGCATTCAGGG,Hspa4l"
"sgRNA_00509,GAAGAGGAGATTGACCACAC,Hspa4l"
"sgRNA_00510,GTAAGGAACAAGGTCAGTTA,Hspa4l"
"sgRNA_00511,GAAGAAAAGGAAGTTCCGGT,Ido1"
"sgRNA_00512,GTCTTATGCAGACTGTGTCC,Ido1"
"sgRNA_00513,CATACCCAGACAGATATATG,Ido1"
"sgRNA_00514,TAGGGAACAGCAATATTGCG,Ido1"
"sgRNA_00515,AGTAGGGAACAGCAATATTG,Ido1"
"sgRNA_00516,GAAGGACAGAATTCACTGTG,Ifi44"
"sgRNA_00517,TGAAGATGGAATCTCTGACA,Ifi44"
"sgRNA_00518,GTACAGGACATATTCCATCA,Ifi44"
"sgRNA_00519,TGAGTAATTATGTCTCAGAG,Ifi44"
"sgRNA_00520,TTATTCTGTGTGACTCACTG,Ifi44"
"sgRNA_00521,TGTTGATAGCGACAGCTGGA,Il13ra2"
"sgRNA_00522,AAGTTGAAAAACTGTATAGC,Il13ra2"
"sgRNA_00523,GATCAGAAGTACAAAGTCCA,Il13ra2"
"sgRNA_00524,CAGCATGATGAAAAAAATGT,Il13ra2"
"sgRNA_00525,ATTTCATAAGTGTAACACCT,Il13ra2"
"sgRNA_00526,GGGCTGGAAGAAACTCTCAG,Il21r"
"sgRNA_00527,GCACGTGTACCATATATGTG,Il21r"
"sgRNA_00528,GCCACCTCACCACAGCATAG,Il21r"
"sgRNA_00529,AGAGTGTGGCAGCTTTGTCC,Il21r"
"sgRNA_00530,GGAATTGAGACAAGCGCATA,Il21r"
"sgRNA_00531,GCAGAGCAGTAATAATGCTA,Il23a"
"sgRNA_00532,GCTTATAAAAAGCCAGACCT,Il23a"
"sgRNA_00533,TGACTCTGACATCTTCAAAG,Il23a"
"sgRNA_00534,TGCTCCGTGGGCAAAGACCC,Il23a"
"sgRNA_00535,TGCTTGCAAAGGATCCGCCA,Il23a"
"sgRNA_00536,GATCCCTAGTACCTCATATG,Il2rb"
"sgRNA_00537,TATGTCAAGGAGGTCCACGG,Il2rb"
"sgRNA_00538,GTTGTAGAAGCATTCAAGAT,Il2rb"
"sgRNA_00539,ACGTAGAGGGACAGGCTCCA,Il2rb"
"sgRNA_00540,AGGTATCTGAGCCATGACAT,Il2rb"
"sgRNA_00541,AAGGGGTGAAAGCAACTGGA,Il7r"
"sgRNA_00542,GAAAGTGGAAATGCCCAGGA,Il7r"
"sgRNA_00543,GGGAGACTAGGCCATACGAC,Il7r"
"sgRNA_00544,AGTACTGAGGAAGTGGAGAT,Il7r"
"sgRNA_00545,GACTTCCATCCACTTCCAAC,Il7r"
"sgRNA_00546,GCGATCAGAAAGCTTCATGT,Inhba"
"sgRNA_00547,GGACACTGGAAAGATGTGCC,Inhba"
"sgRNA_00548,GGCAAAGGTGATGATCTCCG,Inhba"
"sgRNA_00549,AGGGGCTGTGACCCCTCATG,Inhba"
"sgRNA_00550,AGTGGTTAATGACTGTTGAG,Inhba"
"sgRNA_00551,GCTGTTGACGAACCCCAAGG,Inpp5d"
"sgRNA_00552,AGGACTCGGTCGCACCAGGA,Inpp5d"
"sgRNA_00553,TGTTCAATGGAACCTCCTTG,Inpp5d"
"sgRNA_00554,GAAGAGGTGGGTGAAGCGGT,Inpp5d"
"sgRNA_00555,AAGATGAGGGAGAAGCTCTA,Inpp5d"
"sgRNA_00556,GCAGAGGAACGGAATCCAGG,Insc"
"sgRNA_00557,GGGACCGGCAGAGCTCAATC,Insc"
"sgRNA_00558,AGACTCGGTTCAGCGCTGGA,Insc"
"sgRNA_00559,GGCAAAGCCCATCAGCCTGG,Insc"
"sgRNA_00560,GACGTGCCATGCACGCTCCA,Insc"
"sgRNA_00561,GATGCTACCGTCGAGCAGCG,Irg1"
"sgRNA_00562,AAGCCAAAGACATACCAAAG,Irg1"
"sgRNA_00563,GATGCTATGCAGGGACACGG,Irg1"
"sgRNA_00564,GTAGGACAGCCCCAGAAGGG,Irg1"
"sgRNA_00565,GCGAGGCACAGGCCACATAC,Irg1"
"sgRNA_00566,GTATTGGTCAGCAAGAACAT,Itgal"
"sgRNA_00567,AGGGTACAGGACAGGAATGT,Itgal"
"sgRNA_00568,GTACAGGACAGGAATGTGGG,Itgal"
"sgRNA_00569,TGTAATGATGACAAGCACCT,Itgal"
"sgRNA_00570,GATGTGAGAGGGGGCTACCT,Itgal"
"sgRNA_00571,AGTCTGGAGCAAACACATAC,Itk"
"sgRNA_00572,CTACTTTGAGGACCGCCACG,Itk"
"sgRNA_00573,TGGACAGCTCCGAGATCCAC,Itk"
"sgRNA_00574,TTGCTCCAGACTGTGAGAGT,Itk"
"sgRNA_00575,ATATGCACCAAGCAGTTACC,Itk"
"sgRNA_00576,GGTGGAAGGGATGATCCTAG,Jchain"
"sgRNA_00577,AGTCAGGGTAGCAAGAATCG,Jchain"
"sgRNA_00578,GATGATCCTAGAGGTAACTC,Jchain"
"sgRNA_00579,GTTTCTGTCATACATGTAGC,Jchain"
"sgRNA_00580,TGTGTACCCGAGTTACCTCT,Jchain"
"sgRNA_00581,GTACGTGGAAGGAGTATGTG,Kcnc2"
"sgRNA_00582,GCACATAGGCGAATACTCCT,Kcnc2"
"sgRNA_00583,GCACCCTCAGACCTACGAAA,Kcnc2"
"sgRNA_00584,GTAGTGACCATGACTACCTT,Kcnc2"
"sgRNA_00585,TGGAAGGAGTATGTGTGGTG,Kcnc2"
"sgRNA_00586,GATGAGGAAAGCGTCCACGA,Kcnj3"
"sgRNA_00587,GCATGCGGTTATCTCCATGA,Kcnj3"
"sgRNA_00588,GACCTGAACAAAGCCCATGT,Kcnj3"
"sgRNA_00589,GAAGAGCCAGGCCACGGTGT,Kcnj3"
"sgRNA_00590,TGGGTGATCGCTTATACCCG,Kcnj3"
"sgRNA_00591,GTAGTCCCCTAGGCCAATGG,Kcnk6"
"sgRNA_00592,AGTCTGCAACACGAGCACCA,Kcnk6"
"sgRNA_00593,TGAGGCAGTCAGAAGTAGCA,Kcnk6"
"sgRNA_00594,CATGGAGGTCGGAAACACGG,Kcnk6"
"sgRNA_00595,GCAGCAAGATGAGTTCTGTG,Kcnk6"
"sgRNA_00596,GAAATTCCGAAGCCCCACCA,Kcnu1"
"sgRNA_00597,GGCCAGGAGAGAATCCAAGA,Kcnu1"
"sgRNA_00598,GACCGTCGTGGGGCAAGTGT,Kcnu1"
"sgRNA_00599,AGAAATGGTTGGCTAGAATC,Kcnu1"
"sgRNA_00600,AGACAAGATCAAGTTCTGGT,Kcnu1"
"sgRNA_00601,GTCCAAGAGAAGCCCAAAGT,Kctd14"
"sgRNA_00602,AAACTACAGAGAAAACCTGG,Kctd14"
"sgRNA_00603,TGAGCCTGGATGCTTCATCA,Kctd14"
"sgRNA_00604,TGGGCACCTGCCCAGTGCGC,Kctd14"
"sgRNA_00605,AGAAGGACATTAGAGCCAAG,Kctd14"
"sgRNA_00606,GAAGAGCTGCAGATCACTGC,Krt1"
"sgRNA_00607,TGAGTTCGTGACCATCAAGA,Krt1"
"sgRNA_00608,GTCCATGGACAGGACAACAT,Krt1"
"sgRNA_00609,AGTGTGCAGGTACCTTGCTC,Krt1"
"sgRNA_00610,GAAGAGTGACCAGTCACGGA,Krt1"
"sgRNA_00611,TGGAGATTGAGACCTACCGC,Krt12"
"sgRNA_00612,TGGAAAACAAAATTCGAGAG,Krt12"
"sgRNA_00613,GGCTCGCTGGCTGAAACCGA,Krt12"
"sgRNA_00614,GCTGCTGCACCTGAGACAGT,Krt12"
"sgRNA_00615,TGACAGACTAGCTTCCTACC,Krt12"
"sgRNA_00616,GCTGTGGAAGCTGATCTCCA,Krt20"
"sgRNA_00617,GCAGAACCTGAACGACAGAT,Krt20"
"sgRNA_00618,GCTTAGCATTGTCAATTCGC,Krt20"
"sgRNA_00619,AGGAAGTTGAGGTTCTTCGC,Krt20"
"sgRNA_00620,GTAGGAGCTATAGTCTCGGA,Krt20"
"sgRNA_00621,TGGCAGTGTCAGCTGTACGA,Lag3"
"sgRNA_00622,GCGGTTCGGGAGGCGCACGG,Lag3"
"sgRNA_00623,GACATTGAAGCCATCTCTGT,Lag3"
"sgRNA_00624,GCCTGGGAAAGAGCTCCCCG,Lag3"
"sgRNA_00625,GACAGCTTGAGGACTCCTGA,Lag3"
"sgRNA_00626,AGACCAAGGCCTTTACATGT,Lcn8"
"sgRNA_00627,GGTGCTGAAGGCTCAAAGGA,Lcn8"
"sgRNA_00628,GCTACAAGCTGAGTCTACCA,Lcn8"
"sgRNA_00629,GTTCAGAAAGAGACACTGTG,Lcn8"
"sgRNA_00630,TGGTGCTGAAGGCTCAAAGG,Lcn8"
"sgRNA_00631,AGAGCTGTCTCTAACCAGGA,Lcp2"
"sgRNA_00632,GTGAAGAAATACCACATTGA,Lcp2"
"sgRNA_00633,AGAGAAGTATGGCGGCAGGG,Lcp2"
"sgRNA_00634,GGAAAGTCAAGTCTACTTGT,Lcp2"
"sgRNA_00635,GAAGGGCTCTCGGTCAAGAG,Lcp2"
"sgRNA_00636,GATGTCACCAGATATGTCAA,Lgals12"
"sgRNA_00637,GACTCTGGCAAAAAGAGATC,Lgals12"
"sgRNA_00638,CTGGGGGTGAAAGAGGAAGG,Lgals12"
"sgRNA_00639,GCTTGACAGTGTAGAATCGA,Lgals12"
"sgRNA_00640,TGGCCTGTATGCAGGCAAGA,Lgals12"
"sgRNA_00641,GAACGACAAAATCTGAGAGT,Lgi2"
"sgRNA_00642,GTTTAAAGAAATCTATGTGC,Lgi2"
"sgRNA_00643,AAGGAGTCCATCATCTGCGT,Lgi2"
"sgRNA_00644,GGCCAGCAAAGGCATCGTCC,Lgi2"
"sgRNA_00645,CAGGTCACGGAGGCCCCGAA,Lgi2"
"sgRNA_00646,TGTGAAAATAGACGACATGG,Lrig1"
"sgRNA_00647,GATGCACACCCACACCAGCG,Lrig1"
"sgRNA_00648,AGTGGTTTGTGATGATACAC,Lrig1"
"sgRNA_00649,GATGTGAAAATAGACGACAT,Lrig1"
"sgRNA_00650,AGTCTGGTGGAAGTGAACAG,Lrig1"
"sgRNA_00651,ATGCAAGCGCAACACATCGA,Lrrc26"
"sgRNA_00652,GCTCACCTGAGGCTGGACGC,Lrrc26"
"sgRNA_00653,TTACGCAGCCAAGTGCAAAG,Lrrc26"
"sgRNA_00654,GTGCACGCACGAGCTTTCTG,Lrrc26"
"sgRNA_00655,TGAGCACGGAGCCCAATGCC,Lrrc26"
"sgRNA_00656,GATGAACACCGACAGGCAGA,Lrrc66"
"sgRNA_00657,TGAGAACCAGAACCCTTCGT,Lrrc66"
"sgRNA_00658,GGTCACAATCGGTACCAGAG,Lrrc66"
"sgRNA_00659,GGTGTTCATCACGTTTGTGG,Lrrc66"
"sgRNA_00660,CTTCAAAGGAATCAACTCAG,Lrrc66"
"sgRNA_00661,GCCCTCCAGCAGCAACTCGG,Ltb"
"sgRNA_00662,GGTGAGGGCAAGATGCACGA,Ltb"
"sgRNA_00663,CGTTATGGTACACGAGCGTG,Ltb"
"sgRNA_00664,GATAGGCACTGCCAACAACA,Ltb"
"sgRNA_00665,TGTGGCAGGAGCTACTTCCC,Ltb"
"sgRNA_00666,GATCCGATGAACCAAAGGCA,Ltbp2"
"sgRNA_00667,TGGGCGATGCAGCAACACGG,Ltbp2"
"sgRNA_00668,GTTCAGAGTAGCATTCCATG,Ltbp2"
"sgRNA_00669,GCCACCCTGACTGTACAAGG,Ltbp2"
"sgRNA_00670,GTTAGAGAGAGGCAGCGTGA,Ltbp2"
"sgRNA_00671,GAGATACCAAGGCTACACTG,Ltf"
"sgRNA_00672,GGATTGTGTGAACAGACCAG,Ltf"
"sgRNA_00673,GATTTCTTGACACAACTGAG,Ltf"
"sgRNA_00674,GATCCCCGGCAAAACCACAT,Ltf"
"sgRNA_00675,GAAGCCGGTGACAGAATACA,Ltf"
"sgRNA_00676,GACACTCTGGGAAACCCTGA,Ly9"
"sgRNA_00677,AGGCTTTGCAGGTATAGGGT,Ly9"
"sgRNA_00678,AGACACTCTGGGAAACCCTG,Ly9"
"sgRNA_00679,GGAGGCCTCTGAGCACACAT,Ly9"
"sgRNA_00680,GTACTCACTGTAGACAAGCA,Ly9"
"sgRNA_00681,GTGCTGTTGGCACTGATATT,Lypd2"
"sgRNA_00682,TGCACTCACAGGATTCGCAC,Lypd2"
"sgRNA_00683,GATCCTACTGACCAATCTCC,Lypd2"
"sgRNA_00684,TGACCTATGCAACGTGGATG,Lypd2"
"sgRNA_00685,CAAGACTACGCTCTACTCCC,Lypd2"
"sgRNA_00686,GCCGTGGAGTACATGGAGCG,Matn4"
"sgRNA_00687,GTCACGATGACCAAGACGCG,Matn4"
"sgRNA_00688,GCAGGGCACCATGACCGGGC,Matn4"
"sgRNA_00689,CGGCGCGAAAAGGCGCCCAG,Matn4"
"sgRNA_00690,GCCCACTAGGAACTGCCTCA,Matn4"
"sgRNA_00691,AGCTGGTGCTGAATGTCTGG,Mb"
"sgRNA_00692,CGCCACCAAGCACAAGATCC,Mb"
"sgRNA_00693,TTGGGCTAGAGGCTGGATCT,Mb"
"sgRNA_00694,AAGTCAGAGGAAGATATGAA,Mb"
"sgRNA_00695,AAGGTGGAGGCCGACCTTGC,Mb"
"sgRNA_00696,AGTCAGGAAAGGTGGCACAG,Misp"
"sgRNA_00697,GGGAAATGGAGAGTGTCCTG,Misp"
"sgRNA_00698,TGGGAGCCACAAGGGTAAAG,Misp"
"sgRNA_00699,AAGAAGATCATCGACGAGAG,Misp"
"sgRNA_00700,GATGCCTACCAGCCATATCT,Misp"
"sgRNA_00701,GGTTCGCTAATGCTAGACGT,Mkx"
"sgRNA_00702,ATGTTCAGGGCAACGCTGAA,Mkx"
"sgRNA_00703,GTCGGCTGAAGAACACTGTC,Mkx"
"sgRNA_00704,GGTGGCCATGACATGTCTCA,Mkx"
"sgRNA_00705,GAAGGTAAGGCATAAGCGAC,Mkx"
"sgRNA_00706,GAAACGGGACAAGTCTGTGG,Mmp3"
"sgRNA_00707,CGATGATGAACGATGGACAG,Mmp3"
"sgRNA_00708,AGCAGCAACCAGGAATAGGT,Mmp3"
"sgRNA_00709,ACTTTGACGATGATGAACGA,Mmp3"
"sgRNA_00710,CAGGATTGTGAATTATACAC,Mmp3"
"sgRNA_00711,GGTGAAGGGAAAGTGACATG,Mmp9"
"sgRNA_00712,GTACCGCTATGGTTACACCC,Mmp9"
"sgRNA_00713,AGGGTACAGCCTGTTCCTGG,Mmp9"
"sgRNA_00714,CGGCCCGGGTGTAACCATAG,Mmp9"
"sgRNA_00715,CGCTTCGGGTCCGTACACGC,Mmp9"
"sgRNA_00716,GCTGTCTGTGAACACCACGG,Msi1"
"sgRNA_00717,GAACTGGTAGGTGTAACCAG,Msi1"
"sgRNA_00718,GAAGGGCTGCGCGAATACTT,Msi1"
"sgRNA_00719,GGACGAAGAAGATCTTCGTG,Msi1"
"sgRNA_00720,TGTTCATCGGAGGACTCAGT,Msi1"
"sgRNA_00721,AAGGTACAGGAGTAGATCCG,Mtnr1a"
"sgRNA_00722,AGGCCACAATAAGACCTATG,Mtnr1a"
"sgRNA_00723,GAACACTCCAGTACGATCCC,Mtnr1a"
"sgRNA_00724,GTTGAGTGGGGCCCAACAAA,Mtnr1a"
"sgRNA_00725,TGAGCTGACAGACTGGGTGA,Mtnr1a"
"sgRNA_00726,GCTGCCCATAGCTCTTTCGG,Muc1"
"sgRNA_00727,AGAACTGGTAGGTAGCACCG,Muc1"
"sgRNA_00728,CGTGGTGGTAGAATCGACTG,Muc1"
"sgRNA_00729,AGGCACTAAAAGTACCCTCC,Muc1"
"sgRNA_00730,GCTTATACAGCATAAGAAGG,Muc1"
"sgRNA_00731,GTTGAAGGCAACCAACCCCT,Muc20"
"sgRNA_00732,GTGCTCAGTGAGGTCCTTAG,Muc20"
"sgRNA_00733,GAGAGCCGTGAAACTCACGA,Muc20"
"sgRNA_00734,AGGCCACGGTCAGCCGTACA,Muc20"
"sgRNA_00735,TGTCACCGAAGTTCCAACAG,Muc20"
"sgRNA_00736,GAATATCGAAACCACACAGA,Muc4"
"sgRNA_00737,TGGTACCAGACACAGAACGA,Muc4"
"sgRNA_00738,GTAGAAGGAATCCCGCAGGG,Muc4"
"sgRNA_00739,GAAGTTGGCATTATCCAAAG,Muc4"
"sgRNA_00740,AGCCAGGGAACTCTCCAGTG,Muc4"
"sgRNA_00741,GCTGCACAACTACTCTGCAG,Nat8l"
"sgRNA_00742,GGTAGGCCAGAATCACCTTG,Nat8l"
"sgRNA_00743,GTGCAGCGCACACTCCAGGT,Nat8l"
"sgRNA_00744,GCCAGCGAGAGGGTCATGCC,Nat8l"
"sgRNA_00745,GCGGGTCACAGCAAAACAGA,Nat8l"
"sgRNA_00746,AGGAGGTCACATCAACTCTG,Ndnf"
"sgRNA_00747,TGTCACTGTGACTGACAGTG,Ndnf"
"sgRNA_00748,AGACAGTGGAACTCAAAGAC,Ndnf"
"sgRNA_00749,ACAACCCATAGAGTACTGTG,Ndnf"
"sgRNA_00750,AGAGAGCAAAACCAGTGCCT,Ndnf"
"sgRNA_00751,GACTCCCGGGAGTCCATAGG,Nfkbid"
"sgRNA_00752,GGTGGCAGCCACGTGCAAGA,Nfkbid"
"sgRNA_00753,TGCACCTGTTTGCTGCCCGG,Nfkbid"
"sgRNA_00754,CTGGAAGCCAGAGACTTCGA,Nfkbid"
"sgRNA_00755,GCAAGACGGAACGGCCCTGG,Nfkbid"
"sgRNA_00756,GCAACAGAATAGCACCGACG,Nfkbie"
"sgRNA_00757,CGGTTGGTTCCTCTGCAATG,Nfkbie"
"sgRNA_00758,GGCGCTCACATACATCTCTG,Nfkbie"
"sgRNA_00759,GAAGGATTCAGTGAGAGAGG,Nfkbie"
"sgRNA_00760,AGTGATTCACGAAGCCCCGT,Nfkbie"
"sgRNA_00761,AGACCTCATAGCCAGCACAG,Ngfr"
"sgRNA_00762,TGGAGCAATAGACAGGAATG,Ngfr"
"sgRNA_00763,GAGGTCGAGAAGCTGCTCAA,Ngfr"
"sgRNA_00764,GCCAAGATGGAGCAATAGAC,Ngfr"
"sgRNA_00765,GACAGGAATGAGGTTGTCAG,Ngfr"
"sgRNA_00766,GGCCACTATCCAGAAATCAG,Nkg7"
"sgRNA_00767,GACACAGAGCTTCTGTATCC,Nkg7"
"sgRNA_00768,GACCACTGATTTCTGGATAG,Nkg7"
"sgRNA_00769,AGTCTGGCTCCATCTCATAC,Nkg7"
"sgRNA_00770,GGGTTCTACAGTGAGCACCC,Nkg7"
"sgRNA_00771,ACTGTATGGACATAGCTCTG,Nkx2-3"
"sgRNA_00772,GCAAGCTCAGGTCTTTGAGC,Nkx2-3"
"sgRNA_00773,GCTGCAGGCGGGTTGCATGG,Nkx2-3"
"sgRNA_00774,GTTCACAAAGGATCCACCGC,Nkx2-3"
"sgRNA_00775,TGGGCCCGCTGCAAGCGTCT,Nkx2-3"
"sgRNA_00776,GGAGATCCTAGGTTTCTCTG,Nlrp3"
"sgRNA_00777,GATACTGAGCCAGCTTGCAA,Nlrp3"
"sgRNA_00778,GACGAGTGTCCGTTGCAAGC,Nlrp3"
"sgRNA_00779,AGCCTTGAAGAAGAGTGGAT,Nlrp3"
"sgRNA_00780,GGTGCAGAAGCCCCTCACAG,Nlrp3"
"sgRNA_00781,AGATGCCGACACCATACTGG,Nod2"
"sgRNA_00782,GACTGTGTCCAGCAGACGCC,Nod2"
"sgRNA_00783,AGCACACTCAACCAGCGTGC,Nod2"
"sgRNA_00784,CAGAGATGCCGACACCATAC,Nod2"
"sgRNA_00785,GCAGAGTCTGGACTGACGTG,Nod2"
"sgRNA_00786,GATGTAGTTGAACATCCCAT,Nos1"
"sgRNA_00787,GGGCACAATCCACACCCAGT,Nos1"
"sgRNA_00788,GCCAGGAGGAGCACACCCCG,Nos1"
"sgRNA_00789,ATGGGGCAAGAACCCCACAA,Nos1"
"sgRNA_00790,GCTGCTTGTAGCCGGCATAG,Nos1"
"sgRNA_00791,GATGTTGATGGGCAGCACGA,Npbwr1"
"sgRNA_00792,GATAAGGCGTCCAGCAGAGG,Npbwr1"
"sgRNA_00793,GAAAGTGTTGTACTGGTCGA,Npbwr1"
"sgRNA_00794,AGCGCGTGCTGTCAGTCTGG,Npbwr1"
"sgRNA_00795,GAGCGCCGACCGATACCTGG,Npbwr1"
"sgRNA_00796,GCCCGGCAACATCATCCCGT,Nptx2"
"sgRNA_00797,GCTGCCGAGCGACTTCCGAG,Nptx2"
"sgRNA_00798,GTAGTTTGTACGGAGAGGAA,Nptx2"
"sgRNA_00799,TGGCACCCCATTAAGCCAGG,Nptx2"
"sgRNA_00800,AGGGTGACTGAGCTGGAGCG,Nptx2"
"sgRNA_00801,AGTGCCTCAAAGTGGGCATG,Nr2f1"
"sgRNA_00802,GCTTCTCACATACTCCTCCA,Nr2f1"
"sgRNA_00803,ACCTGACGTGAATAGCACGA,Nr2f1"
"sgRNA_00804,GAACACTGGATGGACATGTA,Nr2f1"
"sgRNA_00805,TGAATAGCACGATGGCTTTG,Nr2f1"
"sgRNA_00806,GCTTCTGGACACGTCAATGG,Nr4a3"
"sgRNA_00807,AGTGTCGGGATGGTTAAGGA,Nr4a3"
"sgRNA_00808,GAAGGCACTGAAGTCGATGC,Nr4a3"
"sgRNA_00809,GAAATCTGCAGTACTGACAT,Nr4a3"
"sgRNA_00810,GCATTCATCATACAGATCGG,Nr4a3"
"sgRNA_00811,GCATACAAGGAAATGGAGGG,Nrep"
"sgRNA_00812,GCTGCCTGGCGGAGTCAGCG,Nrep"
"sgRNA_00813,GGGACGATTAAAAAGGGTGG,Nrep"
"sgRNA_00814,TTTGCATACAAGGAAATGGA,Nrep"
"sgRNA_00815,GGTGGGACGATTAAAAAGGG,Nrep"
"sgRNA_00816,AGCATAAAGAGGCAAAGTTG,Nsun7"
"sgRNA_00817,GAAGCGGTAATAAAAATGGG,Nsun7"
"sgRNA_00818,GATGTCCTAATGGTCAACAC,Nsun7"
"sgRNA_00819,GGTACTGAAAGCCAACTCAT,Nsun7"
"sgRNA_00820,ACACCGAGGCTGGAACAGCG,Nsun7"
"sgRNA_00821,TGGAGGGACCCACAGATTGG,Nudt17"
"sgRNA_00822,GATCCAAGTAAACCCAAATG,Nudt17"
"sgRNA_00823,TGTCCTTCTGGGGTTATGGG,Nudt17"
"sgRNA_00824,GACTTCCAGATACTGGAGTG,Nudt17"
"sgRNA_00825,AGCCCCAGCTCAGCCTAGGA,Nudt17"
"sgRNA_00826,TGGACCTGGTTATAAAATAC,Oas2"
"sgRNA_00827,TGACAGAGGAAGCTATGGCC,Oas2"
"sgRNA_00828,AGAGTCGTAACTCTCCAGCG,Oas2"
"sgRNA_00829,GGAGTGACGAAAAGTGGCAT,Oas2"
"sgRNA_00830,GCAGTTAGAAGAATTCGTGC,Oas2"
"sgRNA_00831,GTCGCTTTGTATCTACTGGA,Oas3"
"sgRNA_00832,AAAGATGGTAAGCAGCTCTA,Oas3"
"sgRNA_00833,GGATCCAGCTGATCCAACGT,Oas3"
"sgRNA_00834,AGGAGCGAGGAGTACACCTG,Oas3"
"sgRNA_00835,GAAGATGACGAGTTCGACAT,Oas3"
"sgRNA_00836,CCGGCAGGGAAACAGAACAC,Olfm4"
"sgRNA_00837,TGTGGATGAGCAAGCACTGT,Olfm4"
"sgRNA_00838,CTGTGGATGAGCAAGCACTG,Olfm4"
"sgRNA_00839,GACACAAACACAGAGAGGGA,Olfm4"
"sgRNA_00840,AGTGCTTATCACCTCAAGAG,Olfm4"
"sgRNA_00841,TATCAGTGGGTTCAGCACTG,Olfr109"
"sgRNA_00842,TGATAGCAGTGTAGCGAAGT,Olfr109"
"sgRNA_00843,GGCCATCACAGCCAGCAAGA,Olfr109"
"sgRNA_00844,GATGCAGCCTAGGAATGATA,Olfr109"
"sgRNA_00845,CACAGGCAGTATATCCATGG,Olfr109"
"sgRNA_00846,GACTGGCAGTAGAACACACT,Olfr11"
"sgRNA_00847,AGGATACAGCCGCCAACTGA,Olfr11"
"sgRNA_00848,TGAGAGAGAGAGGTGTTAGG,Olfr11"
"sgRNA_00849,GAAAGTGGTCTATGACATAG,Olfr11"
"sgRNA_00850,GCAATAATTCCATAGAAAAG,Olfr11"
"sgRNA_00851,TTAGCAGCTTCATGCTGGAC,Olfr110"
"sgRNA_00852,ATCCTGTAATTTATACGCTA,Olfr110"
"sgRNA_00853,TCTCAACTCAGTGTTGCACA,Olfr110"
"sgRNA_00854,AATTTATACGCTAAGGAATA,Olfr110"
"sgRNA_00855,TTCCTTAGCGTATAAATTAC,Olfr110"
"sgRNA_00856,GGGCAGGTGGAAGGTCAGAA,Olfr111"
"sgRNA_00857,AGGCTGCTAACCAGCTGCAC,Olfr111"
"sgRNA_00858,TTCCTCAGTGCATAAATTAT,Olfr111"
"sgRNA_00859,GAAAGGATGATGCACAGGAA,Olfr111"
"sgRNA_00860,GCTGGTTAGCAGCCTCATGC,Olfr111"
"sgRNA_00861,AGAATGCAGACGTTGGTCCA,Olfr125"
"sgRNA_00862,ACATGGGAGAATGCAGACGT,Olfr125"
"sgRNA_00863,AGCAGAGATCCAAAAAAGAG,Olfr125"
"sgRNA_00864,AACATGACTACAAACAAATG,Olfr125"
"sgRNA_00865,AAACAAATGTGGTAGACAGG,Olfr125"
"sgRNA_00866,GTAAGGGTAAAAGTAACACG,Olfr13"
"sgRNA_00867,TGATGGCAGAGTAACGGAGT,Olfr13"
"sgRNA_00868,AGGACATCACCACTAGGAGA,Olfr13"
"sgRNA_00869,TGGGGAATGGAACCATCGTG,Olfr13"
"sgRNA_00870,TGCATAAGAGACCACAATTG,Olfr13"
"sgRNA_00871,GCCACACAGGGGTACCCAGA,Olfr137"
"sgRNA_00872,ATGTGAGAGGGGCAATAAGG,Olfr137"
"sgRNA_00873,AGAGAGAAACAACAGTAAGA,Olfr137"
"sgRNA_00874,GCCAGCAGTTGGCAAAAACG,Olfr137"
"sgRNA_00875,AGAGGTTAAATAGCAGCTGG,Olfr137"
"sgRNA_00876,AAAATGCTATACGAATGTCC,Olfr142"
"sgRNA_00877,CAAGCTTAAATAATTGTTGC,Olfr142"
"sgRNA_00878,TTCAACAACACCAAAGAAAT,Olfr142"
"sgRNA_00879,GTCATCCTGTTCTTTGTGCC,Olfr142"
"sgRNA_00880,GATTAGGATGACAGCATAGG,Olfr142"
"sgRNA_00881,AAAAGGAGTAAGCACACCTG,Olfr145"
"sgRNA_00882,TGGAGTAGCAGAAATCTATA,Olfr145"
"sgRNA_00883,GACTACCAGCTCATTTACAT,Olfr145"
"sgRNA_00884,CAGCACCTATGTAAATGAGC,Olfr145"
"sgRNA_00885,TGTTGTGGGCATTGATATAG,Olfr145"
"sgRNA_00886,CTCATGTAGGATGTATATTT,Olfr146"
"sgRNA_00887,CTGCCTGAGAACATGGAAAA,Olfr146"
"sgRNA_00888,CCCATCATCTTCCCATTCGA,Olfr146"
"sgRNA_00889,TGTTTCAGAAAGTTACATGC,Olfr146"
"sgRNA_00890,TGATGAAAGCATAAGAACTG,Olfr146"
"sgRNA_00891,GATATCACAGAACAGATCTG,Olfr147"
"sgRNA_00892,GAAGAATGTCACATAAGTAA,Olfr147"
"sgRNA_00893,AATAATCTACATAATCACAG,Olfr147"
"sgRNA_00894,TATCACAGAACAGATCTGAG,Olfr147"
"sgRNA_00895,AGGATGTCAAGGTGGCATTA,Olfr147"
"sgRNA_00896,AGATGCTGAAAAATTTATGG,Olfr15"
"sgRNA_00897,AAGGCGCGAAAGCAGGATGA,Olfr15"
"sgRNA_00898,GAGAAACACTACCACCAAGT,Olfr15"
"sgRNA_00899,AACCAGCGTCAACAAGTAAG,Olfr15"
"sgRNA_00900,AGAGAAACACTACCACCAAG,Olfr15"
"sgRNA_00901,ACAGTGACAGAGTTTATCCT,Olfr151"
"sgRNA_00902,TGACAGAGTTTATCCTCGGG,Olfr151"
"sgRNA_00903,GTCTATGCCGTAGGACTCAT,Olfr151"
"sgRNA_00904,TAAAATGCTCATCAACTTTG,Olfr151"
"sgRNA_00905,TGCTGAACCGATGAGTCCTA,Olfr151"
"sgRNA_00906,GAATCTTCAAGACTGAGAGA,Olfr152"
"sgRNA_00907,GGCCACGGAGGTCAGGTGAG,Olfr152"
"sgRNA_00908,GCACAATTAACCATATGCAG,Olfr152"
"sgRNA_00909,GATAGATGGCCACGGAGGTC,Olfr152"
"sgRNA_00910,TACAAGTGGAAACTACACCT,Olfr152"
"sgRNA_00911,CAGGACTAAGGGAATCGAGG,Olfr156"
"sgRNA_00912,ATCCAGGACTAAGGGAATCG,Olfr156"
"sgRNA_00913,GTTGTCAGATCACCCAAAGC,Olfr156"
"sgRNA_00914,GGTCAGCACCCCATAAAATA,Olfr156"
"sgRNA_00915,GGAAGGAGCCAATCAGTCTA,Olfr156"
"sgRNA_00916,AAAAAATGATCACCACGGTG,Olfr157"
"sgRNA_00917,ATCAAGGACTAAGGGAACGG,Olfr157"
"sgRNA_00918,GGTGGGCGGAGAGGCCCAAC,Olfr157"
"sgRNA_00919,CCCATAAAAAATGATCACCA,Olfr157"
"sgRNA_00920,GCTCATCTTGTCAATGTACC,Olfr157"
"sgRNA_00921,GGTGACAAAAAAGAACATTT,Olfr16"
"sgRNA_00922,TGTGAGCAGAAAGCAGTTGT,Olfr16"
"sgRNA_00923,AGCCTGCCAAGGATATGGGA,Olfr16"
"sgRNA_00924,TCAGGCTGGAAAGCATCCGT,Olfr16"
"sgRNA_00925,AAGGTTGTAAAAAATCAGGC,Olfr16"
"sgRNA_00926,GGGGATCTACATAATCACCA,Olfr160"
"sgRNA_00927,TGTTGAGCCTATGAGTCCCA,Olfr160"
"sgRNA_00928,GGAAATGAGTACGGTTAAGC,Olfr160"
"sgRNA_00929,GCCTGTTAGTTAGCCCTCTG,Olfr160"
"sgRNA_00930,TGGTGATTATGTAGATCCCC,Olfr160"
"sgRNA_00931,GCTGCCTGGAGAGTCCCAGA,Olfr161"
"sgRNA_00932,AAGAAAGGCACAAAGCTGAT,Olfr161"
"sgRNA_00933,GACAAGAGGATGCAAACAAA,Olfr161"
"sgRNA_00934,GGCTCAACTCTACTTCTGTG,Olfr161"
"sgRNA_00935,AGATGAGGGGTTGAAATACA,Olfr161"
"sgRNA_00936,AGAAGAGGGAGACAACGAGG,Olfr17"
"sgRNA_00937,ATGAGGTGAAGGCTGCATTG,Olfr17"
"sgRNA_00938,TGGGAACCCGGAGAACCAAG,Olfr17"
"sgRNA_00939,GATCACAGATCGCCATGTAG,Olfr17"
"sgRNA_00940,AGGGAAACTGAAAATCCATG,Olfr17"
"sgRNA_00941,AGCATAGAGATGACACAGTC,Olfr18"
"sgRNA_00942,GATAGGGAGAAAACCAGAGA,Olfr18"
"sgRNA_00943,TGATGGCATTCTAAGAATGG,Olfr18"
"sgRNA_00944,GACGAGGGTTCATAATGAAC,Olfr18"
"sgRNA_00945,GATGCTACTGCACCCTTCCT,Olfr18"
"sgRNA_00946,CCAAAACTAAAAATCCACAG,Olfr19"
"sgRNA_00947,AGCATCTGTTATGTACAGTG,Olfr19"
"sgRNA_00948,AAGATGGGAATCTGTAATGG,Olfr19"
"sgRNA_00949,TTTGCAGCTATACTGCTGGG,Olfr19"
"sgRNA_00950,AAACTAAAAATCCACAGAGG,Olfr19"
"sgRNA_00951,AGAAGATAATCACAACAGTG,Olfr2"
"sgRNA_00952,AGTAAGACAGGCGAGAAATG,Olfr2"
"sgRNA_00953,TGGACAGCTGATCTCCTTTG,Olfr2"
"sgRNA_00954,AGAGCTTACAGACTTTATCC,Olfr2"
"sgRNA_00955,TGTTGGGGCCACAGTAAGAC,Olfr2"
"sgRNA_00956,AGAAAAGGGCTACTACAGAG,Olfr24"
"sgRNA_00957,GCAGGAAAGTCGGAGAAGTG,Olfr24"
"sgRNA_00958,AGAATACCAGACGGGCCATG,Olfr24"
"sgRNA_00959,ACACAGATAGACTCCAATGG,Olfr24"
"sgRNA_00960,GAGGCCAGGATGCAGACAAA,Olfr24"
"sgRNA_00961,AGGATGTGAAGAAAGCATTG,Olfr26"
"sgRNA_00962,TAGAACAGGAGAGATTGAGC,Olfr26"
"sgRNA_00963,GAAATAATGGCTTATGATAT,Olfr26"
"sgRNA_00964,GCATTGGGGAGATTCTTTGT,Olfr26"
"sgRNA_00965,TGAACCCTCCAATAATAAAT,Olfr26"
"sgRNA_00966,ACTCTGCAATACCAAATATG,Olfr27"
"sgRNA_00967,TTCAATGATAAACGTATTAG,Olfr27"
"sgRNA_00968,GGAGTGAATGCAGAGGATGG,Olfr27"
"sgRNA_00969,CATCCTCTGCATTCACTCCA,Olfr27"
"sgRNA_00970,CATCTCTTACTCTGGATGTA,Olfr27"
"sgRNA_00971,TAGAAACGGAAGCATAATGG,Olfr3"
"sgRNA_00972,GGTTCCCCAGCACTGTAATA,Olfr3"
"sgRNA_00973,CTGCTGTGAAGATTACCAGT,Olfr3"
"sgRNA_00974,TTGCGGGTCCCATCTCTCAG,Olfr3"
"sgRNA_00975,CAGCACTGTAATAAGGTACA,Olfr3"
"sgRNA_00976,AGAGCTCATATGGTAGACAG,Olfr31"
"sgRNA_00977,AGTGGCCAGAATCCGCGCAT,Olfr31"
"sgRNA_00978,TTGAGCTGTGCATCCCACAA,Olfr31"
"sgRNA_00979,TGATAATCCAACAGATCCGG,Olfr31"
"sgRNA_00980,GTAAGAGTGTGGTACCATAT,Olfr31"
"sgRNA_00981,GACAACCATAGTAAGGTGAG,Olfr38"
"sgRNA_00982,AGCACAGGACAACCATAGTA,Olfr38"
"sgRNA_00983,GACGACAGCAAGGGTTTCAC,Olfr38"
"sgRNA_00984,AAGGAATAAAGAGGTTAAGG,Olfr38"
"sgRNA_00985,AGCCAATCTGACGACAGCAA,Olfr38"
"sgRNA_00986,TTGAGTGAGGCACTGCATGT,Olfr39"
"sgRNA_00987,TAAAAAAATAGACTTGAGTG,Olfr39"
"sgRNA_00988,GACAGGAAACACACATAACA,Olfr39"
"sgRNA_00989,CATCAGTCCCAGCTGAACTG,Olfr39"
"sgRNA_00990,AACACATGTCTACAAATGAG,Olfr39"
"sgRNA_00991,GATGTACTTCATGATAGGCT,Olfr43"
"sgRNA_00992,GGCATGGTCTCACATGAGGG,Olfr43"
"sgRNA_00993,TGTGGAAAAGACCCGGACGT,Olfr43"
"sgRNA_00994,TGTTCCCAAACACTGTGATG,Olfr43"
"sgRNA_00995,GCACAGATGTACTTCATGAT,Olfr43"
"sgRNA_00996,ACTCCGCAATTGCAAATATG,Olfr44"
"sgRNA_00997,TTTATATGATCACTGTAGCA,Olfr44"
"sgRNA_00998,TGTAGGAAGTAATAATGGTC,Olfr44"
"sgRNA_00999,AGAATGAATGATATGACATC,Olfr44"
"sgRNA_01000,ATCACTGTAGCAGGGAATTT,Olfr44"
"sgRNA_01001,CCCCACTAAAGTGAACACAC,Olfr47"
"sgRNA_01002,CAGGAGAAAGCTGACTATCC,Olfr47"
"sgRNA_01003,AAACTACCAAGGCTTGTGGT,Olfr47"
"sgRNA_01004,CCTGTGTGTTCACTTTAGTG,Olfr47"
"sgRNA_01005,AAAGTCATTCTTGTTTGGTG,Olfr47"
"sgRNA_01006,TGTGAGAAAGCAGCCTAACT,Olfr52"
"sgRNA_01007,GAGTGTGAATCAATGCCATG,Olfr52"
"sgRNA_01008,ATGGCAATAGGATAGGCGGA,Olfr52"
"sgRNA_01009,TTGTGACCATATACAATAGA,Olfr52"
"sgRNA_01010,GGTATCAGAGTGCTTGCTCC,Olfr52"
"sgRNA_01011,GAACATGACAAGTAAAATGG,Olfr55"
"sgRNA_01012,GAAGGGGGTGAGGACTGTGT,Olfr55"
"sgRNA_01013,GGCATGTGGAGAGAATGTAC,Olfr55"
"sgRNA_01014,ATGTGGAGAGAATGTACTGG,Olfr55"
"sgRNA_01015,GGTTGCCTAGCAGAGTGAAG,Olfr55"
"sgRNA_01016,GAATGGGATAGTGAAGTGGG,Olfr56"
"sgRNA_01017,TTATAGCTTGAGGAACAGGG,Olfr56"
"sgRNA_01018,GACATTTCCACAGAGCGCCA,Olfr56"
"sgRNA_01019,AGACACAGCAAGCAAAGAGC,Olfr56"
"sgRNA_01020,TGATGGAATAATTCAGATGG,Olfr56"
"sgRNA_01021,GGTGAAGAGGATGTCAACAC,Olfr59"
"sgRNA_01022,AGAATAGGGCCACCACAGAA,Olfr59"
"sgRNA_01023,GAGGATGTCAACACAGGAAA,Olfr59"
"sgRNA_01024,TTGGACCCTTACAACCGTTG,Olfr59"
"sgRNA_01025,TGTCCATGTCTCCAAAAGTC,Olfr59"
"sgRNA_01026,TAAGTGCATGATAATGCAGG,Olfr63"
"sgRNA_01027,GGACTTGAGGTAAATTATGG,Olfr63"
"sgRNA_01028,GGAAGGCTGAGAAACCAAAG,Olfr63"
"sgRNA_01029,TGAGGGGTGTGACACACACC,Olfr63"
"sgRNA_01030,AGCATGTCAGACAGCATTCG,Olfr63"
"sgRNA_01031,GACAATAGGGAAACCAATGC,Olfr65"
"sgRNA_01032,AGAGAGAGTGTGGATAAAAT,Olfr65"
"sgRNA_01033,AGGATGGTGGTATACCTTAG,Olfr65"
"sgRNA_01034,GAAATGTTGAGCCACATTGA,Olfr65"
"sgRNA_01035,TGTCTGCAATGCCTTCAATG,Olfr65"
"sgRNA_01036,GCACTGGGAGCACTGCTCAG,Olfr66"
"sgRNA_01037,GAACATGGGAATGGCAGTAT,Olfr66"
"sgRNA_01038,AGAAAGGGATAGAGATCCAG,Olfr66"
"sgRNA_01039,AGAACATGGGAATGGCAGTA,Olfr66"
"sgRNA_01040,ACCAGAGGGAGATTGCACAA,Olfr66"
"sgRNA_01041,TGGAGCTGGTGCATTACTCA,Olfr68"
"sgRNA_01042,TTTGATGAGTAGTATGGATG,Olfr68"
"sgRNA_01043,ATTTGATGAGTAGTATGGAT,Olfr68"
"sgRNA_01044,CATTTGATGAGTAGTATGGA,Olfr68"
"sgRNA_01045,AGAGAGTCACTAATGTTTCT,Olfr68"
"sgRNA_01046,CTATGTGCGAATCTTCATCA,Olfr69"
"sgRNA_01047,GAGCAATATCAATGGAAATG,Olfr69"
"sgRNA_01048,CATTTGATGAGCAATATCAA,Olfr69"
"sgRNA_01049,TGATGTTCACAGGGGTTTCT,Olfr69"
"sgRNA_01050,AGATGGCAAAGGCAACAAGG,Olfr69"
"sgRNA_01051,GGGGAACACAGCCATCGTGG,Olfr71"
"sgRNA_01052,AGGTACATGACTGAGCACAG,Olfr71"
"sgRNA_01053,AGGCCATGACGGCCAACAGC,Olfr71"
"sgRNA_01054,ATGAGCACGGGGTACCTGAG,Olfr71"
"sgRNA_01055,GACGGCCAACAGCAGGCACT,Olfr71"
"sgRNA_01056,CATCTTGGGAGCAACAATGG,Olfr73"
"sgRNA_01057,AACAAAAATCCACAAAAGAG,Olfr73"
"sgRNA_01058,AATCTAGTTACAATGAACAG,Olfr73"
"sgRNA_01059,GATGGTTATAGCTGTCAGAT,Olfr73"
"sgRNA_01060,ATAGGATCCCAATACCAGCA,Olfr73"
"sgRNA_01061,TGGTGGGATCCTACGCATGG,Olfr74"
"sgRNA_01062,GGACAGTGACAACAATGAAC,Olfr74"
"sgRNA_01063,CCAGAAACTCTGTATCACAC,Olfr74"
"sgRNA_01064,GGTGGTGGGATCCTACGCAT,Olfr74"
"sgRNA_01065,TGTGCTGACAGCATTAAATG,Olfr74"
"sgRNA_01066,TGAGTAGCAAATGTCAACGA,Olfr76"
"sgRNA_01067,ACAGCATGGTCACTGCCATG,Olfr76"
"sgRNA_01068,GGGTCTCTGCATGCGCATGG,Olfr76"
"sgRNA_01069,GCAAAAGTGGAGCTGAAATA,Olfr76"
"sgRNA_01070,GGTCACTGCCATGAGGTGCG,Olfr76"
"sgRNA_01071,GATCTTCTGAAAGACCAATA,Olfr77"
"sgRNA_01072,ATGATGACTGTGTAGTTAAG,Olfr77"
"sgRNA_01073,TCCAAGATAAAAGAACCAGA,Olfr77"
"sgRNA_01074,AATAAGGAGGAAATGTACTA,Olfr77"
"sgRNA_01075,CCAGAAGGCCACAGATTCGA,Olfr77"
"sgRNA_01076,AGTATGAATGAAAAACATCT,Olfr78"
"sgRNA_01077,GGACAGCAGCGTGACGCAGT,Olfr78"
"sgRNA_01078,TGGAATACCAATAAGCAGGA,Olfr78"
"sgRNA_01079,GTCCTGGAATACCAATAAGC,Olfr78"
"sgRNA_01080,CCGGGAGTCAAACCAAAAGA,Olfr78"
"sgRNA_01081,GCTCTGGAGAGGCTATTAGA,Olfr8"
"sgRNA_01082,ATGTGAAGAAAGCTCTGGAG,Olfr8"
"sgRNA_01083,AAGTACATGGGTGTGTGCAG,Olfr8"
"sgRNA_01084,ACAATGAATGTGTAATACAA,Olfr8"
"sgRNA_01085,GTACAAGATTCATTATGAGG,Olfr8"
"sgRNA_01086,GATGGTGGGGACAGAAGGGC,Olfr90"
"sgRNA_01087,AGGACAGTCGAATCAAAGCA,Olfr90"
"sgRNA_01088,GCTTTGATTCGACTGTCCTG,Olfr90"
"sgRNA_01089,ACAGAAGGGCAGGCGCAGAG,Olfr90"
"sgRNA_01090,GGCCTGGACGATTGGCCTAG,Olfr90"
"sgRNA_01091,AGGAGAGTCGAATTAAAGAT,Olfr91"
"sgRNA_01092,TTAAAGATGGGACTTCACAC,Olfr91"
"sgRNA_01093,AAGCATGGAAAAAGGCTTTG,Olfr91"
"sgRNA_01094,GATTACTGAGCTGTAGAAGA,Olfr91"
"sgRNA_01095,GGTCAAAAGACATCACTGTC,Olfr91"
"sgRNA_01096,TGTTGCTAGTATCTTCATTG,Olfr92"
"sgRNA_01097,AGGAGGTAAAAAGAGCATTC,Olfr92"
"sgRNA_01098,CCAGTTGGCAGGTATAGCTT,Olfr92"
"sgRNA_01099,GAAAGTTGTCTATCTGCCTG,Olfr92"
"sgRNA_01100,CCCAAGCTATACCTGCCAAC,Olfr92"
"sgRNA_01101,GGAACAGAAGGGCAGTGTGA,Olfr93"
"sgRNA_01102,TGAGGCTCAGAGGTACAAGC,Olfr93"
"sgRNA_01103,AATGACTGAGCTGTAAAAGA,Olfr93"
"sgRNA_01104,TGGTGTCCCCACAAGAGAGT,Olfr93"
"sgRNA_01105,AAGAGAGTCGGATTAGAGAT,Olfr93"
"sgRNA_01106,GCCATAAAATAGGCAGACCG,Olfr94"
"sgRNA_01107,AGACAGCGGGGTGCGCACAG,Olfr94"
"sgRNA_01108,AGGTGGCAGAGCCATAAAAT,Olfr94"
"sgRNA_01109,TGAGGGGGAAAACTCCAAGA,Olfr94"
"sgRNA_01110,GACGGCCAGCAGCACGCACT,Olfr94"
"sgRNA_01111,AGAGAGACACCACTACCAGG,Olfr95"
"sgRNA_01112,CGAGCTGCACACAAACCCTG,Olfr95"
"sgRNA_01113,GGGGCACAAGATGATAAGGG,Olfr95"
"sgRNA_01114,GGTCTTGCGGGGCTCTAGTG,Olfr95"
"sgRNA_01115,AGAAGTGAGGGACAGCGTTG,Olfr95"
"sgRNA_01116,TGAACACAGAAAAAAACAGG,Olfr96"
"sgRNA_01117,GGGGCCACAGAATCTCAACT,Olfr96"
"sgRNA_01118,GCAGCCAGCCACAGATATGG,Olfr96"
"sgRNA_01119,TGAGGTGTGGGTATCGTAGA,Olfr96"
"sgRNA_01120,CAGCAGAAAACACTCATCTG,Olfr96"
"sgRNA_01121,ATGCAATCCAATCCAGAACG,Olr1"
"sgRNA_01122,GTAACTGGCCACCCAAAGAT,Olr1"
"sgRNA_01123,CGATGCAATCCAATCCAGAA,Olr1"
"sgRNA_01124,CGTTCTGGATTGGATTGCAT,Olr1"
"sgRNA_01125,AACTGTGCATACCTTCAAGA,Olr1"
"sgRNA_01126,GAGGTCCGTGAACACCAGGC,Onecut2"
"sgRNA_01127,TCGCACAGAGGGTTCTATGC,Onecut2"
"sgRNA_01128,GCAGGCGATCTTCGCACAGA,Onecut2"
"sgRNA_01129,GGAGGTCCGTGAACACCAGG,Onecut2"
"sgRNA_01130,GCGGGATGGAGAGCTCTGGT,Onecut2"
"sgRNA_01131,GAGCACTGTGTACACCACAC,Osm"
"sgRNA_01132,GGGGAACACAGAATCACTCT,Osm"
"sgRNA_01133,AGTGCCCGGCACAATATCCT,Osm"
"sgRNA_01134,AGAATCAGGCGAACCTCACG,Osm"
"sgRNA_01135,GTGTGGTGTACACAGTGCTC,Osm"
"sgRNA_01136,GGGTGATCTCGTGCACACTG,Osr2"
"sgRNA_01137,GCCCTGAAGGTGGTCCACTG,Osr2"
"sgRNA_01138,GCACATGAACCACTGGACGC,Osr2"
"sgRNA_01139,TCTGCCACAAGGCATTTCGG,Osr2"
"sgRNA_01140,TGAGACCGTAGAGGCCCTGA,Osr2"
"sgRNA_01141,GTGAGAGGAAAAAAGCATTG,P2ry10"
"sgRNA_01142,TGGAAGCGTAGGTACGATGT,P2ry10"
"sgRNA_01143,GGAAAAAGGATGGAAATACA,P2ry10"
"sgRNA_01144,AAGTTCAGCAATTACAACCA,P2ry10"
"sgRNA_01145,TGATCTTGGGTACAAACAGA,P2ry10"
"sgRNA_01146,ATGGGAAGGAGTATCCCTTG,Padi3"
"sgRNA_01147,GAAGGGCTCCCGGCGCACGT,Padi3"
"sgRNA_01148,TTGGGGAGAATCCTCATCGG,Padi3"
"sgRNA_01149,GGTGAGGTAGAGTACTGCAT,Padi3"
"sgRNA_01150,GCTCCCGCTTCAGTACCTCG,Padi3"
"sgRNA_01151,TGTCACAGGGCCGCACACCC,Pax2"
"sgRNA_01152,GGGGGTGTGAACCAGCTCGG,Pax2"
"sgRNA_01153,CGTGGTGAGGCAGCGCATCG,Pax2"
"sgRNA_01154,CAGTGGGGGGCACATGAGGG,Pax2"
"sgRNA_01155,ACAGGGCCGCACACCCTGGT,Pax2"
"sgRNA_01156,GATGTGTTTCACCACAGTAG,Pax9"
"sgRNA_01157,GATGCCCAGAATGTCCGTGA,Pax9"
"sgRNA_01158,AGCTCCCGGCAAAATCGAAC,Pax9"
"sgRNA_01159,CGTGCGAGACCCGTAGCTGG,Pax9"
"sgRNA_01160,GGCGGCTGATGTCACAAGGT,Pax9"
"sgRNA_01161,GGGCTTCAGGAACATCAGGT,Pcdh10"
"sgRNA_01162,GTTGGAGTCGAGCACTCGGA,Pcdh10"
"sgRNA_01163,GCCGGGTGCCTACATTTACG,Pcdh10"
"sgRNA_01164,GCACCGCTACGTGCTGACCG,Pcdh10"
"sgRNA_01165,GATGCTGAGCACAATCCCTG,Pcdh10"
"sgRNA_01166,GACCCCCGAAGGCCTCTACC,Pdcd1lg2"
"sgRNA_01167,GAAGTGTACACCGTAGACGT,Pdcd1lg2"
"sgRNA_01168,GTTCTGGAATGCTCACATGA,Pdcd1lg2"
"sgRNA_01169,GACCAGGCAACGGTACTGCC,Pdcd1lg2"
"sgRNA_01170,CAGGTACTTGTAGTCCCAGG,Pdcd1lg2"
"sgRNA_01171,GCTGGAGAACCATCACCTCG,Pde4c"
"sgRNA_01172,GGTGCCCAGCAACACGTGTG,Pde4c"
"sgRNA_01173,ACACGACGTAGACCACCCGG,Pde4c"
"sgRNA_01174,GTGTGCGGACTGCACCACAT,Pde4c"
"sgRNA_01175,CATGTGCTTAGACATATCTG,Pde4c"
"sgRNA_01176,GAACTTCATGAGCTGTACGA,Pdxk"
"sgRNA_01177,GATGGGCGACAAGTGGAATG,Pdxk"
"sgRNA_01178,AGGGGTACTAACCATACACA,Pdxk"
"sgRNA_01179,GCAGTGTGTGACCCTGTGAT,Pdxk"
"sgRNA_01180,GCAGGCTACGCCCATTGGAA,Pdxk"
"sgRNA_01181,GGGGCACCCAGTTCGCTACG,Pglyrp1"
"sgRNA_01182,GTGGTGATCTCACACACAGC,Pglyrp1"
"sgRNA_01183,AAGGTGATGCCAATAGACAT,Pglyrp1"
"sgRNA_01184,GGGCACGATGAAACTGCAGG,Pglyrp1"
"sgRNA_01185,AGGCGGCTAGAGCACTCGGA,Pglyrp1"
"sgRNA_01186,TGTGTATAATGAGTGCACAT,Pi15"
"sgRNA_01187,GATTATCATAATCAAGTCCG,Pi15"
"sgRNA_01188,GAAGGGACAAAAGAATCACA,Pi15"
"sgRNA_01189,CATGTGCACTCATTATACAC,Pi15"
"sgRNA_01190,GCAGTCCTGAGGGTAAGGAA,Pi15"
"sgRNA_01191,GACACTGGGAGCTACAAGTG,Pigr"
"sgRNA_01192,GATGTGATCATTAACACCCT,Pigr"
"sgRNA_01193,GGCAACCTGGAGTTCTATTG,Pigr"
"sgRNA_01194,GGTGTTAATGATCACATCAC,Pigr"
"sgRNA_01195,GAAAGAGAGATACAGAATGT,Pigr"
"sgRNA_01196,GGACCAGGACAACTCCACGC,Pkp1"
"sgRNA_01197,AGGTCCGGATGGCATCTGAG,Pkp1"
"sgRNA_01198,CGGCAGGTCTATCAGCTGGG,Pkp1"
"sgRNA_01199,TGGGCACCTCGGCGTCCAGG,Pkp1"
"sgRNA_01200,GAAGCATTCGTACGCCAGCG,Pkp1"
"sgRNA_01201,GAACCAAAGCGGATCAGGGA,Plek"
"sgRNA_01202,TAATACCTGGAAACCCATGT,Plek"
"sgRNA_01203,GGAACCAAAGCGGATCAGGG,Plek"
"sgRNA_01204,TGCCAGAGACAATTGACTTG,Plek"
"sgRNA_01205,TGAGTGGATCAAAGCCATCC,Plek"
"sgRNA_01206,TGCTGGGGAACAAAGAGCGC,Pmepa1"
"sgRNA_01207,AGCGGGCTGACAGCTTGTAG,Pmepa1"
"sgRNA_01208,GGTGTCAGGTGGAATGCCGG,Pmepa1"
"sgRNA_01209,AGGGTGCAGGGGCCCTGGTA,Pmepa1"
"sgRNA_01210,CGAGGCGGGGCATAGACCTG,Pmepa1"
"sgRNA_01211,GGACAATATGACCTGCATGG,Ppm1n"
"sgRNA_01212,GGGCTGGCGCGCACGCATGG,Ppm1n"
"sgRNA_01213,TGCCAGGTAGAGGAATCGCG,Ppm1n"
"sgRNA_01214,GTAAGCTTCAGCAATGACAG,Ppm1n"
"sgRNA_01215,TGTGCCAGGTAGAGGAATCG,Ppm1n"
"sgRNA_01216,AGTGTGGTTGAACTCGACAG,Ppp2r2c"
"sgRNA_01217,TGAGCATGTAGCGCCCACTG,Ppp2r2c"
"sgRNA_01218,TGGGCGCTACATGCTCACGA,Ppp2r2c"
"sgRNA_01219,GCTCACGAGGGATTACCTCA,Ppp2r2c"
"sgRNA_01220,GATGCCAGAGGTTGATGCGT,Ppp2r2c"
"sgRNA_01221,GTCCACCTGAGAGTGCACAG,Prdm1"
"sgRNA_01222,GAAGTGGTGGAACTCCTCTC,Prdm1"
"sgRNA_01223,GGATAGGATAAACCACCCGA,Prdm1"
"sgRNA_01224,GGTCCAAAGCGTGTTCCCTT,Prdm1"
"sgRNA_01225,AGTAAGGAGTACATACCGAA,Prdm1"
"sgRNA_01226,AGCCGGAAGTAAGAGCACCG,Prom1"
"sgRNA_01227,TGAGCAGACAAATCACCAGG,Prom1"
"sgRNA_01228,GAGCAGACAAATCACCAGGA,Prom1"
"sgRNA_01229,GTTCGGCATAGGGAAAGCCA,Prom1"
"sgRNA_01230,TGACCTTTGAGCAAGTCTAC,Prom1"
"sgRNA_01231,GACTGAGATGAACACATACG,Prss12"
"sgRNA_01232,GCATTCCGATAGAAGCACCA,Prss12"
"sgRNA_01233,CGAGTGGAGCTGTACCACGC,Prss12"
"sgRNA_01234,GCCCAGGGCAAAGTAGACTG,Prss12"
"sgRNA_01235,TAAACAGGCTGGCAAAACGT,Prss12"
"sgRNA_01236,GGGCCCCGTTGACATTGCAC,Psca"
"sgRNA_01237,GATAACTGTCACGAGTCCAA,Psca"
"sgRNA_01238,TGGATGCAGGGCTAAGTAGG,Psca"
"sgRNA_01239,TGACCTGTGCAATGTCAACG,Psca"
"sgRNA_01240,GCGATGTAAAGCAACTGTGC,Psca"
"sgRNA_01241,GATTTGGGAGTACCGCATCT,Ptpn22"
"sgRNA_01242,TGTTCCAGATGATCACAGCC,Ptpn22"
"sgRNA_01243,GCCTTCGCTAGTTCAAACTC,Ptpn22"
"sgRNA_01244,TTCAGGAGATGCGAACACAG,Ptpn22"
"sgRNA_01245,AGTTGTAGATAAAGGACCCT,Ptpn22"
"sgRNA_01246,AGTTGGAGGACACAGCACAT,Ptprc"
"sgRNA_01247,AAGGCGACAGAGGTGTCTGA,Ptprc"
"sgRNA_01248,TGTGACCATGACAATAACTG,Ptprc"
"sgRNA_01249,GTAGCAGAAATCTTATATCG,Ptprc"
"sgRNA_01250,AGAATACTGGCCAAGCATGG,Ptprc"
"sgRNA_01251,TGGGTGGTAGTACCCCCCTG,Ptprcap"
"sgRNA_01252,GCTGAGGCGACGCCAAGCCA,Ptprcap"
"sgRNA_01253,GCCTCAGCCATGCCTCAGGG,Ptprcap"
"sgRNA_01254,CAGCACCCAGGCGAGCTGGG,Ptprcap"
"sgRNA_01255,GCTGCCTGGGATGACAGCGC,Ptprcap"
"sgRNA_01256,GCAGTTGGTCAGCATAACCA,Ptprh"
"sgRNA_01257,CTGGTGGAGGAACACATACT,Ptprh"
"sgRNA_01258,GGAACAGCAGAGCCACACCC,Ptprh"
"sgRNA_01259,GTTGCGCCAATTCCACTACC,Ptprh"
"sgRNA_01260,CGTCAGAAAACTGGACAGTG,Ptprh"
"sgRNA_01261,GACCATGTCAATAAGGATGT,Ptprn"
"sgRNA_01262,GTTGCCGGAGCACACCTTGT,Ptprn"
"sgRNA_01263,GAAGTCCAGCAGCGGCCGGG,Ptprn"
"sgRNA_01264,TGAGCCTGGTGGCTGGAGTG,Ptprn"
"sgRNA_01265,GTACTCTGACCTCATAGACG,Ptprn"
"sgRNA_01266,GGTACAGCTGAATCTCATAG,Ptx3"
"sgRNA_01267,CAGACCAGAGAGCACAAAGC,Ptx3"
"sgRNA_01268,ACAGAGATTCAGGCGCACGG,Ptx3"
"sgRNA_01269,GTCGAATCCTGTCACATCCG,Ptx3"
"sgRNA_01270,GCTTACCTGCGGGCAGCCAG,Ptx3"
"sgRNA_01271,GATGATTCAGAACACACAGG,Pxdn"
"sgRNA_01272,GCTGATGATTCAGAACACAC,Pxdn"
"sgRNA_01273,GAACCACAGCGTATGCATGC,Pxdn"
"sgRNA_01274,AATCCAGCCGCAGAACACAG,Pxdn"
"sgRNA_01275,AGGTTGTGGTATGAGAACCC,Pxdn"
"sgRNA_01276,GGCGGGTACGCACTGTCTGT,Rac2"
"sgRNA_01277,TGTGATGGTGGACAGTAAGC,Rac2"
"sgRNA_01278,ACAGTAAGCCGGTGAACCTG,Rac2"
"sgRNA_01279,CTTACTGTCCACCATCACAT,Rac2"
"sgRNA_01280,GCTGTGGGATACCGCAGGTC,Rac2"
"sgRNA_01281,GTCGATGGAACAGTTCATGA,Rasal1"
"sgRNA_01282,AGGCCAAGCGCAAGGCAAGT,Rasal1"
"sgRNA_01283,GCTCACGATGGCGTCCACAA,Rasal1"
"sgRNA_01284,GCGCCCTGTAGAGCTCACGA,Rasal1"
"sgRNA_01285,CTGGCCTCAGGACCTCGTGC,Rasal1"
"sgRNA_01286,GCTGTTGAAGGAGTGGACGG,Rasgef1a"
"sgRNA_01287,GAAACACCGGACCCGCATGC,Rasgef1a"
"sgRNA_01288,CGAGCCAGAAGGTCATGAGG,Rasgef1a"
"sgRNA_01289,GCAGCTGTTGAAGGAGTGGA,Rasgef1a"
"sgRNA_01290,GCAGCTGACTCACATTGAAC,Rasgef1a"
"sgRNA_01291,GAAGTGTGTGCAGACATGGT,Rbp4"
"sgRNA_01292,AGTCCGTGTCGATGATCCAG,Rbp4"
"sgRNA_01293,GCAGGAGTACTGCAGAGCGA,Rbp4"
"sgRNA_01294,CTTGCAAAAAGAGACCCTCG,Rbp4"
"sgRNA_01295,TGACCACTGGATCATCGACA,Rbp4"
"sgRNA_01296,GCTCATTGAAAGAACCATGA,Rdh10"
"sgRNA_01297,GATGTGGCGAACCATGCCTG,Rdh10"
"sgRNA_01298,AAAACCTGTAAGTTACACGG,Rdh10"
"sgRNA_01299,TGCCCGTGTCTACAAGGTAA,Rdh10"
"sgRNA_01300,AGCTCGCGACCGTCACAATG,Rdh10"
"sgRNA_01301,GTCGAACTCGCACAGCACGT,Rgcc"
"sgRNA_01302,CGTGCTGTGCGAGTTCGACG,Rgcc"
"sgRNA_01303,GCTCTAGGTGCTCCTCATAG,Rgcc"
"sgRNA_01304,AAGGTGCAGACTCAGTGTAC,Rgcc"
"sgRNA_01305,TCGGCGAGGTCACCTTTCCG,Rgcc"
"sgRNA_01306,GATCTGCTGGAAACGTTCGC,Rgs14"
"sgRNA_01307,TGAAGTAAGCCAGACCCCGT,Rgs14"
"sgRNA_01308,GCTGGGCCCAGTCCTTTGAG,Rgs14"
"sgRNA_01309,GGATCAGGATTGCACCGTGC,Rgs14"
"sgRNA_01310,TGCTGCGTGTATCTACCTGA,Rgs14"
"sgRNA_01311,TGTGGCCACAACCAGCACCG,Rhoh"
"sgRNA_01312,GGTGAAGCGCACCAACAGTG,Rhoh"
"sgRNA_01313,TGTGGGGAAAACCTCACTGT,Rhoh"
"sgRNA_01314,GTTCAGGAACGAGTTATGGT,Rhoh"
"sgRNA_01315,TTGATGCAGGAAGCCCTGTG,Rhoh"
"sgRNA_01316,TGAGTTTGGAGACATCCTTC,Rptn"
"sgRNA_01317,GGACTATGCTGAATATCATG,Rptn"
"sgRNA_01318,GAAAAGGAGAAGTATCAAGG,Rptn"
"sgRNA_01319,AGAGGTATGAAGGAGAACGC,Rptn"
"sgRNA_01320,GTCAAGGCCAGAGTTCACAT,Rptn"
"sgRNA_01321,GATTAGAAAAAATTCACCTG,Rragd"
"sgRNA_01322,GATGATCTTCCGGGGAACCG,Rragd"
"sgRNA_01323,GATGACGAAGATCAGTGCCC,Rragd"
"sgRNA_01324,AGGCCCTGGTCACTGTGAGA,Rragd"
"sgRNA_01325,TATTGCAACCGACAGCACGC,Rragd"
"sgRNA_01326,GTGGTAGTTGACACTCACGG,Rsad2"
"sgRNA_01327,AGTTCTCACCCTCAATTAGG,Rsad2"
"sgRNA_01328,AGTGGTAGTTGACACTCACG,Rsad2"
"sgRNA_01329,GCTTGTGAGATTCTGCAAGG,Rsad2"
"sgRNA_01330,CAGGACAGGGGTGAATACTT,Rsad2"
"sgRNA_01331,GGGGCAGGAGGTCAGCATGC,Runx3"
"sgRNA_01332,GACGTGCTGGCCGACCACGC,Runx3"
"sgRNA_01333,GCCGCATGGACGAGGCCGTG,Runx3"
"sgRNA_01334,AGGAGGCGCCGTAAAAGAGG,Runx3"
"sgRNA_01335,GACCCCAGGATGCACTACCC,Runx3"
"sgRNA_01336,AAGTCTAGGTAAAAAAGTGA,Samsn1"
"sgRNA_01337,GAAGTCTAGGTAAAAAAGTG,Samsn1"
"sgRNA_01338,TGGACAATGAAGAAAAAAGT,Samsn1"
"sgRNA_01339,GGGATGCTGAACAATAAAGT,Samsn1"
"sgRNA_01340,AGGGGCTGTCATCATCCAGT,Samsn1"
"sgRNA_01341,AGACGGAAATTATGGCAGGG,Scel"
"sgRNA_01342,GACATGCTGAAAGAAATATA,Scel"
"sgRNA_01343,TTACTGCCGCAAGCCCTTGG,Scel"
"sgRNA_01344,AGCCAAAAGCCACAATTAGC,Scel"
"sgRNA_01345,TGTTTATACAAGGACATATG,Scel"
"sgRNA_01346,GCTTACCCAGCCAGAAATGC,Scin"
"sgRNA_01347,GAAGATGGCGAAGCTCTACA,Scin"
"sgRNA_01348,AAGTCACCATAGGCACCCTG,Scin"
"sgRNA_01349,GTCCTCTGGGATAAGTGTAG,Scin"
"sgRNA_01350,TGAACCATCAGAGCTCATGA,Scin"
"sgRNA_01351,AGGCAGCAGAAGCAGAATAG,Scml4"
"sgRNA_01352,GCCTCCACTTCACTCCACAC,Scml4"
"sgRNA_01353,TAAACAAACAGGCCGATGTG,Scml4"
"sgRNA_01354,GCACTTGAGGAGTCTGCCTG,Scml4"
"sgRNA_01355,GCAGGGATACCGAGGCGAGC,Scml4"
"sgRNA_01356,GCAGACCTTTGGCATCCAGA,Sec14l2"
"sgRNA_01357,GCAGTATGAACACACCGTGC,Sec14l2"
"sgRNA_01358,AGACACTCGGAGGAAGATCA,Sec14l2"
"sgRNA_01359,CAGCTGCCTGTGGAATACGG,Sec14l2"
"sgRNA_01360,CGATGATGTCGTACCAGACA,Sec14l2"
"sgRNA_01361,GAAAAATGTCACCAACACCG,Selplg"
"sgRNA_01362,TGGCCAGAGAAGCCAAGATG,Selplg"
"sgRNA_01363,GTTCCGCACTGGGTACATGT,Selplg"
"sgRNA_01364,AGTGCGGAACTACTCCCCCA,Selplg"
"sgRNA_01365,AGGGAGTTCAGATCTCATCC,Selplg"
"sgRNA_01366,GCAGATGAGCACCTCTACTC,Sema3d"
"sgRNA_01367,GCTGGGTGCAATATGATGGA,Sema3d"
"sgRNA_01368,GGAAAGTGCTGACCATCGCT,Sema3d"
"sgRNA_01369,CTGGATGTACCACTCAACAG,Sema3d"
"sgRNA_01370,GTATAAGTCCGTGTACCCAG,Sema3d"
"sgRNA_01371,TGACTGTGCAGGATGCAATG,Sema5a"
"sgRNA_01372,GGACAGAAAGAACTTGTCGT,Sema5a"
"sgRNA_01373,ACGCCGTGGAACATGACTGT,Sema5a"
"sgRNA_01374,GAGATCCATGATCAGATCAG,Sema5a"
"sgRNA_01375,AGGCCTGTGAGATGGCGCTC,Sema5a"
"sgRNA_01376,AGAGCATAAAACGTAGTCAG,Serpinb11"
"sgRNA_01377,GAAATCAGGGCTCTGAAATC,Serpinb11"
"sgRNA_01378,GATTCTGTTAGCAACGCTGA,Serpinb11"
"sgRNA_01379,AGATTCTGTTAGCAACGCTG,Serpinb11"
"sgRNA_01380,GAGCTGAGCAGTAACAACGT,Serpinb11"
"sgRNA_01381,TGGGAGGCTGACAGCTACGG,Sertad4"
"sgRNA_01382,ACCACAGGATCACATTACAG,Sertad4"
"sgRNA_01383,GGAGCCAGCTCACACCTGGC,Sertad4"
"sgRNA_01384,TGATCAGAACAGACCTTCGC,Sertad4"
"sgRNA_01385,TGCCGGGTACCAAACACTAT,Sertad4"
"sgRNA_01386,AGGAACTCCAGGGTACAGAT,Sfrp4"
"sgRNA_01387,GATATGTGGACACTGGCAGG,Sfrp4"
"sgRNA_01388,TGGGTGCGTACATGGCACAA,Sfrp4"
"sgRNA_01389,GTACGCACCCATCTGTACCC,Sfrp4"
"sgRNA_01390,CTGGAGAGATACAAACTCCA,Sfrp4"
"sgRNA_01391,TGTTGGGCTACACATGACTA,Sftpd"
"sgRNA_01392,GATGGGAGAGAAGGTCCACG,Sftpd"
"sgRNA_01393,GAGGAATCAAAGGTGAAAGC,Sftpd"
"sgRNA_01394,AGCCCAATTAGAATAGACCA,Sftpd"
"sgRNA_01395,CATTCTCAGTAGCAGAACGT,Sftpd"
"sgRNA_01396,GAAAGGGGTACCCTACCTGG,Shank1"
"sgRNA_01397,GAAGGTTGGCCACCGTCAGG,Shank1"
"sgRNA_01398,AGTAAAGGCGAAAAGATCAA,Shank1"
"sgRNA_01399,GGTGCTGAGAGTGCCCTCGT,Shank1"
"sgRNA_01400,ACAGGGAGGCAACACACTGA,Shank1"
"sgRNA_01401,GTGTAGACGAAGAGGCAAAG,Slc10a2"
"sgRNA_01402,AGACCATGGGGTATCTTCGT,Slc10a2"
"sgRNA_01403,GACAGGATAAAGCCTGTGAG,Slc10a2"
"sgRNA_01404,AGGACATATAAAGAGACCAT,Slc10a2"
"sgRNA_01405,AGGAACTGGCTCCAATATCC,Slc10a2"
"sgRNA_01406,AGCAAGATCAGGATATTCCA,Slc13a2"
"sgRNA_01407,TGGGCAGACATAGCACAATC,Slc13a2"
"sgRNA_01408,AGGTCATCAAGACCCAGCAC,Slc13a2"
"sgRNA_01409,CAGACATAGCACAATCAGGT,Slc13a2"
"sgRNA_01410,AGTGGTGCTCTGGTTCACGA,Slc13a2"
"sgRNA_01411,GAAGGTCTGCATGATGTAGT,Slc39a4"
"sgRNA_01412,CGACTGCTAGAGCCACGTAG,Slc39a4"
"sgRNA_01413,TGTCACAAAGCGCCACGTAA,Slc39a4"
"sgRNA_01414,AGAGGGCAGCAGCAGCACTA,Slc39a4"
"sgRNA_01415,GAATTTGATGCATCACCTTG,Slc39a4"
"sgRNA_01416,GATATACTCCAGGATAACCC,Slc44a4"
"sgRNA_01417,GTAGAAGGAAGAAGGAAACG,Slc44a4"
"sgRNA_01418,GACGCCCAGTAGATGTACTG,Slc44a4"
"sgRNA_01419,GAAGCCACTGGCAATGACGT,Slc44a4"
"sgRNA_01420,TGCCTCTGCAGTTACCACAC,Slc44a4"
"sgRNA_01421,GATGCCGAGACAGACCTGGG,Slco4a1"
"sgRNA_01422,TGGGCTCCCCAGGTATACCG,Slco4a1"
"sgRNA_01423,GACCACTGACAGCCCACTGT,Slco4a1"
"sgRNA_01424,GACGAAGGTAAGGCATAGGC,Slco4a1"
"sgRNA_01425,GCAATGGGCACAAACCGCGA,Slco4a1"
"sgRNA_01426,GCTGCTCACAGGTATAGCAT,Slurp1"
"sgRNA_01427,GTACTGGAGACAGTGGAAGC,Slurp1"
"sgRNA_01428,TGTCTGGCCACCGACCCTGA,Slurp1"
"sgRNA_01429,GCAGCCTGGAGCATGGGCTA,Slurp1"
"sgRNA_01430,GCAGCCACATGGCCCAGCGA,Slurp1"
"sgRNA_01431,GATCGCCTCAGCCCGCATAG,Snx20"
"sgRNA_01432,GTCGCGCAAGCAGACGAGCG,Snx20"
"sgRNA_01433,GGTGGTGGAACGGCGCTACT,Snx20"
"sgRNA_01434,TAACTCCAGCATGACCACAA,Snx20"
"sgRNA_01435,AGCTCTGCTTACCACAAACT,Snx20"
"sgRNA_01436,GTTGTCTGGCAACACCGACC,Sowahb"
"sgRNA_01437,GGTGTCTAGAGGGACAAGGG,Sowahb"
"sgRNA_01438,TGCACCTTGCAGCTATTCAC,Sowahb"
"sgRNA_01439,GCACCAGCGCACTCAAGAGT,Sowahb"
"sgRNA_01440,GCTGCCAGCAGCCTCGACGG,Sowahb"
"sgRNA_01441,GTTCCCCGACTACTGCACGC,Sox11"
"sgRNA_01442,GAAGATCCCGTTCATCAGGG,Sox11"
"sgRNA_01443,GCTGAGCGAGATGATCGCGG,Sox11"
"sgRNA_01444,GTTCATGGCGTGCAGCCCGG,Sox11"
"sgRNA_01445,TGTGGTCCAAGATCGAGCGC,Sox11"
"sgRNA_01446,GAATTTATGATCCTGTGTGT,Spink3"
"sgRNA_01447,AAAGCACAGAACACATTCAT,Spink3"
"sgRNA_01448,GACATCCCGCCACTGCATCA,Spink3"
"sgRNA_01449,CACACAGGATCATAAATTCT,Spink3"
"sgRNA_01450,CAGATCTTCGACAATGAAGG,Spink3"
"sgRNA_01451,GAGGCAAAAGCGGAGGACTG,Spn"
"sgRNA_01452,CGGAGGAGGAAAACGAAATG,Spn"
"sgRNA_01453,GGACCCAGCATGCCCCAAAG,Spn"
"sgRNA_01454,GGGGCCCTGACCCTGAGCGG,Spn"
"sgRNA_01455,AGAGGCCACAACCACATCAG,Spn"
"sgRNA_01456,GTTCACACTTACCTGCCCAG,Spns2"
"sgRNA_01457,AGAAAGGTGATCCTCAGCTG,Spns2"
"sgRNA_01458,TGTGATCATGCCCAGGACGG,Spns2"
"sgRNA_01459,TGAGCACGGTGAAGATAGAG,Spns2"
"sgRNA_01460,AGTGGCCTGGGCTATATCAC,Spns2"
"sgRNA_01461,AGAGGCACTCCAGATCACAG,Spns3"
"sgRNA_01462,AGACTAGAAGCACAGATGAG,Spns3"
"sgRNA_01463,TGGGGGCAGAGGCCTCAAGA,Spns3"
"sgRNA_01464,GCTGACAGGGAACTGGCGAT,Spns3"
"sgRNA_01465,GCCAAGTAAGCTCTCCAGCG,Spns3"
"sgRNA_01466,GTCACCGGAGGCTCACACAC,Spock3"
"sgRNA_01467,GAATGTTACTGAGCTCCGTG,Spock3"
"sgRNA_01468,GCGTAATGCAAACTTTGTGG,Spock3"
"sgRNA_01469,GCCTATGCCAGCCCAGTCTG,Spock3"
"sgRNA_01470,GCCGGGGGGCGGTCGGACGG,Spock3"
"sgRNA_01471,CTGGTTGTGGAACATCTGTG,Sprr3"
"sgRNA_01472,ATACAGGGGTGACAGTTGGG,Sprr3"
"sgRNA_01473,AGAGCATGATCCAGGAACCA,Sprr3"
"sgRNA_01474,GATACAGGGGTGACAGTTGG,Sprr3"
"sgRNA_01475,GTAGCCCTGATCAGGAACCT,Sprr3"
"sgRNA_01476,GCATGAATAAGTCTAAGTGA,St8sia4"
"sgRNA_01477,GTTGTGCAAAGAGCATTTGG,St8sia4"
"sgRNA_01478,GACTTATTCATGCAGTCAGA,St8sia4"
"sgRNA_01479,TGCGCTCAATTAGAAAACGG,St8sia4"
"sgRNA_01480,AGGAGAGAAGCACGTGGAGT,St8sia4"
"sgRNA_01481,TGGAGGGATAACCTTCACCT,Stat4"
"sgRNA_01482,AAGGGAAGAGAGGAGAATAT,Stat4"
"sgRNA_01483,GGGTGACAAAAACAGTATCC,Stat4"
"sgRNA_01484,TGAAGGTTATCCCTCCAAGA,Stat4"
"sgRNA_01485,TGGCCTCACCATTAACCTAG,Stat4"
"sgRNA_01486,GACCTGCGGGGAAGATGTGA,Stc2"
"sgRNA_01487,CGGCATTGACCAAACAGTGC,Stc2"
"sgRNA_01488,GTGAAATCCAGGGTTTACAT,Stc2"
"sgRNA_01489,ATGACGTTTCTGCACAACGC,Stc2"
"sgRNA_01490,AGGTTCACAAGGTCCACATA,Stc2"
"sgRNA_01491,GCCTCGATAGAGCTGCAGAA,Steap4"
"sgRNA_01492,TGGCAGCGAGAATACCAGGG,Steap4"
"sgRNA_01493,AATACCAGGGAGGTACACCA,Steap4"
"sgRNA_01494,GGATTGAAAATGCTTCAGTG,Steap4"
"sgRNA_01495,GTGGGCTGTGCACAAGACCA,Steap4"
"sgRNA_01496,ACAGATTAAGGAAAACCGTG,Stmn2"
"sgRNA_01497,AGGTGAAGCAGATCAACAAG,Stmn2"
"sgRNA_01498,GGAGGAGATTCAGAAAAAGC,Stmn2"
"sgRNA_01499,AGTTCGTGGAGCTTCTGAGA,Stmn2"
"sgRNA_01500,GGCATGCTGCAGAGGTTCGC,Stmn2"
"sgRNA_01501,TGGATTGTGGAGCAATGTGT,Stra6"
"sgRNA_01502,GAAGCATCACCTATGGACTG,Stra6"
"sgRNA_01503,AGCAGCCAGAGGGTAATAGA,Stra6"
"sgRNA_01504,GCCAGACCTGAACACCAAAG,Stra6"
"sgRNA_01505,GACCCTACCTGGATCCAGGG,Stra6"
"sgRNA_01506,GAAATCTATAAGCAAAAGAT,Sult1c2"
"sgRNA_01507,TGACCATGTGAAAGGATGGT,Sult1c2"
"sgRNA_01508,GGTGTTGAATGATGGTTCGC,Sult1c2"
"sgRNA_01509,GGTTTGACCATGTGAAAGGA,Sult1c2"
"sgRNA_01510,TTTCTGGACAAACAACTGTA,Sult1c2"
"sgRNA_01511,ATACTTAAGGAAAAGCACGT,Sult4a1"
"sgRNA_01512,GCCGGGGCTGGACATCATCA,Sult4a1"
"sgRNA_01513,AGGGCAGGAAGCGGTACGGG,Sult4a1"
"sgRNA_01514,TGCTGGAGTACCCACAGCCG,Sult4a1"
"sgRNA_01515,AGACACATACCCCGACCCAC,Sult4a1"
"sgRNA_01516,GCAATGCGGGTGAAGATCTC,Tbx18"
"sgRNA_01517,TGGAGTCATACGCATTCTGG,Tbx18"
"sgRNA_01518,GTAGGAAGGAGTCCTAGGTG,Tbx18"
"sgRNA_01519,TGATGGAACAGGCTTGATGG,Tbx18"
"sgRNA_01520,GATTCCAGGGATATCTTCAA,Tbx18"
"sgRNA_01521,GGTGAGGTGGGCGATGTAGG,Tcf24"
"sgRNA_01522,ATGCGATCAAGACTGTATAT,Tcf24"
"sgRNA_01523,GCTCCAGGAAGGCGTGTCGC,Tcf24"
"sgRNA_01524,ATATACAGTCTTGATCGCAT,Tcf24"
"sgRNA_01525,GCGGGTGAGGTGGGCGATGT,Tcf24"
"sgRNA_01526,GATACTTACCAATTGTGCAG,Tenm1"
"sgRNA_01527,TGTCTGAAAAGAGAACACTC,Tenm1"
"sgRNA_01528,TGGTAGCCGGAGCACAAAGT,Tenm1"
"sgRNA_01529,TGTGATTCGAGGCCAAGTGG,Tenm1"
"sgRNA_01530,GAAACAGAGATACCAGACAT,Tenm1"
"sgRNA_01531,GGGTAGCGAAGCCCAGACAT,Tgm1"
"sgRNA_01532,GTAATCCAGAACCTTCGAGC,Tgm1"
"sgRNA_01533,TGACGGACTCCACAGAACAG,Tgm1"
"sgRNA_01534,GTCGCACGGGAACAAACGTC,Tgm1"
"sgRNA_01535,TGTCCAGGCTGGCAATGAGC,Tgm1"
"sgRNA_01536,GAAAGAAACTCTCCACGTGG,Themis"
"sgRNA_01537,CAGGAAAGAAACTCTCCACG,Themis"
"sgRNA_01538,AGATTCCCAAGAACAGAACA,Themis"
"sgRNA_01539,TAGGCCGTGGGGAACTCCCG,Themis"
"sgRNA_01540,ATTGAAGGGCCAGCAAAACT,Themis"
"sgRNA_01541,AAGCAGGAAAGAGTGCACGT,Tll1"
"sgRNA_01542,GATTACGTGGAGATCTGGAG,Tll1"
"sgRNA_01543,GACTGGTGATGAGACCACTT,Tll1"
"sgRNA_01544,GAAACCCTGCAAGAATCCAG,Tll1"
"sgRNA_01545,GATCACTTACTAATGTGATG,Tll1"
"sgRNA_01546,GAACCCAAAGATGAGACACT,Tmem171"
"sgRNA_01547,GAAAGGAAGCCACAGATCTG,Tmem171"
"sgRNA_01548,GAAGGAGAACCCCAGATCTG,Tmem171"
"sgRNA_01549,GCATCAGAAGGGGCACCCAA,Tmem171"
"sgRNA_01550,AGAACCCAAAGATGAGACAC,Tmem171"
"sgRNA_01551,GAAGGCCCAGAGCAGTACAG,Tmem63c"
"sgRNA_01552,GATGTTGAGTACGAGCACGG,Tmem63c"
"sgRNA_01553,GGGCATGAGCAACCCTCCAG,Tmem63c"
"sgRNA_01554,TGATTTGGATAAGAAGAGGC,Tmem63c"
"sgRNA_01555,GCACCTGCAATTTCTCAATG,Tmem63c"
"sgRNA_01556,GTAGATGGAGACTCTATAAG,Tnc"
"sgRNA_01557,TGAGCAAAATCACAGCCCAA,Tnc"
"sgRNA_01558,TGCTGGGAGCAATTCCAGAG,Tnc"
"sgRNA_01559,GACTCCATGAACTATCACAA,Tnc"
"sgRNA_01560,CGTAGATGGAGACTCTATAA,Tnc"
"sgRNA_01561,GTAGACAAGGTACAACCCAT,Tnf"
"sgRNA_01562,TGAGATAGCAAATCGGCTGA,Tnf"
"sgRNA_01563,TGGTATGAGCCCATATACCT,Tnf"
"sgRNA_01564,TTGTCCCTTGAAGAGAACCT,Tnf"
"sgRNA_01565,GGGGCTTCCAGAACTCCAGG,Tnf"
"sgRNA_01566,TGTTGCTGAGGACAAATATG,Tnfaip3"
"sgRNA_01567,TGCAGCTTGTCAGTACATGT,Tnfaip3"
"sgRNA_01568,TCACCAGGGGTACAAAGTGC,Tnfaip3"
"sgRNA_01569,GGGTGTTCAGGATACTGACC,Tnfaip3"
"sgRNA_01570,AGTGCTGGCTGTCATAGCCT,Tnfaip3"
"sgRNA_01571,GTTGGGCCCAGGTTTCACAA,Tnfaip6"
"sgRNA_01572,GTATCATCGATTATGGAATC,Tnfaip6"
"sgRNA_01573,GCTGCTGGATGGATGGCCAA,Tnfaip6"
"sgRNA_01574,TGGGCCCAGGTTTCACAATG,Tnfaip6"
"sgRNA_01575,GGTCAAAGTCCAAAAAGCTC,Tnfaip6"
"sgRNA_01576,GCAATACACACACTCATCAC,Tnfrsf11b"
"sgRNA_01577,GCTGTGCTGCGCACTCCTGG,Tnfrsf11b"
"sgRNA_01578,AGTGCTTGAGGGCATACATC,Tnfrsf11b"
"sgRNA_01579,TGAAGAAGGCCTCTTCACAC,Tnfrsf11b"
"sgRNA_01580,ATGGTGAAGAAGATCATCCA,Tnfrsf11b"
"sgRNA_01581,GATGCAGGTGACGTTGACGT,Tnfrsf1b"
"sgRNA_01582,TGAGGCAAGCATGTATACCC,Tnfrsf1b"
"sgRNA_01583,GGTGTCAGAGAACGTCCCTG,Tnfrsf1b"
"sgRNA_01584,GACCAGCGCGACCCAGAGGG,Tnfrsf1b"
"sgRNA_01585,GTACGAGTGCCAGATCTCAC,Tnfrsf1b"
"sgRNA_01586,AACATCTGCAGAGTGTGTGC,Tnfrsf9"
"sgRNA_01587,GGGAAACAACTGTTACAACG,Tnfrsf9"
"sgRNA_01588,GTACTGGCGTCTGTCGACCC,Tnfrsf9"
"sgRNA_01589,ATGCTGGAGAAGGTACTTGG,Tnfrsf9"
"sgRNA_01590,GTTCGGCTGTCCACCTATGC,Tnfrsf9"
"sgRNA_01591,GAAGTACATCAACAAATCCC,Tnfsf15"
"sgRNA_01592,GTTCCAGTCCCTCTACCTTG,Tnfsf15"
"sgRNA_01593,GGAAGAAGGAGACAGACTAA,Tnfsf15"
"sgRNA_01594,TGTGTGGTGACATCAGTCGG,Tnfsf15"
"sgRNA_01595,GGGAAATGACAACAGGCAGC,Tnfsf15"
"sgRNA_01596,GGAGCTGAAAACTAAACTGG,Tnip3"
"sgRNA_01597,AGAGGGCGACAGGCAGCTCG,Tnip3"
"sgRNA_01598,TGAACGAAAGATAAAACACT,Tnip3"
"sgRNA_01599,GTTGAAAGAAAACAACGCTC,Tnip3"
"sgRNA_01600,GCCTTGTGCTGTACACGTGG,Tnip3"
"sgRNA_01601,AGAGATGAATGGCAAGAACT,Tppp3"
"sgRNA_01602,TGGAAGAGCTGGCAACTAAG,Tppp3"
"sgRNA_01603,GTTCCTTGCCCGCTATCAGC,Tppp3"
"sgRNA_01604,GCCAGCGGGCAAGAGATGAA,Tppp3"
"sgRNA_01605,TGCTAGAGTAATCAACTATG,Tppp3"
"sgRNA_01606,GTTCTGGTCAAGTAGCATAA,Traf1"
"sgRNA_01607,GCCACAGAGTGAGACCAACG,Traf1"
"sgRNA_01608,GCACAGTCTGCGACTCATGG,Traf1"
"sgRNA_01609,GGTGGAATTACAGCAAACCC,Traf1"
"sgRNA_01610,GCTGGAAGGAGGCTGAGCTC,Traf1"
"sgRNA_01611,GTATAGTCCCGATGACCCTG,Trim6"
"sgRNA_01612,GAACCCCTGAGCATTGATTG,Trim6"
"sgRNA_01613,GGAGAAGAGGGAATCCTGGA,Trim6"
"sgRNA_01614,TGATAGGAGGTCCGGCACAC,Trim6"
"sgRNA_01615,AGAGAACATGGGATCCACCG,Trim6"
"sgRNA_01616,GATCCGCTGATGCTGACCTG,Trim69"
"sgRNA_01617,GGAACCAGTCGTTACACAGA,Trim69"
"sgRNA_01618,AGAGCGGTTTGATTCAAGTG,Trim69"
"sgRNA_01619,CGGAACCAGTCGTTACACAG,Trim69"
"sgRNA_01620,GGTACACGCCCACTCTTCTG,Trim69"
"sgRNA_01621,TAGGAGGAAGATAAACACTC,Trpa1"
"sgRNA_01622,AGCTGAGGCCAAAAGCCAGT,Trpa1"
"sgRNA_01623,AGTAAGTACTCCCTACACAC,Trpa1"
"sgRNA_01624,GTAAGTACTCCCTACACACA,Trpa1"
"sgRNA_01625,GGTGGTTGAGGAGTTCTATG,Trpa1"
"sgRNA_01626,GAATTTGTGAGGTTTGATTC,Tslp"
"sgRNA_01627,TGCAAGTACTAGTACGGATG,Tslp"
"sgRNA_01628,TTATTCTGGAGATTGCATGA,Tslp"
"sgRNA_01629,CCTGACTGGAGATTTGAAAG,Tslp"
"sgRNA_01630,GCCCTCAATGACCACTGCCC,Tslp"
"sgRNA_01631,GATGACCAGCTGCAGCTACG,Twist2"
"sgRNA_01632,GGTGCCCAGACTGTCCACGG,Twist2"
"sgRNA_01633,GAGGAAGTCTATGTACCTGG,Twist2"
"sgRNA_01634,GCACGTTGGCCAGGATGCGC,Twist2"
"sgRNA_01635,GAAGGCCTCGTTGAGCGACT,Twist2"
"sgRNA_01636,TGAGAGATTCGAGACACTTG,Txk"
"sgRNA_01637,TGAGGGGAAGAGATGTCTTT,Txk"
"sgRNA_01638,GAGGTTAGTTCAACTTTACG,Txk"
"sgRNA_01639,GATCGGAAGTGGTCAGTTTG,Txk"
"sgRNA_01640,TGGAGAGGTGTGATCCTCAC,Txk"
"sgRNA_01641,AGTTCGAAGATCCAGCTCAG,Ubd"
"sgRNA_01642,TTGTCCGTTCAGACCAATGG,Ubd"
"sgRNA_01643,AGGTTGTCCGTTCAGACCAA,Ubd"
"sgRNA_01644,TCTGACAACACACTGCACTG,Ubd"
"sgRNA_01645,GAATTGCAACGGAAAGAAGC,Ubd"
"sgRNA_01646,GCTGAGTCTCTCCTGCACCG,Vnn1"
"sgRNA_01647,GATCCCTTTGAGCTCCACAA,Vnn1"
"sgRNA_01648,ATGAGGAAGGACGTCCATCC,Vnn1"
"sgRNA_01649,GTATGGGTAGATCGTATCCC,Vnn1"
"sgRNA_01650,GATGTGGTGTTTGATTCCCA,Vnn1"
"sgRNA_01651,GAAAGGCAAGACAAGGAAAT,Vsig1"
"sgRNA_01652,AAAGGCAGAAAGGCAAGACA,Vsig1"
"sgRNA_01653,GTATTACTGGTATAAGATTG,Vsig1"
"sgRNA_01654,GGCAAGACAAGGAAATAGGA,Vsig1"
"sgRNA_01655,ATCTTATACCAGTAATACAA,Vsig1"
"sgRNA_01656,GGGACGAAGAAGCTTTCCGT,Wnt10a"
"sgRNA_01657,AGAATGCCGCATCACCGAGT,Wnt10a"
"sgRNA_01658,GGACACTGCGTGCACCACCC,Wnt10a"
"sgRNA_01659,GCAGCAGCGCCCCTACTGTG,Wnt10a"
"sgRNA_01660,CGGAAAGGGCTTGAGCCACG,Wnt10a"
"sgRNA_01661,GCATTGCAGAGAGGACACAC,Zfand2a"
"sgRNA_01662,GGGATGGGGGCATTGCAGAG,Zfand2a"
"sgRNA_01663,GCAACTTCTGCATTCAGCAC,Zfand2a"
"sgRNA_01664,GCCATCGGGAGTCAGTTGGC,Zfand2a"
"sgRNA_01665,GGGACACTTATGACCCACGT,Zfand2a"
"sgRNA_01666,GGAGTCAGGGATGTCGACCA,Fer1l6"
"sgRNA_01667,AGTGCTGAGTAAATACCGTG,Fer1l6"
"sgRNA_01668,TTGTCGAAAAGATGCACTTG,Fer1l6"
"sgRNA_01669,GATTATACCGGAAAAATATG,Fer1l6"
"sgRNA_01670,GAACTGATGAAGGAGACACA,Fer1l6"
"sgRNA_01671,AACCTAATACTAATATGAGT,mt-Nd2"
"sgRNA_01672,GATTACCAGAAGTAACTCAA,mt-Nd2"
"sgRNA_01673,TTGTTTATAGTTGAGTACGA,mt-Nd2"
"sgRNA_01674,TTATGAGGTTGAGTAGAGTG,mt-Nd2"
"sgRNA_01675,GTTGCTGCTTCAGTTGATCG,mt-Nd2"
"sgRNA_01676,CTAATGGGACCATTACACCA,Muc16"
"sgRNA_01677,GGAGGCAGGGATACTAATGG,Muc16"
"sgRNA_01678,AGCAGTATCCACAACCACAT,Muc16"
"sgRNA_01679,ATGGGTATCGAATGAAACTG,Muc16"
"sgRNA_01680,AAGACAACAGACACCTCAGT,Muc16"
